master_record_number,agency,agency_tracking_number,county,city,collision_date,vehicles_involved,number_injured,number_dead,latitude,longitude,roadway_name,roadway_suffix,roadway_number,roadway_local_id,distance_from_reference,miles-feet_indicator,direction_from_reference,intersection_road_name,intersection_road_name_suffix,intersection_road_number,intersection_local_id,mile_marker,intersection_indicator,intersect_type,interchange_related_indicator,relation_to_junction,work_zone_type,construction_maintenance_zone,construction_maintenance_zone_location,fatal_case_number,officer_first_name,officer_last_name,weather_condition(s),manner_of_crash,pedestrian,bicycle,scooter,parking,hitrun,mou
103349080,METROPOLITAN NASHVILLE POLICE DEPT,20220329145,Davidson,Nashville,7/5/2022 12:00:00 AM,2,2,0,36.050470,-86.614740,MURFREESBORO,PIKE,,,0.00,,,PIN HOOK,RD,,,0.00,Y,Four-Way,N,Intersection,None,,,         ,Keenan,McCann,Clear,Angle,no,no,no,no,no,False
103349082,METROPOLITAN NASHVILLE POLICE DEPT,20220329185,Davidson,Nashville,7/5/2022 5:21:00 PM,3,0,0,36.149410,-86.773270,I 40,,,,0.00,,,,,,,210.20,N,Not at Intersection,N,Non-Junction,None,,,         ,Garrett,Latham,Clear,Front to Rear,no,no,no,no,yes,False
103349083,METROPOLITAN NASHVILLE POLICE DEPT,20220329160,Davidson,Nashville,7/5/2022 5:05:00 PM,3,1,0,36.162960,-86.761450,I 24,,,,0.00,,,,,,,49.25,N,Not at Intersection,N,Non-Junction,None,,,         ,Kelsey,Hemminger,Clear,Front to Rear,no,no,no,no,no,False
103349085,METROPOLITAN NASHVILLE POLICE DEPT,20220329070,Davidson,Nashville,7/5/2022 2:40:00 PM,1,0,0,36.073630,-86.731970,EDMONDSON PKE,,,,609.00,Feet,North,MILNER DR,,,,0.00,N,Not at Intersection,N,Non-Junction,None,,,         ,Gabriel,Hamilton,Clear,Not Collision with Motor Vehicle in Transport,no,no,no,no,yes,False
103349094,METROPOLITAN NASHVILLE POLICE DEPT,20220329147,Davidson,Nashville,7/5/2022 4:57:00 PM,2,1,0,36.085150,-86.702770,I24 E EXT RAMP,,,,0.00,Feet,,I24 E ENT RAMP,,,,0.00,Y,Four-Way,N,Intersection,None,,,         ,Andrew,Brazee,Clear,Front to Rear,no,no,no,no,no,False
103349098,METROPOLITAN NASHVILLE POLICE DEPT,20220329133,Davidson,Nashville,7/5/2022 4:48:00 PM,3,3,0,36.049680,-86.649040,MT VIEW RD,,,,174.00,Feet,East,BELL RD,,,,0.00,N,Not at Intersection,N,Non-Junction,None,,,         ,Brandon,Simpkins,Clear,Angle,no,no,no,no,yes,False
103349100,METROPOLITAN NASHVILLE POLICE DEPT,20220329094,Davidson,Nashville,7/5/2022 4:19:00 PM,3,1,0,36.275840,-86.735230,I 65,,,,0.00,,,,,,,93.05,N,Not at Intersection,N,Non-Junction,None,,,         ,Miles,Posey,Clear,Front to Rear,no,no,no,no,no,False
103349102,METROPOLITAN NASHVILLE POLICE DEPT,20220329039,Davidson,Goodlettsville,7/5/2022 3:28:00 PM,2,3,0,36.289800,-86.723470,I 65,,,,0.00,,,,,,,94.20,N,Not at Intersection,N,Non-Junction,None,,,         ,DuJuan,Kendrick,Clear,Front to Rear,no,no,no,no,no,False
103349105,METROPOLITAN NASHVILLE POLICE DEPT,20220329163,Davidson,Nashville,7/5/2022 5:10:00 PM,2,2,0,36.081980,-86.900730,HILLMEADE DR,,,,502.00,Feet,North,CRESTMEADE,,,,0.00,N,Not at Intersection,N,Non-Junction,None,,,         ,Brandon,Pedigo,Clear,"Sideswipe, Opposite Direction",no,no,no,yes,no,False
103349110,METROPOLITAN NASHVILLE POLICE DEPT,2022-0328726,Davidson,Nashville,7/5/2022 12:21:00 PM,2,1,0,36.105530,-86.795590,GRANNY WHITE PKE,,,,3.00,Feet,North,MORROW AV,,,,0.00,N,Not at Intersection,N,Non-Junction,None,,,         ,Sean,Williams,Clear,Front to Rear,no,no,no,no,no,False
103349133,METROPOLITAN NASHVILLE POLICE DEPT,20220329242,Davidson,Nashville,7/5/2022 6:00:00 PM,2,0,0,36.233630,-86.724800,GALLATIN PKE,,,,0.00,,,GALLATIN PKE SB EXT RAMP,,,,0.00,Y,Four-Way, ,Intersection,None,,,         ,Jacob,Krispin,"Cloudy, Rain",Angle,no,no,no,no,no,False
103349135,METROPOLITAN NASHVILLE POLICE DEPT,20220329253,Davidson,Nashville,7/5/2022 6:25:00 PM,2,1,0,36.214490,-86.730520,STRATFORD AV,,,,0.00,Feet,,GALLATIN PKE,,,,0.00,Y,T-Intersection,Y,Intersection,None,,,         ,Kelsey,Hemminger,Clear,Front to Rear,no,no,no,no,no,False
103349144,METROPOLITAN NASHVILLE POLICE DEPT,20220329237,Davidson,Nashville,7/5/2022 6:04:00 PM,2,2,0,36.122730,-86.630500,WOODLAND POINTE DR,,,,0.00,Feet,North,BELL RD,,,,0.00,N,Not at Intersection,Y,Non-Junction,None,,,         ,William,Boler,Rain,Front to Rear,no,no,no,no,no,False
103349153,BERRY HILL POLICE DEPT,22-1834,Davidson,Nashville,7/5/2022 12:00:00 AM,1,1,0,36.110590,-86.773330,FRANKLIN PKE,,,,0.00,,,WOODMONT BLVD WB ENT RAMP,,,,0.00,Y,T-Intersection,Y,Entrance/Exit Ramp Related,None,,,         ,John,Gleixner,Cloudy,Not Collision with Motor Vehicle in Transport,no,no,no,no,no,False
103349154,METROPOLITAN NASHVILLE POLICE DEPT,20220329148,Davidson,Nashville,7/5/2022 4:58:00 PM,2,0,0,36.077060,-86.736640,HARDING PL,,,,0.00,Feet,East,SHADESCREST DR,,,,0.00,N,Not at Intersection, ,Non-Junction,None,,,         ,David,Harms,Clear,Angle,no,no,no,no,no,False
103349156,METROPOLITAN NASHVILLE POLICE DEPT,20220329323,Davidson,Nashville,7/5/2022 7:09:00 PM,1,1,0,36.151300,-86.785860,I40 W EXT RAMP,,,,0.00,Feet,East,I 40,,,,0.00,N,Not at Intersection,N,Non-Junction,None,,,         ,Michael,Foster,Clear,Not Collision with Motor Vehicle in Transport,no,no,no,no,no,False
103349157,METROPOLITAN NASHVILLE POLICE DEPT,20220329293,Davidson,Madison,7/5/2022 5:40:00 PM,2,0,0,36.299310,-86.697120,GALLATIN PKEN,,,,230.00,Feet,South,CUDE LN,,,,0.00,N,Not at Intersection,N,Non-Junction,None,,,         ,DuJuan,Kendrick,Clear,Angle,no,no,no,no,no,False
103349168,METROPOLITAN NASHVILLE POLICE DEPT,20220329329,Davidson,Madison,7/5/2022 7:15:00 PM,2,1,0,36.259890,-86.713050,GALLATIN PKES,,,,0.00,Feet,,WOODRUFF ST,,,,0.00,Y,T-Intersection,N,Intersection,None,,,         ,Miles,Posey,Clear,HeadOn,no,no,no,no,no,False
103349187,METROPOLITAN NASHVILLE POLICE DEPT,20220329300,Davidson,Nashville,7/5/2022 6:54:00 PM,2,1,0,36.155630,-86.788640,13TH AVS,,,,0.00,,,,,,,0.00,,,N,Non-Junction,None,,,         ,Ralph,Gault,Clear,Front to Rear,no,no,no,no,no,False
103349212,METROPOLITAN NASHVILLE POLICE DEPT,20220329093,Davidson,Nashville,7/5/2022 1:20:00 PM,2,3,0,36.195180,-86.776160,I 65,,,,0.00,,,,,,,86.50,N,Not at Intersection,N,Non-Junction,None,,,         ,Craig,Paschetti,Clear,"Sideswipe, Same Direction",no,no,no,no,no,False
103349214,METROPOLITAN NASHVILLE POLICE DEPT,20220329310,Davidson,Antioch,7/5/2022 3:19:00 PM,2,0,0,36.059400,-86.599650,HAMILTON CHURCH RD,,,,641.00,Feet,West,HOBSON PKE,,,,0.00,N,Not at Intersection,N,Non-Junction,None,,,         ,Nathaniel,Myers,Clear,Front to Rear,no,no,no,no,no,False
103349216,METROPOLITAN NASHVILLE POLICE DEPT,20220329211,Davidson,Nashville,7/5/2022 5:42:00 PM,2,0,0,36.154630,-86.779160,LAFAYETTE ST,,,,0.00,,,8TH AVS,,,,0.00,Y,Roundabout, ,Intersection-Related,None,,,         ,James,Hill,Clear,Angle,no,no,no,no,no,False
103349272,METROPOLITAN NASHVILLE POLICE DEPT,20220329435,Davidson,Nashville,7/5/2022 8:30:00 PM,2,0,0,36.138590,-86.762330,4TH AVS,,,,80.00,Feet,South,CARNEY ST,,,,0.00,N,Not at Intersection,N,Non-Junction,None,,,         ,Sean,McConnell,Clear,Not Collision with Motor Vehicle in Transport,no,no,no,no,no,False
103349279,METROPOLITAN NASHVILLE POLICE DEPT,20220329269,Davidson,Nashville,7/1/2022 9:00:00 PM,1,0,0,36.159170,-86.803340,JO JOHNSTON AV,,,,296.00,Feet,South,PEARL ST,,,,0.00,N,Not at Intersection,N,Non-Junction,None,,,         ,Hendrik,Kruger,Unknown,Not Collision with Motor Vehicle in Transport,no,no,no,yes,yes,False
103349306,METROPOLITAN NASHVILLE POLICE DEPT,20220329279,Davidson,Nashville,7/5/2022 6:40:00 PM,2,1,0,36.090450,-86.634370,VILLAGE GREEN DR,,,,400.00,Feet,North,DOUBLETREE LN,,,,0.00,N,Not at Intersection,N,Non-Junction,None,,,         ,Phillip,Burke,Clear,Angle,no,no,no,no,no,False
103349330,METROPOLITAN NASHVILLE POLICE DEPT,20220329581,Davidson,Nashville,7/5/2022 9:37:00 PM,2,0,0,36.082740,-86.698090,I 24,,,,0.00,,,,,,,56.00,N,Not at Intersection, ,,Work Zone,,,         ,Holly,Davis,,,no,no,no,no,no,False
103349338,METROPOLITAN NASHVILLE POLICE DEPT,20220329605,Davidson,Not in City Limit,7/5/2022 5:30:00 PM,2,0,0,36.266010,-86.886030,OLD HICKORY BLVD,,,,556.00,Feet,West,GRADY LN,,,,0.00,N,Not at Intersection,N,Non-Junction,None,,,         ,David,Crisman,Clear,Front to Rear,no,no,no,no,yes,False
103349345,METROPOLITAN NASHVILLE POLICE DEPT,20220329796,Davidson,Nashville,7/4/2022 8:20:00 PM,2,0,0,36.209120,-86.777960,BRICK CHURCH PKE,,,,18.00,Feet,North,AVONDALE CIR,,,,0.00,N,Not at Intersection, ,Non-Junction,None,,,         ,Craig,Paschetti,Clear,HeadOn,no,no,no,no,yes,False
103349346,METROPOLITAN NASHVILLE POLICE DEPT,20220329785,Davidson,Nashville,7/5/2022 10:39:00 PM,2,0,0,36.178390,-86.775980,COWAN ST,,,,500.00,Feet,West,SPRING ST,,,,0.00,N,Not at Intersection, ,Non-Junction,None,,,         ,Michael,Foster,Clear,"Sideswipe, Same Direction",no,no,no,yes,yes,False
103349347,METROPOLITAN NASHVILLE POLICE DEPT,20220329299,Davidson,Nashville,7/5/2022 4:35:00 PM,2,0,0,36.186410,-86.818780,26TH AVN,,,,0.00,,,CLARKSVILLE PKE,,,,0.00,Y,Four-Way, ,Non-Junction,None,,,         ,Gabriel,Centeno,Clear,Front to Rear,no,no,no,no,no,False
103349354,METROPOLITAN NASHVILLE POLICE DEPT,20220329869,Davidson,Nashville,7/5/2022 11:45:00 PM,2,1,0,36.152240,-86.625070,BLACKWOOD DR,,,,0.00,,,STEWARTS FERRY PKE,,,,0.00,Y,Four-Way,N,Intersection,None,,,         ,Richard,Luellen,Clear,Not Collision with Motor Vehicle in Transport,no,no,no,no,yes,False
103349370,METROPOLITAN NASHVILLE POLICE DEPT,20220329846,Davidson,Nashville,7/5/2022 11:21:00 PM,2,0,0,36.118010,-86.699950,MURFREESBORO,PIKE,,,0.00,,,BIRLEY,PKWY,,,0.00,Y,Four-Way, ,,None,,,         ,Corey,Ethridge,,,no,no,no,no,no,False
103349377,METROPOLITAN NASHVILLE POLICE DEPT,20220329925,Davidson,Nashville,7/6/2022 12:42:00 AM,2,0,0,36.043200,-86.606870,MURFREESBORO PKE,,,,157.00,Feet,North,HOBSON PKE,,,,0.00,N,Not at Intersection,N,Non-Junction,None,,,         ,Jerrod,Kalinsky,Clear,Front to Rear,no,no,no,no,no,False
103349400,METROPOLITAN NASHVILLE POLICE DEPT,20220330047,Davidson,Nashville,7/6/2022 3:41:00 AM,1,0,0,36.155170,-86.759950,I40 E ENT RAMP,,,,0.00,Feet,East,I 40,,,,0.00,N,Not at Intersection,N,Non-Junction,None,,,         ,Bryson,Wilkins,Clear,Not Collision with Motor Vehicle in Transport,no,no,no,no,no,False
103349413,METROPOLITAN NASHVILLE POLICE DEPT,20220330047,Davidson,Nashville,7/6/2022 3:41:00 AM,2,0,0,36.155150,-86.759930,I40 E ENT RAMP,,,,0.00,Feet,East,I 40,,,,0.00,N,Not at Intersection,N,Non-Junction,None,,,         ,Bryson,Wilkins,Clear,Angle,no,no,no,no,no,False
103349479,METROPOLITAN NASHVILLE POLICE DEPT,20220330125,Davidson,Nashville,7/6/2022 5:35:00 AM,2,1,0,36.251220,-86.841710,CLARKSVILLE PKE,,,,251.00,Feet,East,LLOYD RD,,,,0.00,N,Not at Intersection,N,Non-Junction,None,,,         ,David,Crisman,Clear,Angle,no,no,no,no,no,False
103349482,METROPOLITAN NASHVILLE POLICE DEPT,20220330154,Davidson,Nashville,7/6/2022 6:05:00 AM,2,1,0,36.141070,-86.733160,I 40,,,,0.00,,,,,,,212.75,N,Not at Intersection,N,Non-Junction,None,,,         ,Richard,Luellen,Clear,"Sideswipe, Same Direction",no,no,no,no,yes,False
103349517,METROPOLITAN NASHVILLE POLICE DEPT,20220330169,Davidson,Nashville,7/6/2022 6:18:00 AM,2,2,0,36.156010,-86.788850,13TH AVS,,,,0.00,,,GEORGE L DAVIS BLVD,,,,0.00,Y,Four-Way,N,Intersection,None,,,         ,James,Thornton,Clear,Angle,no,no,no,no,no,False
103349519,METROPOLITAN NASHVILLE POLICE DEPT,20220330248,Davidson,Nashville,7/6/2022 7:10:00 AM,1,0,0,36.229040,-86.843440,BRILEY PKWYW,,,,1131.00,Feet,West,BRILEY PKWYE,,,,0.00,N,Not at Intersection,N,Non-Junction,None,,,         ,James,Wray,Clear,Not Collision with Motor Vehicle in Transport,no,no,no,no,yes,False
103349533,METROPOLITAN NASHVILLE POLICE DEPT,2022-0330223,Davidson,Nashville,7/6/2022 6:50:00 AM,3,1,0,36.182510,-86.607850,ANDREW JACKSON WAY,,,,92.00,Feet,North,OLD HICKORY BLVD,,,,0.00,N,Not at Intersection,N,Non-Junction,None,,,         ,Calvin,Graham,Clear,"Sideswipe, Same Direction",no,no,no,no,no,False
103349534,METROPOLITAN NASHVILLE POLICE DEPT,20220330231,Davidson,Nashville,7/6/2022 6:50:00 AM,1,0,0,36.045310,-86.701850,OLD HICKORY BLVD,,,,51.00,Feet,West,BENZING RD,,,,0.00,N,Not at Intersection,N,Non-Junction,None,,,         ,Leonard,Cato,Clear,Not Collision with Motor Vehicle in Transport,no,no,no,no,no,False
103349591,VANDERBILT UNIVERSITY POLICE,20220328856,Davidson,Nashville,7/5/2022 1:30:00 PM,2,0,0,36.137490,-86.799890,WEDGEWOOD AV,,,,258.00,Feet,East,21ST AVS,,,,0.00,N,Not at Intersection,N,Non-Junction,None,,,         ,Christopher,Dion,Clear,Angle,no,no,no,no,no,Campus
103349594,METROPOLITAN NASHVILLE POLICE DEPT,20220330383,Davidson,Nashville,7/6/2022 8:16:00 AM,2,0,0,36.068500,-86.719480,NOLENSVILLE PKE,,,,154.00,Feet,North,HAYWOOD LN,,,,0.00,N,Not at Intersection,N,Non-Junction,None,,,         ,Stanley,Collins,Clear,Angle,no,no,no,no,yes,False
103349608,METROPOLITAN NASHVILLE POLICE DEPT,20220330365,Davidson,Not in City Limit,7/6/2022 7:43:00 AM,2,0,0,36.010260,-86.702120,NOLENSVILLE PKE,,,,15.00,Feet,South,GOVENORS CT,,,,0.00,N,Not at Intersection,N,Non-Junction,None,,,         ,Joe,Hooper,Clear,Angle,no,no,no,no,no,False
103349631,METROPOLITAN NASHVILLE POLICE DEPT,20220330602,Davidson,Nashville,7/6/2022 10:30:00 AM,2,0,0,36.081100,-86.758360,HARDING PL,,,,2.00,Feet,West,TROUSDALE DR,,,,0.00,N,Not at Intersection, ,Non-Junction,None,,,         ,Megan,Lamon,Clear,Angle,no,no,no,no,no,False
103349641,METROPOLITAN NASHVILLE POLICE DEPT,20220330222,Davidson,Nashville,7/6/2022 6:15:00 AM,2,0,0,36.086690,-86.648540,MURFREESBORO PKE,,,,91.00,Feet,South,NASHBORO BLVD,,,,0.00,N,Not at Intersection, ,Non-Junction,None,,,         ,Dillon,Hanna,Clear,Front to Rear,no,no,no,no,no,False
103349653,METROPOLITAN NASHVILLE POLICE DEPT,20220330710,Davidson,Nashville,7/6/2022 10:02:00 AM,2,0,0,36.206090,-86.811020,YOUNGS LN,,,,0.00,,,W TRINITY LN,,,,0.00,Y,Four-Way,N,Intersection,None,,,         ,James,Wray,Clear,Front to Rear,no,no,no,no,yes,False
103349671,METROPOLITAN NASHVILLE POLICE DEPT,20220330267,Davidson,Nashville,7/6/2022 7:24:00 AM,2,1,0,36.229240,-86.835790,BRILEY PKWYW,,,,40.00,Feet,North,BRILEY PKWYE,,,,0.00,N,Not at Intersection,N,Non-Junction,None,,,         ,Ryan,Worstall,Clear,Front to Rear,no,no,no,no,no,False
103349689,METROPOLITAN NASHVILLE POLICE DEPT,20220330721,Davidson,Nashville,7/6/2022 11:35:00 AM,2,0,0,36.069210,-86.687450,I24 W EXT RAMP,,,,0.00,Feet,East,I 24,,,,0.00,N,Not at Intersection,N,Non-Junction,None,,,         ,Gerald,Gomes,Clear,Front to Rear,no,no,no,no,no,False
103349718,METROPOLITAN NASHVILLE POLICE DEPT,20220330687,Davidson,Nashville,7/6/2022 11:22:00 AM,1,0,0,36.153040,-86.787300,I40 W EXT RAMP,,,,0.00,,,I 40,,,,0.00,Y,OTHER,N,Entrance/Exit Ramp Related,None,,,         ,Johnathan,Carlisle,Clear,Not Collision with Motor Vehicle in Transport,no,no,no,no,no,False
103349719,METROPOLITAN NASHVILLE POLICE DEPT,20220330818,Davidson,Nashville,7/6/2022 12:30:00 PM,2,0,0,36.156500,-86.848810,51ST AVN,,,,4.00,Feet,South,INDIANA AV,,,,0.00,N,Not at Intersection, ,Non-Junction,None,,,         ,Alexis,Pond,Unknown,Other,no,no,no,no,no,False
103349768,METROPOLITAN NASHVILLE POLICE DEPT,20220330750,Davidson,Nashville,7/6/2022 12:00:00 PM,2,0,0,36.087200,-86.692770,HARDING PL,,,,185.00,Feet,West,ANTIOCH PKE,,,,0.00,N,Not at Intersection, ,Non-Junction,None,,,         ,Kody,Littles,Clear,Angle,no,no,no,no,no,False
103349817,METROPOLITAN NASHVILLE POLICE DEPT,20220324385,Davidson,Nashville,7/2/2022 6:12:00 PM,2,1,1,36.021280,-86.616710,OLD HICKORY BLVD,,,,1385.00,Feet,North,OWEN DR,,,,0.00,N,Not at Intersection,N,Non-Junction,None,,,         ,Donald,Davidson,Clear,HeadOn,no,no,no,no,no,False
103349848,METROPOLITAN NASHVILLE POLICE DEPT,20220330528,Davidson,Nashville,7/6/2022 9:45:00 AM,2,1,0,36.166300,-86.805360,DR D B TODD JR BLVD,,,,0.00,,,ALBION ST,,,,0.00,Y,T-Intersection,N,Intersection,None,,,         ,Jean,McCormack,Clear,Angle,no,no,no,no,no,False
103349865,METROPOLITAN NASHVILLE POLICE DEPT,20220330895,Davidson,Nashville,7/6/2022 12:45:00 PM,2,0,0,36.136710,-86.801720,BELCOURT AV,,,,252.00,Feet,West,21ST AVS,,,,0.00,N,Not at Intersection, ,Non-Junction,None,,,         ,Earl,Davis,Clear,"Sideswipe, Same Direction",no,no,no,no,no,Campus
103349881,METROPOLITAN NASHVILLE POLICE DEPT,20220330870,Davidson,Nashville,7/6/2022 11:49:00 AM,2,0,0,36.220610,-86.762060,DICKERSON PKE,,,,237.00,Feet,South,PINE RIDGE DR,,,,0.00,N,Not at Intersection,N,"Driveway, Alley Access, etc",None,,,         ,Ronald,Bright,Cloudy,Angle,no,no,no,no,no,False
103349893,METROPOLITAN NASHVILLE POLICE DEPT,20220330962,Davidson,Not in City Limit,7/6/2022 1:30:00 PM,2,0,0,36.106900,-86.928500,I 40,,,,0.00,,,,,,,198.85,N,Not at Intersection, ,Non-Junction,None,,,         ,Wesley,Tilley,Clear,Angle,no,no,no,no,yes,False
103349899,METROPOLITAN NASHVILLE POLICE DEPT,20220330917,Davidson,Nashville,7/6/2022 10:53:00 AM,2,0,0,36.088210,-86.687230,3509 LAKE TOWNE DR,DR,,,0.00,,East,,,,,0.10,N,Not at Intersection, ,Non-Junction,None,,,         ,Leonard,Cato,Cloudy,"Sideswipe, Same Direction",no,no,no,no,no,False
103349901,METROPOLITAN NASHVILLE POLICE DEPT,20220330909,Davidson,Nashville,7/6/2022 1:20:00 PM,1,1,0,36.154270,-86.792890,16TH AVS,,,,0.00,,,BROADWAY,,,,0.00,Y,Five Point Or More,N,Non-Junction,None,,,         ,Michael,Moss,Clear,Not Collision with Motor Vehicle in Transport,no,no,yes,no,no,False
103349916,METROPOLITAN NASHVILLE POLICE DEPT,20220331016,Davidson,Nashville,7/6/2022 2:30:00 PM,2,0,0,36.153320,-86.775740,EWING AV,,,,0.00,,,LAFAYETTE ST,,,,0.00,Y,Four-Way, ,,None,,,         ,Joshua,Reece,,,no,no,no,no,no,False
103349917,METROPOLITAN NASHVILLE POLICE DEPT,20220331031,Davidson,Nashville,7/6/2022 2:13:00 PM,2,0,0,36.210600,-86.733350,GALLATIN PKE,,,,137.00,Feet,South,GREENFIELD AV,,,,0.00,N,Not at Intersection,N,Non-Junction,None,,,         ,William,Clemons,Clear,"Sideswipe, Same Direction",no,no,no,no,yes,False
103349923,METROPOLITAN NASHVILLE POLICE DEPT,20220330949,Davidson,Nashville,7/6/2022 1:20:00 PM,2,0,0,36.127470,-86.728550,I440 W ENT RAMP,,,,0.00,Feet,East,I 440,,,,0.00,N,Not at Intersection, ,Non-Junction,None,,,         ,Todd,Watson,Clear,Front to Rear,no,no,no,no,no,False
103349949,METROPOLITAN NASHVILLE POLICE DEPT,20220331011,Davidson,Nashville,7/6/2022 2:28:00 PM,2,1,0,36.252980,-86.774990,WESTCHESTER DR,,,,0.00,,,WILLOW CREEK CT,,,,0.00,Y,T-Intersection,N,Intersection,None,,,         ,Christopher,Littles,Clear,HeadOn,no,no,no,no,yes,False
103349976,METROPOLITAN NASHVILLE POLICE DEPT,20220328684,Davidson,Nashville,7/5/2022 12:05:00 PM,2,0,0,36.147490,-86.744040,I 40,,,,0.00,,,,,,,212.00,N,Not at Intersection,N,Non-Junction,None,,,         ,Kaytlin,huyler,Clear,Front to Rear,no,no,no,no,no,False
103349983,METROPOLITAN NASHVILLE POLICE DEPT,20220331169,Davidson,Nashville,7/6/2022 3:15:00 PM,2,0,0,36.153920,-86.787760,I40 W EXT RAMP,,,,0.00,,,I 40,,,,0.00,Y,Four-Way, ,,None,,,         ,Cory,Stratton,,,no,no,no,no,no,False
103349991,GOODLETTSVILLE POLICE DEPT,22-20729,Davidson,Goodlettsville,7/6/2022 2:43:00 PM,2,1,0,36.297950,-86.702880,GLANCY ST,,,,145.00,Feet,East,MEADOW LARK LN,,,,0.00,N,Not at Intersection,N,Non-Junction,None,,,         ,Daniel,Knalls,Clear,"Sideswipe, Same Direction",no,no,no,no,no,False
103349993,METROPOLITAN NASHVILLE POLICE DEPT,20220331190,Davidson,Not in City Limit,7/6/2022 3:40:00 PM,1,0,0,36.070520,-87.002670,MCCRORY LN,,,,0.52,Miles,West,AVONDALE PARK BLVD,,,,0.00,N,Not at Intersection,N,Non-Junction,None,,,         ,Eric,Westbrook,Cloudy,Not Collision with Motor Vehicle in Transport,no,no,no,no,no,False
103349996,METROPOLITAN NASHVILLE POLICE DEPT,20220331119,Davidson,Nashville,7/6/2022 12:24:00 PM,1,0,0,36.082920,-86.898740,BROOKMONT TER,,,,601.00,Feet,South,HILLMEADE DR,,,,0.00,N,Not at Intersection,N,Non-Junction,None,,,         ,Brandon,Pedigo,Cloudy,Not Collision with Motor Vehicle in Transport,no,no,no,no,no,False
103350012,METROPOLITAN NASHVILLE POLICE DEPT,20220331097,Davidson,Nashville,7/6/2022 2:00:00 PM,3,1,0,36.096160,-86.655620,MURFREESBORO PKE,,,,0.00,,,SMITH SPRINGS RD,,,,0.00,Y,T-Intersection,N,Intersection,None,,,         ,Theodore,Flick,Rain,Angle,no,no,no,no,no,False
103350026,METROPOLITAN NASHVILLE POLICE DEPT,2022-0330709,Davidson,Nashville,7/6/2022 11:30:00 AM,2,0,0,36.082100,-86.761700,HARDING PL,,,,0.00,Feet,East,SIDCO DR,,,,0.00,N,Not at Intersection, ,Non-Junction,None,,,         ,Sean,Williams,Clear,Front to Rear,no,no,no,no,no,False
103350027,METROPOLITAN NASHVILLE POLICE DEPT,2022-0330821,Davidson,Nashville,7/6/2022 12:34:00 PM,2,0,0,36.116590,-86.748100,NOLENSVILLE PKE,,,,36.00,Feet,North,JOYNER AV,,,,0.00,N,Not at Intersection,N,Non-Junction,None,,,         ,Sean,Williams,Clear,HeadOn,no,no,no,no,no,False
103350030,METROPOLITAN NASHVILLE POLICE DEPT,20220331282,Davidson,Nashville,7/6/2022 4:50:00 PM,2,2,0,36.151870,-86.850940,CHARLOTTE AV,,,,72.00,Feet,East,53RD AVN,,,,0.00,N,Not at Intersection,N,Non-Junction,None,,,         ,Heather,Fox,Clear,Front to Rear,no,no,no,no,no,False
103350031,METROPOLITAN NASHVILLE POLICE DEPT,20220331183,Davidson,Nashville,7/6/2022 3:54:00 PM,2,1,0,36.089270,-86.732830,NOLENSVILLE PKE,,,,366.00,Feet,South,ZOO RD,,,,0.00,N,Not at Intersection,N,Non-Junction,None,,,         ,Andrew,Brazee,Cloudy,Front to Rear,no,no,no,no,no,False
103350033,METROPOLITAN NASHVILLE POLICE DEPT,20220331272,Davidson,Nashville,7/6/2022 4:30:00 PM,2,0,0,36.188180,-86.726570,GREENWOOD AV,,,,0.00,,,RIVERSIDE DR,,,,0.00,Y,Four-Way,Y,Intersection,None,,,         ,Kelsey,Hemminger,Clear,Angle,no,no,no,no,yes,False
103350037,METROPOLITAN NASHVILLE POLICE DEPT,20220331222,Davidson,Nashville,7/6/2022 4:15:00 PM,2,1,0,36.081870,-86.761070,HARDING PL,,,,204.00,Feet,East,SIDCO DR,,,,0.00,N,Not at Intersection,N,Non-Junction,None,,,         ,Eric,Modransky,Cloudy,Front to Rear,no,no,no,no,no,False
103350040,METROPOLITAN NASHVILLE POLICE DEPT,20220331298,Davidson,Nashville,7/6/2022 3:50:00 PM,2,0,0,36.143650,-86.814250,WEST END AV,,,,22.00,Feet,South,30TH AVN,,,,0.00,N,Not at Intersection,N,Non-Junction,None,,,         ,Cory,Stratton,Cloudy,"Sideswipe, Same Direction",no,no,no,no,yes,Campus
103350049,METROPOLITAN NASHVILLE POLICE DEPT,20220331323,Davidson,Nashville,7/6/2022 5:16:00 PM,2,2,0,36.173900,-86.770260,I 24,,,,0.00,,,,,,,48.15,N,Not at Intersection,N,Non-Junction,None,,,         ,Michael,Foster,Clear,Front to Rear,no,no,no,no,no,False
103350056,METROPOLITAN NASHVILLE POLICE DEPT,20220331358,Davidson,Nashville,7/6/2022 4:37:00 PM,2,0,0,36.242320,-86.756990,DICKERSON PKE,,,,134.00,Feet,North,DICKERSON PKE ENT RAMP,,,,0.00,N,Not at Intersection, ,Non-Junction,None,,,         ,Kyle,Eicholtz,Clear,Angle,no,no,no,no,no,False
103350057,METROPOLITAN NASHVILLE POLICE DEPT,20220331090,Davidson,Nashville,7/5/2022 11:30:00 PM,2,0,0,36.139990,-86.783330,RESERVOIR CT,,,,199.00,Feet,West,HILLSIDE AV,,,,0.00,N,Not at Intersection,N,Non-Junction,None,,,         ,Brady,Reynolds,Clear,Angle,no,no,no,no,yes,False