master_record_number,agency,agency_tracking_number,county,city,collision_date,vehicles_involved,number_injured,number_dead,latitude,longitude,roadway_name,roadway_suffix,roadway_number,roadway_local_id,distance_from_reference,miles-feet_indicator,direction_from_reference,intersection_road_name,intersection_road_name_suffix,intersection_road_number,intersection_local_id,mile_marker,intersection_indicator,intersect_type,interchange_related_indicator,relation_to_junction,work_zone_type,construction_maintenance_zone,construction_maintenance_zone_location,fatal_case_number,officer_first_name,officer_last_name,weather_condition(s),manner_of_crash,pedestrian,bicycle,scooter,parking,hitrun,mou
103353022,METROPOLITAN NASHVILLE POLICE DEPT,20220336775,Davidson,Nashville,7/9/2022 3:22:00 PM,1,1,0,36.143570,-86.746700,MURFREESBORO PKE,,,,289.00,Feet,East,PARRIS AV,,,,0.00,N,Not at Intersection,N,Non-Junction,None,,,         ,Dylan,Colquhoun,Clear,Not Collision with Motor Vehicle in Transport,no,no,no,no,no,False
103353037,METROPOLITAN NASHVILLE POLICE DEPT,20220336915,Davidson,Nashville,7/9/2022 5:18:00 PM,1,0,0,36.234210,-86.719230,BRILEY PKWYE,,,,307.00,Feet,East,BRILEY PKWYW,,,,0.00,N,Not at Intersection,N,Non-Junction,None,,,         ,Chad,Connors,Rain,Not Collision with Motor Vehicle in Transport,no,no,no,no,no,False
103353044,METROPOLITAN NASHVILLE POLICE DEPT,20220336938,Davidson,Nashville,7/9/2022 5:40:00 PM,1,0,0,36.173630,-86.869740,BRILEY PKWYS,,,,76.00,Feet,West,BRILEY PKWYN,,,,0.00,N,Not at Intersection,N,Non-Junction,None,,,         ,Heather,Fox,Rain,Not Collision with Motor Vehicle in Transport,no,no,no,no,no,False
103353046,METROPOLITAN NASHVILLE POLICE DEPT,20220336881,Davidson,Nashville,7/9/2022 4:35:00 PM,1,0,0,36.169690,-86.797300,I 40,,,,0.00,,,,,,,207.80,N,Not at Intersection,N,Non-Junction,None,,,         ,Hendrik,Kruger,Rain,Not Collision with Motor Vehicle in Transport,no,no,no,no,no,False
103353056,METROPOLITAN NASHVILLE POLICE DEPT,20220336946,Davidson,Nashville,7/9/2022 5:51:00 PM,2,0,0,36.217960,-86.775070,I 65,,,,0.00,,,,,,,88.10,N,Not at Intersection,N,Non-Junction,None,,,         ,Anna,Clayton,Cloudy,Front to Rear,no,no,no,no,no,False
103353059,METROPOLITAN NASHVILLE POLICE DEPT,20220336956,Davidson,Nashville,7/9/2022 12:00:00 AM,1,0,0,36.124580,-86.735780,,,I440 E,,0.00,,East,,,,,6.00,N,Not at Intersection,N,Non-Junction,None,,,         ,Michael,Raash,Rain,Not Collision with Motor Vehicle in Transport,no,no,no,no,no,False
103353068,METROPOLITAN NASHVILLE POLICE DEPT,20220336889,Davidson,Nashville,7/9/2022 4:29:00 PM,2,0,0,36.157440,-86.770530,HERMITAGE AV,,,,0.00,Feet,,PEABODY ST,,,,0.00,Y,Four-Way,N,Intersection,None,,,         ,Matthew,Hogan,Cloudy,Front to Rear,no,no,no,no,no,False
103353069,METROPOLITAN NASHVILLE POLICE DEPT,20220336883,Davidson,Nashville,7/9/2022 4:36:00 PM,2,0,0,36.141960,-86.764730,4TH AVS,,,,93.00,Feet,South,HOUSTON ST,,,,0.00,N,Not at Intersection, ,Non-Junction,None,,,         ,Amgad,Bekhit,Cloudy,Front to Rear,no,no,no,no,no,False
103353086,METROPOLITAN NASHVILLE POLICE DEPT,20220336848,Davidson,Nashville,7/9/2022 3:38:00 PM,2,0,0,36.164860,-86.767910,SHELBY AV,,,,0.00,,,S 2ND ST,,,,0.00,Y,Four-Way,N,Intersection,None,,,         ,Ralph,Gault,Cloudy,Front to Rear,no,no,no,no,yes,False
103353098,METROPOLITAN NASHVILLE POLICE DEPT,20220336941,Davidson,Nashville,7/9/2022 5:44:00 PM,3,2,0,36.169370,-86.757570,SHELBY AV,,,,100.00,Feet,East,S 7TH ST,,,,0.00,N,Not at Intersection,N,Non-Junction,None,,,         ,Seth,Wilson,Cloudy,HeadOn,no,no,no,no,no,False
103353140,METROPOLITAN NASHVILLE POLICE DEPT,20220337088,Davidson,Nashville,7/9/2022 8:15:00 PM,1,0,0,36.170340,-86.598800,I 40,,,,0.00,,,,,,,221.00,N,Not at Intersection,N,Non-Junction,None,,,         ,Christian,Stephens,Rain,Not Collision with Motor Vehicle in Transport,no,no,no,no,no,False
103353163,THP District 3 - Nashville,322053872,Davidson,Nashville,7/6/2022 10:00:00 AM,2,0,0,36.118610,-86.726070,I 24,,,,0.00,,,,,,,53.00,N,Not at Intersection, ,Non-Junction,None,,,         ,Jason,Murray,Clear,"Sideswipe, Same Direction",no,no,no,no,no,False
103353164,METROPOLITAN NASHVILLE POLICE DEPT,20220337087,Davidson,Nashville,7/9/2022 5:23:00 PM,2,0,0,36.264320,-86.711480,GALLATIN PKEN,,,,15.00,Feet,North,OLD TIME VILLAGE PVTDR,,,,0.00,N,Not at Intersection,N,Non-Junction,None,,,         ,Miles,Posey,Clear,Angle,no,no,no,no,yes,False
103353218,METROPOLITAN NASHVILLE POLICE DEPT,20220337210,Davidson,Madison,7/9/2022 9:45:00 PM,1,1,0,36.263670,-86.704480,STATE RT 45,,,,0.00,,,DELAWARE AV,,,,0.00,Y,Four-Way,N,Intersection,None,,,         ,Kaleigh,Pearce,Clear,Not Collision with Motor Vehicle in Transport,yes,no,no,no,yes,False
103353221,THP District 3 - Nashville,322054819,Davidson,Not in City Limit,7/9/2022 3:49:00 PM,2,0,0,36.347540,-86.930340,I 24,,,,0.00,,,,,,,31.10,N,Not at Intersection, ,Non-Junction,None,,,         ,Will,Cohan,Clear,Front to Rear,no,no,no,no,no,False
103353230,METROPOLITAN NASHVILLE POLICE DEPT,20220336932,Davidson,Nashville,7/9/2022 5:17:00 PM,3,0,0,36.047700,-86.663330,I 24,,,,0.00,,,,,,,59.10,N,Not at Intersection, ,Non-Junction,None,,,         ,Adam,Kauffman,Clear,Front to Rear,no,no,no,no,no,False
103353231,METROPOLITAN NASHVILLE POLICE DEPT,20220336963,Davidson,Nashville,7/9/2022 6:12:00 PM,2,0,0,36.052500,-86.684450,TUSCULUM RD,,,,0.00,,,SHIHMEN DR,,,,0.00,Y,T-Intersection, ,Intersection,None,,,         ,Adam,Kauffman,Clear,Front to Rear,no,no,no,no,no,False
103353238,METROPOLITAN NASHVILLE POLICE DEPT,20220337300,Davidson,Nashville,7/9/2022 1:48:00 PM,2,0,0,36.058830,-86.670350,MT VIEW RD,,,,27.00,Feet,East,HICKORY HOLLOW PKWY,,,,0.00,N,Not at Intersection, ,Non-Junction,None,,,         ,Michael,Hones,Clear,Angle,no,no,no,no,yes,False
103353239,METROPOLITAN NASHVILLE POLICE DEPT,20220337154,Davidson,Nashville,7/9/2022 7:42:00 PM,1,0,0,36.054390,-86.675230,SHACKLETT LANE CT,,,,71.00,Feet,North,BENZING RD,,,,0.00,N,Not at Intersection,N,Non-Junction,None,,,         ,Sullivan,Souksanh,Clear,Not Collision with Motor Vehicle in Transport,no,no,no,no,yes,False
103353240,METROPOLITAN NASHVILLE POLICE DEPT,20220336976,Davidson,Nashville,7/9/2022 6:27:00 PM,2,0,0,36.099730,-86.871410,HARDING PKE,,,,0.00,,,HIGHWAY 100,,,,0.00,Y,OTHER, ,Intersection-Related,None,,,         ,Andrew,McCarron,Clear,"Sideswipe, Same Direction",no,no,no,no,no,False
103353248,METROPOLITAN NASHVILLE POLICE DEPT,20220337098,Davidson,Not in City Limit,7/9/2022 8:33:00 PM,2,1,0,36.075470,-86.940400,HIGHWAY 70S,,,,0.00,Feet,North,BELLEVUE RD,,,,0.00,N,Not at Intersection,N,Non-Junction,None,,,         ,Justin,Wells,Rain,Angle,no,no,no,no,no,False
103353249,METROPOLITAN NASHVILLE POLICE DEPT,20220337242,Davidson,Nashville,7/9/2022 10:10:00 PM,2,0,0,36.167430,-86.787020,ROSA L PARKS BLVD,,,,1.00,Feet,West,JAMES ROBERTSON PKWY,,,,0.00,N,Not at Intersection,N,Non-Junction,None,,,         ,Tyler,Lewis,Clear,Front to Rear,no,no,no,no,no,False
103353250,METROPOLITAN NASHVILLE POLICE DEPT,20220337227,Davidson,Nashville,7/9/2022 9:48:00 PM,2,0,0,36.198440,-86.620270,LEBANON PKE,,,,0.00,,,OLD HICKORY BLVD,,,,0.00,Y,Four-Way, ,Intersection,None,,,         ,Thomas,Vasquez,Clear,Front to Rear,no,no,no,no,no,False
103353251,METROPOLITAN NASHVILLE POLICE DEPT,20220337307,Davidson,Nashville,7/9/2022 10:45:00 PM,2,0,0,36.149110,-86.775500,I 40,,,,0.00,,,,,,,210.05,N,Not at Intersection,N,Non-Junction,None,,,         ,Courtney,Kirtley,Cloudy,Front to Rear,no,no,no,no,yes,False
103353252,METROPOLITAN NASHVILLE POLICE DEPT,20220337384,Davidson,Nashville,7/9/2022 10:42:00 PM,1,1,0,36.155180,-86.692240,BRILEY PKWYS,,,,162.00,Feet,North,BRILEY PKWY S EXT RAMP,,,,0.00,N,Not at Intersection,N,Non-Junction,None,,,         ,Dylan,Colquhoun,Clear,Not Collision with Motor Vehicle in Transport,no,no,no,no,no,False
103353255,METROPOLITAN NASHVILLE POLICE DEPT,20220337000,Davidson,Nashville,7/9/2022 12:00:00 AM,1,0,0,36.089620,-86.622140,SMITH SPRINGS RD,,,,0.00,Feet,East,RURAL HILL RD,,,,0.00,N,Not at Intersection,N,Non-Junction,None,,,         ,Esther,Poysti,Cloudy,Not Collision with Motor Vehicle in Transport,no,no,no,no,no,False
103353258,METROPOLITAN NASHVILLE POLICE DEPT,20220337078,Davidson,Nashville,7/9/2022 6:03:00 PM,3,0,0,36.167880,-86.800210,JACKSON ST,,,,222.00,Feet,West,14TH AVN,,,,0.00,N,Not at Intersection,N,Non-Junction,None,,,         ,Lucas,Thomas,Cloudy,Angle,no,no,no,no,no,False
103353278,METROPOLITAN NASHVILLE POLICE DEPT,20220337276,Davidson,Nashville,7/9/2022 10:37:00 PM,3,0,0,36.125800,-86.904340,I 40,,,,0.00,,,,,,,200.60,N,Not at Intersection,N,Non-Junction,None,,,         ,Christopher,Alceus,Clear,"Sideswipe, Same Direction",no,no,no,no,yes,False
103353309,METROPOLITAN NASHVILLE POLICE DEPT,20220337598,Davidson,Nashville,7/10/2022 1:33:00 AM,1,0,0,36.157980,-86.772640,2ND AVS,,,,0.00,,,KOREAN VETERANS BLVD,,,,0.00,Y,Four-Way,N,Intersection,None,,,         ,Mena,Mahros,Cloudy,Not Collision with Motor Vehicle in Transport,no,no,no,no,no,False
103353311,METROPOLITAN NASHVILLE POLICE DEPT,20220337130,Davidson,Nashville,7/9/2022 11:19:00 PM,2,2,0,36.045690,-86.721140,OLD HICKORY BLVD,,,,105.00,Feet,West,HICKORY VILLA DR,,,,0.00,N,Not at Intersection,N,Non-Junction,None,,,         ,Nicholas,Hoffmann,Clear,HeadOn,no,no,no,no,no,False
103353313,METROPOLITAN NASHVILLE POLICE DEPT,20220337302,Davidson,Antioch,7/9/2022 2:55:00 PM,2,0,0,36.041510,-86.608880,HOBSON PKE,,,,843.00,Feet,West,MURFREESBORO PKE,,,,0.00,N,Not at Intersection, ,Non-Junction,None,,,         ,Lisa,Beck,Unknown,Angle,no,no,no,no,yes,False
103353323,METROPOLITAN NASHVILLE POLICE DEPT,20220337269,Davidson,Nashville,7/9/2022 10:00:00 PM,2,0,0,36.108420,-86.815850,GREEN HILLS VILLAGE DR,,,,0.00,,,,,,,0.00,,,N,Non-Junction,None,,,         ,Kyle,Lund,Clear,Angle,no,no,no,no,yes,False
103353344,METROPOLITAN NASHVILLE POLICE DEPT,20220336945,Davidson,Nashville,7/9/2022 5:50:00 PM,3,6,0,36.068910,-86.736390,EDMONDSON PKE,,,,367.00,Feet,West,W DURRETT DR,,,,0.00,N,Not at Intersection,N,Non-Junction,None,,,         ,Eric,Modransky,Cloudy,Angle,no,no,no,no,yes,False
103353354,METROPOLITAN NASHVILLE POLICE DEPT,20220337662,Davidson,Nashville,7/10/2022 3:15:00 AM,2,1,0,36.077090,-86.725560,EDMONDSON PKE,,,,0.00,Feet,North,WALLACE RD,,,,0.00,N,Not at Intersection,N,Non-Junction,None,,,         ,Gregory,Rdzok,Cloudy,Angle,no,no,no,no,no,False
103353378,METROPOLITAN NASHVILLE POLICE DEPT,20220337738,Davidson,Nashville,7/10/2022 3:35:00 AM,1,0,0,36.219230,-86.756400,CAPITOL VIEW AV,,,,257.00,Feet,West,JONES AV,,,,0.00,N,Not at Intersection,N,Non-Junction,None,,,         ,Bobby,Ehman,Clear,Not Collision with Motor Vehicle in Transport,no,no,no,yes,yes,False
103353388,METROPOLITAN NASHVILLE POLICE DEPT,20220337741,Davidson,Not in City Limit,7/10/2022 12:00:00 AM,1,0,0,36.274960,-86.715880,E CAMPBELL RD,,,,120.00,Feet,East,OLD AMQUI RD,,,,0.00,N,Not at Intersection,N,Non-Junction,None,,,         ,Thomas,Denenea,Unknown,Unknown,no,no,no,no,yes,False
103353392,METROPOLITAN NASHVILLE POLICE DEPT,20220337296,Davidson,Antioch,7/9/2022 12:00:00 AM,2,0,0,36.058570,-86.597760,HAMILTON CHURCH RD,,,,3.00,Feet,West,HOBSON PKE,,,,0.00,N,Not at Intersection,N,Non-Junction,None,,,         ,Kristopher,Sharpe,Clear,HeadOn,no,no,no,no,yes,False
103353393,METROPOLITAN NASHVILLE POLICE DEPT,20220337678,Davidson,Nashville,7/10/2022 3:10:00 AM,2,1,0,36.092810,-86.678860,HARDING PL,,,,0.00,,,DONELSON PKE,,,,0.00,Y,T-Intersection,N,Non-Junction,None,,,         ,Jerrod,Kalinsky,Clear,Angle,no,no,no,no,no,False
103353399,THP District 9 - Administrative,322054841,Davidson,Hermitage,7/9/2022 5:45:00 PM,2,0,0,36.168625,-86.567757,,,I40,,1.60,Miles,East,,,,,222.60,N,Not at Intersection,N,Non-Junction,None,,,         ,William,Bennett,Rain,Angle,no,no,no,no,no,False
103353400,METROPOLITAN NASHVILLE POLICE DEPT,20220337695,Davidson,Nashville,7/10/2022 4:09:00 AM,1,0,0,36.229610,-86.736040,BROADMOOR DR,,,,394.00,Feet,West,GRA MAR DR,,,,0.00,N,Not at Intersection,N,Non-Junction,None,,,         ,Ronald,Conner,Clear,Not Collision with Motor Vehicle in Transport,no,no,no,no,yes,False
103353403,METROPOLITAN NASHVILLE POLICE DEPT,20220336298,Davidson,Not in City Limit,7/9/2022 12:00:00 AM,1,0,0,36.278130,-86.690440,MYATT DR,,,,0.00,,,MADISON INDUSTRIAL RD,,,,0.00,Y,Four-Way,N,Intersection-Related,None,,,         ,John,Robish,Rain,Not Collision with Motor Vehicle in Transport,no,no,no,no,yes,False
103353414,METROPOLITAN NASHVILLE POLICE DEPT,20220337273,Davidson,Nashville,7/9/2022 9:51:00 PM,2,0,0,36.155040,-86.797520,18TH AVN,,,,0.00,,,CHURCH ST,,,,0.00,Y,Four-Way, ,Intersection,None,,,         ,Alexander,Perry,Clear,Angle,no,no,no,no,no,False
103353436,METROPOLITAN NASHVILLE POLICE DEPT,20220337839,Davidson,Nashville,7/9/2022 10:30:00 PM,2,0,0,36.142360,-86.765260,HOUSTON ST,,,,68.00,Feet,West,4TH AVS,,,,0.00,N,Not at Intersection, ,Non-Junction,None,,,         ,Cecelia,Brown,Clear,"Sideswipe, Same Direction",no,no,no,no,yes,False
103353461,Nashville Airport Police,2022-2844,Davidson,Nashville,7/9/2022 9:48:00 AM,2,3,0,36.109690,-86.671460,KNAPP BLVD,,,,0.00,,,DONELSON PKE,,,,0.00,Y,Four-Way,N,Unknown,None,,,         ,Christopher,Light,Cloudy,Angle,no,no,no,no,yes,False
103353463,METROPOLITAN NASHVILLE POLICE DEPT,20220337674,Davidson,Nashville,7/10/2022 3:18:00 AM,2,0,0,36.041700,-86.748630,OLD HICKORY BLVD,,,,1.00,Feet,West,COPPERFIELD WAY,,,,0.00,N,Not at Intersection,N,Non-Junction,None,,,         ,Sierra,Walker,Clear,"Sideswipe, Same Direction",no,no,no,no,yes,False
103353477,METROPOLITAN NASHVILLE POLICE DEPT,20220337934,Davidson,Nashville,7/8/2022 10:00:00 PM,2,0,0,36.035100,-86.664630,SHIRE DR,,,,144.00,Feet,West,OLD FOREST RD,,,,0.00,N,Not at Intersection, ,Non-Junction,None,,,         ,David,Rehm,Unknown,"Sideswipe, Opposite Direction",no,no,no,no,no,False
103353484,METROPOLITAN NASHVILLE POLICE DEPT,20220337838,Davidson,Nashville,7/10/2022 1:20:00 AM,2,0,0,36.125370,-86.799890,SWEETBRIAR AV,,,,166.00,Feet,East,ALTURA PL,,,,0.00,N,Not at Intersection,N,Non-Junction,None,,,         ,Lee,Davis,Unknown,Front to Rear,no,no,no,no,no,False
103353538,METROPOLITAN NASHVILLE POLICE DEPT,20220338049,Davidson,Nashville,7/10/2022 12:00:00 AM,2,0,0,36.167800,-86.658820,LEBANON PKE,,,,613.00,Feet,West,DONELSONWOOD DR,,,,0.00,N,Not at Intersection,N,Non-Junction,None,,,         ,Ashley,Kappenmacher,Clear,HeadOn,no,no,no,no,no,False
103353596,METROPOLITAN NASHVILLE POLICE DEPT,20220338147,Davidson,Nashville,7/10/2022 12:15:00 PM,1,0,0,36.046540,-86.683350,BELL RD,,,,2.00,Feet,East,BRENTRIDGE DR,,,,0.00,N,Not at Intersection,N,Non-Junction,None,,,         ,Timothy,Ward,Clear,Not Collision with Motor Vehicle in Transport,no,no,no,yes,yes,False
103353621,METROPOLITAN NASHVILLE POLICE DEPT,20220338187,Davidson,Nashville,7/10/2022 1:15:00 PM,2,0,0,36.114280,-86.706880,BRILEY PKWYS,,,,456.00,Feet,East,BRILEY PKWYN,,,,0.00,N,Not at Intersection, ,Non-Junction,None,,,         ,Zachary,Wilbanks,Clear,Front to Rear,no,no,no,no,no,False
103353623,METROPOLITAN NASHVILLE POLICE DEPT,20220338162,Davidson,Not in City Limit,7/10/2022 12:00:00 PM,2,1,0,36.263200,-86.713280,OLD HICKORY BLVDW,,,,403.00,Feet,West,GALLATIN PKEN,,,,0.00,N,Not at Intersection,N,Non-Junction,None,,,         ,William,Coy,Clear,Angle,no,no,no,no,no,False
103353630,METROPOLITAN NASHVILLE POLICE DEPT,20220338166,Davidson,Nashville,7/10/2022 12:36:00 PM,2,0,0,36.199600,-86.776240,I 65,,,,0.00,,,,,,,86.80,N,Not at Intersection, ,Non-Junction,None,,,         ,Miranda,Vaughn,Clear,Front to Rear,no,no,no,no,no,False
103353696,METROPOLITAN NASHVILLE POLICE DEPT,20220338245,Davidson,Nashville,7/10/2022 1:25:00 PM,2,0,0,36.184520,-86.797790,I 65,,,,0.00,,,,,,,85.15,N,Not at Intersection, ,Non-Junction,None,,,         ,Chase,Harriman,Clear,Front to Rear,no,no,no,no,no,False
103353730,METROPOLITAN NASHVILLE POLICE DEPT,20220338239,Davidson,Nashville,7/10/2022 4:07:00 AM,1,0,0,36.161160,-86.817570,27TH AVN,,,,0.00,,,BATAVIA ST,,,,0.00,Y,T-Intersection,N,Intersection-Related,None,,,         ,Alex,Gibson,Unknown,Not Collision with Motor Vehicle in Transport,no,no,no,no,yes,False
103353732,METROPOLITAN NASHVILLE POLICE DEPT,20220338205,Davidson,Nashville,7/10/2022 1:10:00 PM,2,2,0,36.139000,-86.665800,DONELSON PKE,,,,0.00,,,I40 E ENT RAMP,,,,0.00,Y,OTHER,N,Non-Junction,None,,,         ,Tyler,Hall,Clear,Angle,no,no,no,no,no,False
103353735,METROPOLITAN NASHVILLE POLICE DEPT,20220338291,Davidson,Nashville,7/10/2022 2:00:00 PM,2,0,0,36.045360,-86.713270,OLD HICKORY BLVD,,,,2.00,Feet,West,NOLENSVILLE PKE,,,,0.00,N,Not at Intersection, ,,None,,,         ,Timothy,Ward,,,no,no,no,no,no,False
103353746,METROPOLITAN NASHVILLE POLICE DEPT,20220338275,Davidson,Nashville,7/10/2022 2:25:00 PM,2,0,0,36.191600,-86.785570,I 65,,,,0.00,,,,,,,86.00,N,Not at Intersection,N,Non-Junction,None,,,         ,Chase,Harriman,Clear,Front to Rear,no,no,no,no,no,False
103353747,METROPOLITAN NASHVILLE POLICE DEPT,20220338237,Davidson,Nashville,7/10/2022 1:56:00 PM,2,1,0,36.203070,-86.689830,OPRY MILLS DR,,,,526.00,Feet,West,BRILEY PKWYS,,,,0.00,N,Not at Intersection,N,Non-Junction,None,,,         ,Cameron,Fritschie,Clear,"Sideswipe, Same Direction",no,no,no,no,yes,False
103353748,METROPOLITAN NASHVILLE POLICE DEPT,20220338217,Davidson,Nashville,7/10/2022 1:29:00 PM,2,2,0,36.145800,-86.764580,CHESTNUT ST,,,,47.00,Feet,East,2ND AVS,,,,0.00,N,Not at Intersection,N,Non-Junction,None,,,         ,Luis,Pena,Clear,Angle,no,no,no,no,no,False
103353762,GOODLETTSVILLE POLICE DEPT,22-20922,Davidson,Goodlettsville,7/8/2022 2:55:00 PM,2,0,0,36.300730,-86.700950,RIVERGATE PKWY,,,,0.00,,,BLUEBIRD DR,,,,0.00,Y,Four-Way, ,Intersection,None,,,         ,Sam,Buchanan,Clear,"Sideswipe, Same Direction",no,no,no,no,no,False
103353765,METROPOLITAN NASHVILLE POLICE DEPT,20220338322,Davidson,Nashville,7/10/2022 3:00:00 PM,2,1,0,36.180390,-86.803820,BUCHANAN ST,,,,2.00,Feet,West,OWEN ST,,,,0.00,N,Not at Intersection,N,Non-Junction,None,,,         ,Kaitlyn,Powell,Clear,Angle,no,no,no,no,yes,False
103353767,METROPOLITAN NASHVILLE POLICE DEPT,20220338343,Davidson,Nashville,7/10/2022 3:45:00 PM,2,0,0,36.044910,-86.659880,BELL RD,,,,15.00,Feet,West,I24 E ENT RAMP,,,,0.00,N,Not at Intersection,Y,Entrance/Exit Ramp Related,None,,,         ,Adam,Kauffman,Clear,Angle,no,no,no,no,no,False
103353783,METROPOLITAN NASHVILLE POLICE DEPT,20220338406,Davidson,Nashville,7/10/2022 4:30:00 PM,1,0,0,36.078200,-86.815350,TYNE BLVD,,,,453.00,Feet,East,MOUNTAINVIEW DR,,,,0.00,N,Not at Intersection,N,Non-Junction,None,,,         ,Tyler,Shanks,Clear,Unknown,no,no,no,no,yes,False
103353796,METROPOLITAN NASHVILLE POLICE DEPT,20220338399,Davidson,Nashville,7/10/2022 4:12:00 PM,2,1,0,36.142330,-86.764990,4TH AVS,,,,0.00,,,HART ST,,,,0.00,Y,Four-Way,Y,Non-Junction,None,,,         ,Nicholas,Hoffmann,Clear,Front to Rear,no,no,no,no,yes,False
103353810,METROPOLITAN NASHVILLE POLICE DEPT,20220338396,Davidson,Nashville,7/10/2022 4:41:00 PM,2,1,0,36.136030,-86.698680,ARBOR CREEK BLVD,,,,0.00,Feet,West,BRILEY PKWYN,,,,0.00,N,Not at Intersection,N,Non-Junction,None,,,         ,William,Boler,Clear,Angle,no,no,no,no,no,False
103353822,METROPOLITAN NASHVILLE POLICE DEPT,20220338332,Davidson,Nashville,7/10/2022 2:52:00 PM,2,0,0,36.090020,-86.733660,NOLENSVILLE PKE,,,,0.00,Feet,East,ZOO RD,,,,0.00,N,Not at Intersection, ,Non-Junction,None,,,         ,David,Harms,Cloudy,Front to Rear,no,no,no,no,no,False
103353823,METROPOLITAN NASHVILLE POLICE DEPT,20220338455,Davidson,Nashville,7/10/2022 5:39:00 PM,2,1,0,36.133330,-86.726890,I24E,,,,70.00,Feet,East,I24 W EXT RAMP,,,,0.00,N,Not at Intersection,N,Non-Junction,None,,,         ,Dalton,Crum,Clear,Front to Rear,no,no,no,no,no,False
103353877,METROPOLITAN NASHVILLE POLICE DEPT,20220338542,Davidson,Nashville,7/10/2022 6:24:00 PM,2,0,0,36.059100,-86.714290,TUSCULUM RD,,,,0.00,,,RAYWOOD LN,,,,0.00,Y,OTHER,Y,Intersection,None,,,         ,Adam,Kauffman,Clear,Angle,no,no,no,no,no,False
103353904,METROPOLITAN NASHVILLE POLICE DEPT,20220338365,Davidson,Nashville,7/10/2022 3:55:00 PM,2,0,0,36.051530,-86.622730,MT VIEW RD,,,,2.00,Feet,East,MT VIEW CIR,,,,0.00,N,Not at Intersection, ,Non-Junction,None,,,         ,Michael,Hones,Clear,HeadOn,no,no,no,no,yes,False
103353938,METROPOLITAN NASHVILLE POLICE DEPT,20220338637,Davidson,Nashville,7/10/2022 7:02:00 PM,1,1,0,36.211880,-86.732400,GALLATIN PKE,,,,91.00,Feet,South,HOWARD AV,,,,0.00,N,Not at Intersection,N,Non-Junction,None,,,         ,Trevor,Jones,Clear,Not Collision with Motor Vehicle in Transport,no,no,no,no,no,False
103353990,METROPOLITAN NASHVILLE POLICE DEPT,20220338653,Davidson,Nashville,7/10/2022 8:51:00 PM,3,0,0,36.156910,-86.786710,BROADWAY,,,,183.00,Feet,West,11TH AVN,,,,0.00,N,Not at Intersection,N,OtherLocation,None,,,         ,Douglas,Hart,Clear,Rear to Side,no,no,no,yes,no,False
103353992,THP District 3 - Nashville,322055098,Davidson,Nashville,7/10/2022 2:20:00 PM,2,0,0,36.040430,-86.782610,I 65,,,,0.00,,,,,,,74.80,N,Not at Intersection, ,Non-Junction,None,,,         ,Per,Hser,Clear,"Sideswipe, Same Direction",no,no,no,no,no,False
103353997,METROPOLITAN NASHVILLE POLICE DEPT,20220338650,Davidson,Nashville,7/10/2022 8:56:00 PM,2,1,0,36.189530,-86.837690,HYDES FERRY RD,,,,0.00,Feet,,COUNTY HOSPITAL RD,,,,0.00,Y,Four-Way,N,Intersection,None,,,         ,Robert,Laboy,Clear,Angle,no,no,no,no,no,False
103354044,METROPOLITAN NASHVILLE POLICE DEPT,20220338857,Davidson,Nashville,7/10/2022 10:49:00 PM,2,0,0,36.217490,-86.693210,BRILEY PKWY S EXT RAMP,,,,0.00,Feet,East,MCGAVOCK PKE EB ENT RAMP,,,,0.00,N,Not at Intersection, ,Non-Junction,None,,,         ,Bryson,Wilkins,Clear,Angle,no,no,no,no,no,False
103354048,METROPOLITAN NASHVILLE POLICE DEPT,20220338843,Davidson,Nashville,7/10/2022 12:00:00 AM,2,0,0,36.169060,-86.757760,S 7TH ST,,,,76.00,Feet,South,SHELBY AV,,,,0.00,N,Not at Intersection,N,Non-Junction,None,,,         ,Vincent,McCrary,Clear,Front to Rear,no,no,no,no,yes,False
103354049,METROPOLITAN NASHVILLE POLICE DEPT,20220338728,Davidson,Nashville,7/10/2022 9:55:00 PM,1,0,0,36.130660,-86.838020,CHEROKEE RD,,,,148.00,Feet,North,WEST END AV,,,,0.00,N,Not at Intersection,N,OtherLocation,None,,,         ,Justin,McCormick,Clear,Not Collision with Motor Vehicle in Transport,no,no,no,no,no,False
103354075,METROPOLITAN NASHVILLE POLICE DEPT,20220338805,Davidson,Nashville,7/10/2022 10:23:00 PM,2,0,0,36.189150,-86.832780,HAILEY AV,,,,127.00,Feet,North,DOAK AV,,,,0.00,N,Not at Intersection, ,Non-Junction,None,,,         ,Craig,Paschetti,Clear,"Sideswipe, Same Direction",no,no,no,yes,yes,False
103354085,METROPOLITAN NASHVILLE POLICE DEPT,20220338593,Davidson,Not in City Limit,7/10/2022 7:55:00 PM,2,2,0,36.272570,-86.694620,MAY DR,,,,3.00,Feet,North,ANDERSON LN,,,,0.00,N,Not at Intersection,N,Non-Junction,None,,,         ,Wesley,Carver,Clear,Front to Rear,no,no,no,no,no,False
103354089,METROPOLITAN NASHVILLE POLICE DEPT,20220338788,Davidson,Nashville,7/10/2022 10:16:00 PM,2,0,0,36.050510,-86.668170,I 24,,,,0.00,,,,,,,58.80,N,Not at Intersection,N,Non-Junction,None,,,         ,Sullivan,Souksanh,Clear,Front to Rear,no,no,no,no,no,False