master_record_number,agency,agency_tracking_number,county,city,collision_date,vehicles_involved,number_injured,number_dead,latitude,longitude,roadway_name,roadway_suffix,roadway_number,roadway_local_id,distance_from_reference,miles-feet_indicator,direction_from_reference,intersection_road_name,intersection_road_name_suffix,intersection_road_number,intersection_local_id,mile_marker,intersection_indicator,intersect_type,interchange_related_indicator,relation_to_junction,work_zone_type,construction_maintenance_zone,construction_maintenance_zone_location,fatal_case_number,officer_first_name,officer_last_name,weather_condition(s),manner_of_crash,pedestrian,bicycle,scooter,parking,hitrun,mou
103354090,METROPOLITAN NASHVILLE POLICE DEPT,20220338788,Davidson,Nashville,7/10/2022 10:16:00 PM,2,0,0,36.050510,-86.668170,I 24,,,,0.00,,,,,,,58.80,N,Not at Intersection,N,Non-Junction,None,,,         ,Sullivan,Souksanh,Clear,Front to Rear,no,no,no,no,no,False
103354094,METROPOLITAN NASHVILLE POLICE DEPT,20220339004,Davidson,Nashville,7/11/2022 12:29:00 AM,2,0,0,36.051510,-86.714360,OCALA DR,,,,0.00,Feet,,NOLENSVILLE PKE,,,,0.00,Y,Four-Way,N,Intersection,None,,,         ,Michael,Overberg,Clear,Angle,no,no,no,no,yes,False
103354133,METROPOLITAN NASHVILLE POLICE DEPT,20220338715,Davidson,Nashville,7/10/2022 9:49:00 PM,2,2,0,36.250110,-86.718920,GALLATIN PKES,,,,281.00,Feet,South,MOVING CENTER CT,,,,0.00,N,Not at Intersection,N,Non-Junction,None,,,         ,Jose,Oliveros,Clear,Front to Rear,no,no,no,no,no,False
103354184,METROPOLITAN NASHVILLE POLICE DEPT,20220338794,Davidson,Nashville,7/10/2022 10:38:00 PM,2,1,0,36.206620,-86.777900,W TRINITY LN,,,,0.00,Feet,,BRICK CHURCH PKE,,,,0.00,Y,Four-Way,N,Intersection,None,,,         ,James,Harben,Clear,Angle,no,no,no,no,no,False
103354187,METROPOLITAN NASHVILLE POLICE DEPT,20220338233,Davidson,Nashville,7/10/2022 1:54:00 PM,1,0,0,36.116810,-86.878530,DAVIDSON RD,,,,242.00,Feet,West,BRESSLYN RD,,,,0.00,N,Not at Intersection,N,Non-Junction,None,,,         ,Robert,Allen,Clear,Not Collision with Motor Vehicle in Transport,no,no,no,no,no,False
103354198,METROPOLITAN NASHVILLE POLICE DEPT,20220332662,Davidson,Nashville,7/7/2022 8:57:00 AM,1,0,1,36.120040,-86.830470,LYNNBROOK RD,,,,226.00,Feet,North,OAKLAWN AV,,,,0.00,N,Not at Intersection,N,Non-Junction,None,,,         ,Donald,Davidson,Clear,Not Collision with Motor Vehicle in Transport,no,no,no,no,no,False
103354215,METROPOLITAN NASHVILLE POLICE DEPT,20220339245,Davidson,Nashville,7/11/2022 12:00:00 AM,2,0,0,36.137340,-86.777280,ALLOWAY ST,,,,307.00,Feet,West,RIDLEY BLVD,,,,0.00,N,Not at Intersection,N,Non-Junction,None,,,         ,Kyle,Kinsman,Clear,"Sideswipe, Same Direction",no,no,no,no,yes,False
103354219,METROPOLITAN NASHVILLE POLICE DEPT,20220339217,Davidson,Nashville,7/11/2022 5:56:00 AM,2,0,0,36.187720,-86.794630,I 65,,,,0.00,,,,,,,85.40,N,Not at Intersection, ,Non-Junction,None,,,         ,James,Harben,Clear,"Sideswipe, Same Direction",no,no,no,no,no,False
103354237,METROPOLITAN NASHVILLE POLICE DEPT,20220339324,Davidson,Nashville,7/11/2022 7:02:00 AM,2,3,0,36.216780,-86.623510,OLD HICKORY BLVD,,,,0.00,,,2ND ST,,,,0.00,Y,Four-Way,N,Intersection,None,,,         ,Brian,Ritz,Clear,Front to Rear,no,no,no,no,no,False
103354244,METROPOLITAN NASHVILLE POLICE DEPT,20220339445,Davidson,Nashville,7/11/2022 8:05:00 AM,2,1,0,36.152020,-86.847210,CHARLOTTE AV,,,,0.00,Feet,West,50TH AVN,,,,0.00,N,Not at Intersection,N,Non-Junction,None,,,         ,Douglas,Atwood,Clear,Angle,no,no,no,no,no,False
103354248,METROPOLITAN NASHVILLE POLICE DEPT,20220339379,Davidson,Nashville,7/11/2022 7:35:00 AM,4,2,0,36.116060,-86.725050,I 24,,,,0.00,,,,,,,53.20,N,Not at Intersection,N,Non-Junction,None,,,         ,Eric,Burford,Clear,Front to Rear,no,no,no,no,no,False
103354265,METROPOLITAN NASHVILLE POLICE DEPT,20220339543,Davidson,Nashville,7/11/2022 8:27:00 AM,2,0,0,36.151870,-86.851180,53RD AVN,,,,5.00,Feet,North,CHARLOTTE AV,,,,0.00,N,Not at Intersection,N,Non-Junction,None,,,         ,Douglas,Atwood,Clear,Front to Rear,no,no,no,no,no,False
103354267,METROPOLITAN NASHVILLE POLICE DEPT,20220339524,Davidson,Nashville,7/11/2022 7:48:00 AM,2,0,0,36.169360,-86.679890,LEBANON PKE,,,,0.00,Feet,,MCGAVOCK PKE,,,,0.00,Y,Four-Way, ,Intersection-Related,None,,,         ,Cameron,Fritschie,Clear,Front to Rear,no,no,no,no,no,False
103354299,METROPOLITAN NASHVILLE POLICE DEPT,20220339569,Davidson,Nashville,7/11/2022 9:10:00 AM,2,1,0,36.069150,-86.720270,NOLENSVILLE PKE,,,,311.00,Feet,East,TAYLOR RD,,,,0.00,N,Not at Intersection,N,"Driveway, Alley Access, etc",None,,,         ,Todd,Watson,Clear,Angle,no,no,no,no,no,False
103354303,METROPOLITAN NASHVILLE POLICE DEPT,20220339802,Davidson,Nashville,7/11/2022 8:45:00 AM,2,0,0,36.138860,-86.819600,WEST END AV,,,,230.00,Feet,South,ORLEANS DR,,,,0.00,N,Not at Intersection,N,Non-Junction,None,,,         ,Earl,Davis,Clear,"Sideswipe, Same Direction",no,no,no,no,yes,False
103354305,METROPOLITAN NASHVILLE POLICE DEPT,20220339739,Davidson,Nashville,7/11/2022 11:13:00 AM,2,1,0,36.164830,-86.755320,S 7TH ST,,,,71.00,Feet,North,LENORE ST,,,,0.00,N,Not at Intersection,N,Non-Junction,None,,,         ,William,Clemons,Clear,Front to Rear,no,no,no,no,yes,False
103354310,METROPOLITAN NASHVILLE POLICE DEPT,20220339650,Davidson,Nashville,7/11/2022 8:57:00 AM,2,0,0,36.146000,-86.821930,I 440,,,,0.00,,,I 440,,,,0.00,Y,OTHER,N,Non-Junction,None,,,         ,Cecelia,Brown,Clear,"Sideswipe, Same Direction",no,no,no,no,no,False
103354324,METROPOLITAN NASHVILLE POLICE DEPT,20220339818,Davidson,Not in City Limit,7/11/2022 11:42:00 AM,2,0,0,36.263070,-86.711920,STATE RT 45,,,,0.00,,,GALLATIN PKEN,,,,0.00,Y,Four-Way, ,Intersection,None,,,         ,Christopher,Littles,Clear,"Sideswipe, Same Direction",no,no,no,no,no,False
103354332,METROPOLITAN NASHVILLE POLICE DEPT,20220339707,Davidson,Nashville,7/11/2022 10:51:00 AM,3,0,0,36.149300,-86.747310,I 40,,,,0.00,,,,,,,211.80,N,Not at Intersection,N,Non-Junction,None,,,         ,Cameron,Fritschie,Clear,Angle,no,no,no,no,yes,False
103354353,METROPOLITAN NASHVILLE POLICE DEPT,20220339889,Davidson,Nashville,7/11/2022 11:46:00 AM,2,0,0,36.134830,-86.788460,W GROVE AV,,,,175.00,Feet,East,12TH AVS,,,,0.00,N,Not at Intersection, ,Non-Junction,None,,,         ,Earl,Davis,Clear,HeadOn,no,no,no,no,no,False
103354357,THP District 3 - Nashville,322053183,Davidson,Nashville,7/4/2022 1:26:00 PM,2,0,0,36.146220,-86.742070,I 40,,,,0.00,,,,,,,212.15,N,Not at Intersection, ,Non-Junction,None,,,         ,Alexander,Campbell,Cloudy,"Sideswipe, Same Direction",no,no,no,no,no,False
103354390,GOODLETTSVILLE POLICE DEPT,22-20264,Davidson,Goodlettsville,7/2/2022 2:57:00 PM,2,0,0,36.312090,-86.706530,TWO MILE PIKE,,,,11.00,Feet,South,MILE PIKE,,,,0.00,N,Not at Intersection,N,Non-Junction,None,,,         ,Jovan,Martin,Clear,Angle,no,no,no,no,no,False
103354391,VANDERBILT UNIVERSITY POLICE,20220339838,Davidson,Nashville,7/11/2022 7:40:00 AM,2,0,0,36.140840,-86.812610,31ST AVS,,,,0.00,,,,,,,0.00,,, ,Non-Junction,None,,,         ,Christopher,Dion,Clear,"Sideswipe, Opposite Direction",no,no,no,yes,no,Campus
103354436,METROPOLITAN NASHVILLE POLICE DEPT,20220339778,Davidson,Nashville,7/11/2022 11:31:00 AM,3,2,0,36.140990,-86.816910,33RD AVS,,,,85.00,Feet,South,WEST END AV,,,,0.00,N,Not at Intersection,N,Non-Junction,None,,,         ,Cecelia,Brown,Clear,"Sideswipe, Same Direction",no,no,no,no,no,False
103354451,METROPOLITAN NASHVILLE POLICE DEPT,2022-0339655,Davidson,Nashville,7/11/2022 9:53:00 AM,2,1,0,36.110110,-86.780970,WOODMONT BLVD,,,,0.00,Feet,East,WILBUR PL,,,,0.00,N,Not at Intersection,N,Non-Junction,None,,,         ,Sean,Williams,Clear,Front to Rear,no,no,no,no,no,False
103354462,METROPOLITAN NASHVILLE POLICE DEPT,20220340000,Davidson,Nashville,7/2/2022 12:00:00 AM,1,0,0,36.057490,-86.620370,MURFREESBORO PKE,,,,1254.00,Feet,North,MT VIEW RD,,,,0.00,N,Not at Intersection,N,Non-Junction,None,,,         ,Eric,Burford,Clear,Not Collision with Motor Vehicle in Transport,no,no,no,no,yes,False
103354463,METROPOLITAN NASHVILLE POLICE DEPT,20220340034,Davidson,Nashville,7/11/2022 2:00:00 PM,2,0,0,36.045740,-86.674350,BELL RD,,,,0.00,,,BLUE HOLE RD,,,,0.00,Y,Four-Way, ,Intersection,None,,,         ,Thomas,White,Clear,Angle,no,no,no,no,no,False
103354483,METROPOLITAN NASHVILLE POLICE DEPT,20220339973,Davidson,Not in City Limit,7/11/2022 1:05:00 PM,2,0,0,36.324490,-86.869110,I 24,,,,0.00,,,,,,,34.90,N,Not at Intersection,N,Non-Junction,None,,,         ,Chase,Harriman,Clear,"Sideswipe, Same Direction",no,no,no,no,no,False
103354509,METROPOLITAN NASHVILLE POLICE DEPT,20220339989,Davidson,Nashville,7/11/2022 12:00:00 AM,1,0,0,36.234340,-86.767530,CREEKWOOD DR,,,,1308.00,Feet,South,OAKVIEW DR,,,,0.00,N,Not at Intersection,N,Non-Junction,None,,,         ,Christopher,Littles,Clear,Not Collision with Motor Vehicle in Transport,no,no,no,no,yes,False
103354510,METROPOLITAN NASHVILLE POLICE DEPT,20220340072,Davidson,Nashville,7/11/2022 1:49:00 PM,2,0,0,36.254260,-86.777190,BRICK CHURCH PKE,,,,451.00,Feet,North,WESTCHESTER DR,,,,0.00,N,Not at Intersection, ,,Construction Zone,,,         ,Christopher,Littles,,,no,no,no,no,no,False
103354522,METROPOLITAN NASHVILLE POLICE DEPT,20220340050,Davidson,Nashville,7/11/2022 1:50:00 PM,2,0,0,36.162420,-86.759300,CRUTCHER ST,,,,0.00,Feet,,S 5TH ST,,,,0.00,Y,T-Intersection, ,Intersection,None,,,         ,William,Clemons,Clear,Front to Rear,no,no,no,no,no,False
103354529,METROPOLITAN NASHVILLE POLICE DEPT,20220339971,Davidson,Nashville,7/11/2022 1:22:00 PM,1,2,0,36.151630,-86.851940,CHARLOTTE AV,,,,50.00,Feet,East,MORROW RD,,,,0.00,N,Not at Intersection,N,Non-Junction,None,,,         ,Tony,Folad,Clear,Not Collision with Motor Vehicle in Transport,no,no,no,no,no,False
103354530,METROPOLITAN NASHVILLE POLICE DEPT,20220339951,Davidson,Nashville,7/11/2022 12:45:00 PM,2,0,0,36.195650,-86.619470,OLD HICKORY BLVD,,,,49.00,Feet,West,LEBANON PKE EB EXT RAMP,,,,0.00,N,Not at Intersection,N,Non-Junction,None,,,         ,Larry,Benz,,Angle,no,no,no,no,yes,False
103354537,METROPOLITAN NASHVILLE POLICE DEPT,20220339914,Davidson,Not in City Limit,7/11/2022 10:45:00 AM,1,0,0,36.300200,-86.857570,BEAR HOLLOW RD,,,,332.00,Feet,West,WHITES CREEK PKE,,,,0.00,N,Not at Intersection,N,Non-Junction,None,,,         ,Jedidayah,Merriweather,Clear,Not Collision with Motor Vehicle in Transport,no,no,no,yes,no,False
103354547,METROPOLITAN NASHVILLE POLICE DEPT,20220339862,Davidson,Nashville,7/11/2022 12:26:00 PM,2,1,0,36.181600,-86.773700,DICKERSON PKE,,,,19.00,Feet,North,DICKERSON PKE NB ENT RAMP,,,,0.00,N,Not at Intersection,N,Non-Junction,None,,,         ,Jason,Milyaro Lucas,Clear,Angle,no,no,no,no,no,False
103354561,METROPOLITAN NASHVILLE POLICE DEPT,20220340122,Davidson,Nashville,7/11/2022 12:00:00 AM,2,1,0,36.061000,-86.680940,I 24,,,,0.00,,,,,,,57.75,N,Not at Intersection,N,Non-Junction,None,,,         ,James,Gilliam,Clear,Front to Rear,no,no,no,no,no,False
103354580,BERRY HILL POLICE DEPT,22-1887,Davidson,Berry Hill,7/11/2022 12:00:00 AM,2,0,0,36.124500,-86.776510,FRANKLIN PKE,,,,184.00,Feet,South,INVERNESS AV,,,,0.00,N,Not at Intersection, ,Non-Junction,None,,,         ,John,Gleixner,Clear,Angle,no,no,no,no,no,False
103354583,METROPOLITAN NASHVILLE POLICE DEPT,20220340145,Davidson,Nashville,7/11/2022 2:30:00 PM,2,0,0,36.153290,-86.724830,LEBANON PKE,,,,750.00,Feet,West,SPENCE LN,,,,0.00,N,Not at Intersection, ,Non-Junction,None,,,         ,Reagan,Heath,Clear,"Sideswipe, Same Direction",no,no,no,no,no,False
103354584,METROPOLITAN NASHVILLE POLICE DEPT,20220340121,Davidson,Nashville,7/11/2022 2:42:00 PM,2,1,0,36.081160,-86.726830,NOLENSVILLE PKE,,,,544.00,Feet,South,WELSHWOOD DR,,,,0.00,N,Not at Intersection,N,Non-Junction,None,,,         ,Eric,Burford,Clear,Angle,no,no,no,no,no,False
103354601,METROPOLITAN NASHVILLE POLICE DEPT,20220340219,Davidson,Nashville,7/11/2022 3:48:00 PM,3,2,0,36.077040,-86.735670,HARDING PL,,,,285.00,Feet,East,SHADESCREST DR,,,,0.00,N,Not at Intersection,N,Non-Junction,None,,,         ,Jacob,Robbins,Clear,HeadOn,no,no,no,no,no,False
103354616,METROPOLITAN NASHVILLE POLICE DEPT,20220340244,Davidson,Not in City Limit,7/11/2022 4:05:00 PM,2,0,0,36.258730,-86.763350,TUCKAHOE DR,,,,126.00,Feet,South,EWING CREEK DR,,,,0.00,N,Not at Intersection,N,Non-Junction,None,,,         ,Kyle,Eicholtz,Clear,Front to Rear,no,no,no,no,no,False
103354643,GOODLETTSVILLE POLICE DEPT,22-21224,Davidson,Goodlettsville,7/11/2022 4:37:00 PM,2,0,0,36.301730,-86.710020,I 65,,,,0.00,,,,,,,95.30,N,Not at Intersection, ,Non-Junction,None,,,         ,Rico,Jones,Clear,Front to Rear,no,no,no,no,no,False
103354653,METROPOLITAN NASHVILLE POLICE DEPT,20220340323,Davidson,Nashville,7/11/2022 4:40:00 PM,2,0,0,36.092810,-86.678860,HARDING PL,,,,0.00,Feet,,DONELSON PKE,,,,0.00,Y,T-Intersection, ,Intersection,None,,,         ,Andrew,Brazee,Clear,Front to Rear,no,no,no,no,no,False
103354654,METROPOLITAN NASHVILLE POLICE DEPT,20220339929,Davidson,Nashville,7/11/2022 12:47:00 PM,2,1,0,36.078850,-86.885210,HIGHWAY 100,,,,0.00,,,VAUGHNS GAP RD,,,,0.00,Y,T-Intersection,N,Intersection-Related,None,,,         ,Douglas,Atwood,Clear,Front to Rear,no,no,no,no,no,False
103354663,METROPOLITAN NASHVILLE POLICE DEPT,20220340378,Davidson,Madison,7/11/2022 3:45:00 PM,1,0,0,36.262660,-86.737310,I65 N EXT RAMP,,,,0.00,Feet,East,I 65,,,,0.00,N,Not at Intersection,N,Entrance/Exit Ramp Related,None,,,         ,Kyle,Eicholtz,Clear,Not Collision with Motor Vehicle in Transport,no,no,no,no,no,False
103354665,METROPOLITAN NASHVILLE POLICE DEPT,20220340355,Davidson,Nashville,7/10/2022 12:00:00 AM,2,0,0,36.074360,-86.681940,ANTIOCH PKE,,,,712.00,Feet,East,RADER DR,,,,0.00,N,Not at Intersection, ,Non-Junction,None,,,         ,Douglas,Atwood,Unknown,Unknown,no,no,no,yes,yes,False
103354674,METROPOLITAN NASHVILLE POLICE DEPT,20220340344,Davidson,Nashville,7/11/2022 5:00:00 PM,2,2,0,36.284350,-86.731580,APPLE VALLEY RD,,,,0.00,,,W CAMPBELL RD,,,,0.00,Y,Four-Way,N,Intersection,None,,,         ,Bradley,Nave,Clear,Angle,no,no,no,no,no,False
103354675,METROPOLITAN NASHVILLE POLICE DEPT,20220340320,Davidson,Nashville,7/11/2022 4:49:00 PM,2,1,0,36.194510,-86.832580,CLARKSVILLE PKE,,,,238.00,Feet,East,W SUMMITT AV,,,,0.00,N,Not at Intersection,N,Non-Junction,None,,,         ,Daniel,Kallman,Clear,HeadOn,no,no,no,no,no,False
103354700,METROPOLITAN NASHVILLE POLICE DEPT,20220328297,Davidson,Nashville,7/5/2022 12:25:00 AM,2,0,0,36.191580,-86.785710,I 65,,,,0.00,,,,,,,86.00,N,Not at Intersection,N,Non-Junction,None,,,         ,Ryan,Allen,Clear,"Sideswipe, Same Direction",no,no,no,no,no,False
103354703,METROPOLITAN NASHVILLE POLICE DEPT,20220340321,Davidson,Nashville,7/11/2022 4:44:00 PM,2,0,0,36.168420,-86.687960,LEBANON PKE,,,,0.00,,,BRILEY PKWY N ENT RAMP,,,,0.00,Y,T-Intersection,N,Intersection,None,,,         ,Phillip,Burke,Clear,Angle,no,no,no,no,no,False
103354711,METROPOLITAN NASHVILLE POLICE DEPT,20220340223,Davidson,Madison,7/11/2022 3:49:00 PM,1,2,0,36.275900,-86.687610,RIVER BLUFF DR,,,,0.00,,,,,,,0.00,,,N,Non-Junction,None,,,         ,Melina,Tamborella,Clear,Not Collision with Motor Vehicle in Transport,no,no,no,no,no,False
103354717,GOODLETTSVILLE POLICE DEPT,22-21233,Davidson,Goodlettsville,7/11/2022 12:00:00 AM,2,0,0,36.299100,-86.712360,I 65,,,,0.00,,,,,,,95.05,N,Not at Intersection,N,Non-Junction,None,,,         ,Noah,Werner,Clear,"Sideswipe, Same Direction",no,no,no,no,yes,False
103354743,METROPOLITAN NASHVILLE POLICE DEPT,20220340311,Davidson,Nashville,7/11/2022 3:35:00 PM,1,0,0,36.057040,-86.774000,I 65,,,,0.00,,,,,,,76.00,N,Not at Intersection, ,Non-Junction,None,,,         ,Garrett,Latham,Clear,Not Collision with Motor Vehicle in Transport,no,no,no,no,no,False
103354760,METROPOLITAN NASHVILLE POLICE DEPT,20220340534,Davidson,Nashville,7/11/2022 12:00:00 AM,2,0,0,36.126310,-86.845760,HARDING PKE,,,,108.00,Feet,West,RIDGEFIELD WAY,,,,0.00,N,Not at Intersection, ,Non-Junction,None,,,         ,Blake,Langford,Clear,"Sideswipe, Opposite Direction",no,no,no,no,no,False
103354770,METROPOLITAN NASHVILLE POLICE DEPT,20220340233,Davidson,Nashville,7/11/2022 3:56:00 PM,1,1,0,36.168380,-86.688330,LEBANON PKE,,,,109.00,Feet,West,BRILEY PKWYN,,,,0.00,N,Not at Intersection,N,Non-Junction,None,,,         ,William,Boler,Clear,Not Collision with Motor Vehicle in Transport,no,no,no,no,no,False
103354783,VANDERBILT UNIVERSITY POLICE,20220340461,Davidson,Nashville,7/11/2022 6:14:00 PM,2,0,0,36.139620,-86.800500,21ST AVS,,,,0.00,,,PIERCE AV,,,,0.00,Y,Four-Way, ,Non-Junction,None,,,         ,Yasemine,Lomax,,Angle,no,no,no,no,no,Campus
103354796,GOODLETTSVILLE POLICE DEPT,22-21235,Davidson,Goodlettsville,7/11/2022 6:40:00 PM,2,0,0,36.305910,-86.693820,CONFERENCE DR,,,,0.00,,,RIVERGATE MALL PVTDR,,,,0.00,Y,T-Intersection,N,Intersection,None,,,         ,Noah,Werner,Clear,Angle,no,no,no,no,yes,False
103354797,METROPOLITAN NASHVILLE POLICE DEPT,20220340567,Davidson,Nashville,7/11/2022 12:00:00 AM,4,0,0,36.182710,-86.609180,OLD HICKORY BLVD,,,,376.00,Feet,West,CHANDLER PL,,,,0.00,N,Not at Intersection,N,Non-Junction,None,,,         ,Keenan,McCann,Clear,Front to Rear,no,no,no,no,yes,False
103354819,METROPOLITAN NASHVILLE POLICE DEPT,20220340572,Davidson,Nashville,7/11/2022 7:58:00 PM,1,1,0,36.288110,-86.780420,HUNTERS LN,,,,0.00,,,BRICK CHURCH PKE,,,,0.00,Y,T-Intersection,N,Non-Junction,None,,,         ,Miles,Posey,Clear,Not Collision with Motor Vehicle in Transport,no,no,no,no,no,False
103354851,METROPOLITAN NASHVILLE POLICE DEPT,20220340778,Davidson,Nashville,7/11/2022 9:30:00 PM,2,0,0,36.171780,-86.864380,CENTENNIAL BLVD,,,,529.00,Feet,West,BOMAR BLVD,,,,0.00,N,Not at Intersection,N,Non-Junction,None,,,         ,William,Vanbergen,Clear,Other,no,no,no,yes,yes,False
103354871,METROPOLITAN NASHVILLE POLICE DEPT,20220340833,Davidson,Nashville,7/11/2022 10:38:00 PM,4,2,0,36.044890,-86.663810,BELL RD,,,,651.00,Feet,North,CANE RIDGE RD,,,,0.00,N,Not at Intersection,N,Non-Junction,Construction Zone,Laneclosure,Activity Area,         ,Michael,Hones,Clear,Rear to Rear,no,no,no,no,no,False
103354874,METROPOLITAN NASHVILLE POLICE DEPT,20220340727,Davidson,Nashville,7/11/2022 9:45:00 PM,2,2,0,36.234350,-86.774690,VAILVIEW DR,,,,0.00,Feet,West,RICHMOND HILL DR,,,,0.00,N,Not at Intersection,N,Non-Junction,None,,,         ,Brandon,Lopez,Clear,Angle,no,no,no,no,no,False
103354875,METROPOLITAN NASHVILLE POLICE DEPT,20220340332,Davidson,Nashville,7/11/2022 4:57:00 PM,2,0,0,36.185360,-86.636280,LEBANON PKE,,,,68.00,Feet,East,JACKSON DOWNS BLVD,,,,0.00,N,Not at Intersection, ,Non-Junction,None,,,         ,Dylan,Colquhoun,Clear,Front to Rear,no,no,no,no,no,False
103354877,METROPOLITAN NASHVILLE POLICE DEPT,20220340414,Davidson,Nashville,7/11/2022 4:34:00 PM,2,0,0,36.210660,-86.600050,ANDREW JACKSON PKWY,,,,54.00,Feet,East,ALBANY DR,,,,0.00,N,Not at Intersection, ,Non-Junction,None,,,         ,Cheri,Cox,Clear,Front to Rear,no,no,no,no,no,False
103354886,METROPOLITAN NASHVILLE POLICE DEPT,20220340738,Davidson,Nashville,7/11/2022 10:00:00 PM,2,2,0,36.151060,-86.637030,I 40,,,,0.00,,,,,,,218.50,N,Not at Intersection,N,Non-Junction,None,,,         ,Christian,Stephens,,Front to Rear,no,no,no,no,no,False
103354887,METROPOLITAN NASHVILLE POLICE DEPT,20220340565,Davidson,Nashville,7/11/2022 6:00:00 PM,2,0,0,36.044680,-86.721630,VALLEY BROOK TOWNHOMES PVTDR,,,,1.00,Feet,East,OLD HICKORY BLVD,,,,0.00,N,Not at Intersection,N,"Driveway, Alley Access, etc",None,,,         ,Jacob,Robbins,Clear,Other,no,no,no,yes,yes,False
103354889,METROPOLITAN NASHVILLE POLICE DEPT,20220340723,Davidson,Not in City Limit,7/11/2022 9:40:00 PM,2,2,0,36.269730,-86.755480,DICKERSON PKE,,,,185.00,Feet,North,OLD HICKORY BLVD,,,,0.00,N,Not at Intersection,N,Non-Junction,None,,,         ,John,Robish,Clear,Front to Rear,no,no,no,no,no,False
103354899,METROPOLITAN NASHVILLE POLICE DEPT,20220340974,Davidson,Not in City Limit,7/11/2022 11:38:00 PM,3,0,0,36.067600,-86.942430,GEORGE GAINES RD,,,,51.00,Feet,East,JAMES MILTON CT,,,,0.00,N,Not at Intersection,N,Non-Junction,None,,,         ,Jerre,Fly,Clear,Angle,no,no,no,no,yes,False
103354905,METROPOLITAN NASHVILLE POLICE DEPT,20220340958,Davidson,Nashville,7/11/2022 11:40:00 AM,2,0,0,36.176990,-86.739270,WOODLAND ST,,,,120.00,Feet,East,N 17TH ST,,,,0.00,N,Not at Intersection,N,Non-Junction,None,,,         ,Brian,Hickman,Clear,Rear to Rear,no,no,no,no,yes,False
103354906,GOODLETTSVILLE POLICE DEPT,22-21270,Davidson,Goodlettsville,7/12/2022 1:40:00 AM,1,1,0,36.306540,-86.698760,VIETNAM VETERANS BLVDN,,,,493.00,Feet,East,VIETNAM VETERANS BLVD NB EXT R,,,,0.00,N,Not at Intersection,N,Non-Junction,None,,,         ,Noah,Werner,Clear,Not Collision with Motor Vehicle in Transport,no,no,no,no,no,False
103354909,METROPOLITAN NASHVILLE POLICE DEPT,20220341133,Davidson,Nashville,7/12/2022 2:00:00 AM,2,0,0,36.214280,-86.730660,GALLATIN PKE,,,,61.00,Feet,North,GILLOCK ST,,,,0.00,N,Not at Intersection, ,Non-Junction,None,,,         ,Dillon,Hunt,Clear,Angle,no,no,no,no,yes,False
103354910,METROPOLITAN NASHVILLE POLICE DEPT,20220340859,Davidson,Nashville,7/11/2022 9:15:00 PM,2,0,0,36.252930,-86.739360,I 65,,,,0.00,,,,,,,91.40,N,Not at Intersection,N,Non-Junction,None,,,         ,Pamela,Caulder,Cloudy,"Sideswipe, Same Direction",no,no,no,no,yes,False
103354930,METROPOLITAN NASHVILLE POLICE DEPT,20220341220,Davidson,Nashville,7/12/2022 4:08:00 AM,2,0,0,36.169470,-86.806620,DR D B TODD JR BLVD,,,,0.00,,,JEFFERSON ST,,,,0.00,Y,Four-Way,N,Intersection,None,,,         ,Brian,DeMarce,Clear,Angle,no,no,no,no,no,False
103354949,METROPOLITAN NASHVILLE POLICE DEPT,20220341229,Davidson,Nashville,7/12/2022 12:00:00 AM,1,0,0,36.095570,-86.820070,CUMBERLAND PL,,,,50.00,Feet,East,BURTON HILLS BLVD,,,,0.00,N,Not at Intersection,N,Non-Junction,None,,,         ,Mitchell,Cook,Clear,Not Collision with Motor Vehicle in Transport,no,no,no,no,no,False
103354959,METROPOLITAN NASHVILLE POLICE DEPT,20220341171,Davidson,Nashville,7/12/2022 12:00:00 AM,2,0,0,36.247750,-86.716990,DUE WEST AVE,,,,389.00,Feet,West,ARGLE AV,,,,0.00,N,Not at Intersection,N,Non-Junction,None,,,         ,Pamela,Caulder,Cloudy,Front to Rear,no,no,no,no,yes,False
103354976,METROPOLITAN NASHVILLE POLICE DEPT,20220341345,Davidson,Nashville,7/12/2022 6:31:00 AM,2,0,0,36.143460,-86.687410,I 40,,,,0.00,,,,,,,215.40,N,Not at Intersection,N,Non-Junction,None,,,         ,Cameron,Fritschie,Clear,Front to Rear,no,no,no,no,yes,False
103354985,METROPOLITAN NASHVILLE POLICE DEPT,20220341433,Davidson,Nashville,7/12/2022 7:42:00 AM,2,0,0,36.037370,-86.786860,OLD HICKORY BLVD,,,,88.00,Feet,West,FRANKLIN PKE,,,,0.00,N,Not at Intersection, ,Non-Junction,None,,,         ,Jennifer,Liquori,Clear,Front to Rear,no,no,no,no,no,False
103355001,METROPOLITAN NASHVILLE POLICE DEPT,20220341395,Davidson,Nashville,7/12/2022 7:18:00 AM,2,0,0,36.039200,-86.782520,OLD HICKORY BLVD,,,,0.00,Feet,East,I65 S EXT RAMP,,,,0.00,N,Not at Intersection,N,Non-Junction,None,,,         ,Brent,Bauer,Clear,Front to Rear,no,no,no,no,no,False