master_record_number,agency,agency_tracking_number,county,city,collision_date,vehicles_involved,number_injured,number_dead,latitude,longitude,roadway_name,roadway_suffix,roadway_number,roadway_local_id,distance_from_reference,miles-feet_indicator,direction_from_reference,intersection_road_name,intersection_road_name_suffix,intersection_road_number,intersection_local_id,mile_marker,intersection_indicator,intersect_type,interchange_related_indicator,relation_to_junction,work_zone_type,construction_maintenance_zone,construction_maintenance_zone_location,fatal_case_number,officer_first_name,officer_last_name,weather_condition(s),manner_of_crash,pedestrian,bicycle,scooter,parking,hitrun,mou
103356907,METROPOLITAN NASHVILLE POLICE DEPT,20220345724,Davidson,Nashville,7/14/2022 12:00:00 AM,2,0,0,36.151140,-86.784950,DIVISION ST,,,,183.00,Feet,West,12TH AVS,,,,0.00,N,Not at Intersection, ,,None,,,         ,James,Thornton,,,no,no,no,no,no,False
103356919,METROPOLITAN NASHVILLE POLICE DEPT,20220345733,Davidson,Nashville,7/14/2022 9:40:00 AM,2,0,0,36.161020,-86.777200,4TH AVN,,,,0.00,,,BROADWAY,,,,0.00,Y,Four-Way, ,Intersection-Related,None,,,         ,Johnathan,Carlisle,Clear,"Sideswipe, Same Direction",no,no,no,no,no,False
103356934,METROPOLITAN NASHVILLE POLICE DEPT,20220345669,Davidson,Nashville,7/14/2022 9:08:00 AM,2,1,0,36.061310,-86.624660,MURFREESBORO PKE,,,,200.00,Feet,North,MT VIEW RD,,,,0.00,N,Not at Intersection,N,Non-Junction,None,,,         ,Kody,Littles,Clear,"Sideswipe, Same Direction",no,no,no,no,no,False
103356949,METROPOLITAN NASHVILLE POLICE DEPT,20220345781,Davidson,Not in City Limit,7/14/2022 10:30:00 AM,1,0,0,36.055160,-86.960340,POPLAR CREEK RD,,,,1068.00,Feet,East,COLD STREAM DR,,,,0.00,N,Not at Intersection,N,Non-Junction,None,,,         ,Douglas,Atwood,Clear,Not Collision with Motor Vehicle in Transport,no,no,no,no,no,False
103356969,METROPOLITAN NASHVILLE POLICE DEPT,20220345654,Davidson,Nashville,7/14/2022 8:52:00 AM,2,0,0,36.123200,-86.750730,,,I440,,0.00,,,,,I440,,0.00,Y,Y-Intersection, ,Intersection,None,,,         ,Beri,Scott,Clear,"Sideswipe, Same Direction",no,no,no,no,no,False
103357015,THP District 3 - Nashville,322056041,Davidson,Nashville,7/13/2022 12:30:00 PM,2,0,0,36.100550,-86.739920,NOLENSVILLE PKE,,,,1.00,Feet,South,CHILTON ST,,,,0.00,N,Not at Intersection, ,Non-Junction,None,,,         ,Keith,Velez,Clear,Front to Rear,no,no,no,no,no,False
103357020,METROPOLITAN NASHVILLE POLICE DEPT,20220345520,Davidson,Nashville,7/14/2022 12:00:00 AM,2,0,0,36.165290,-86.762220,S 4TH ST,,,,0.00,,,SUMMER PL,,,,0.00,Y,T-Intersection,N,Non-Junction,None,,,         ,Zera,Ntahonirukiye,Clear,"Sideswipe, Opposite Direction",no,no,no,no,no,False
103357056,METROPOLITAN NASHVILLE POLICE DEPT,20220345939,Davidson,Nashville,7/14/2022 12:56:00 PM,2,1,0,36.175010,-86.784680,JEFFERSON ST,,,,0.00,,,3RD AVN,,,,0.00,Y,Four-Way,N,Intersection,None,,,         ,James,Thornton,Clear,Front to Rear,no,no,no,no,no,False
103357079,GOODLETTSVILLE POLICE DEPT,22-21589,Davidson,Goodlettsville,7/14/2022 12:30:00 PM,2,0,0,36.322260,-86.713310,LONG HOLLOW PKE,,,,0.00,Feet,,N MAIN ST,,,,0.00,Y,Four-Way,Y,Intersection,None,,,         ,George,Henry,Clear,Angle,no,no,no,no,no,False
103357109,METROPOLITAN NASHVILLE POLICE DEPT,20220346043,Davidson,Goodlettsville,7/14/2022 2:18:00 PM,2,0,0,36.296050,-86.698500,MYATT DR,,,,27.00,Feet,South,RIVERGATE STATION PVTDR,,,,0.00,N,Not at Intersection, ,Non-Junction,None,,,         ,Christopher,Littles,Clear,Angle,no,no,no,no,no,False
103357123,METROPOLITAN NASHVILLE POLICE DEPT,20220346021,Davidson,Nashville,7/14/2022 2:02:00 PM,2,0,0,36.147580,-86.777380,I65 S ENT RAMP,,,,0.00,,,I 40,,,,0.00,Y,OTHER,Y,Entrance/Exit Ramp Related,None,,,         ,Johnathan,Carlisle,Clear,Front to Rear,no,no,no,no,yes,False
103357137,METROPOLITAN NASHVILLE POLICE DEPT,20220346070,Davidson,Nashville,7/14/2022 2:43:00 PM,2,0,0,36.150500,-86.867260,I 40,,,,0.00,,,,,,,203.40,N,Not at Intersection,N,Non-Junction,None,,,         ,Nathan,Mayo,Clear,Front to Rear,no,no,no,no,no,False
103357145,METROPOLITAN NASHVILLE POLICE DEPT,20220346060,Davidson,Nashville,7/14/2022 2:35:00 PM,2,2,0,36.086600,-86.803810,SEWANEE RD,,,,0.00,Feet,,GRANNY WHITE PKE,,,,0.00,Y,T-Intersection,N,Intersection,None,,,         ,Lee,Davis,Clear,HeadOn,no,no,no,no,no,False
103357156,METROPOLITAN NASHVILLE POLICE DEPT,20220345954,Davidson,Nashville,7/14/2022 1:02:00 PM,2,1,0,36.045400,-86.703250,OLD HICKORY BLVD,,,,106.00,Feet,East,EULALA DR,,,,0.00,N,Not at Intersection,N,Non-Junction,None,,,         ,Broderick,Jones,Clear,Angle,no,no,no,no,no,False
103357161,METROPOLITAN NASHVILLE POLICE DEPT,20220346025,Davidson,Nashville,7/14/2022 12:15:00 PM,2,1,0,36.105350,-86.717440,I 24,,,,0.00,,,,,,,54.10,N,Not at Intersection,N,Non-Junction,None,,,         ,David,Rehm,Cloudy,Not Collision with Motor Vehicle in Transport,no,no,no,no,no,False
103357171,METROPOLITAN NASHVILLE POLICE DEPT,20220346039,Davidson,Nashville,7/14/2022 1:25:00 PM,2,0,0,36.180310,-86.804820,11TH AVN,,,,0.00,,,BUCHANAN ST,,,,0.00,Y,T-Intersection, ,Intersection-Related,None,,,         ,Jeanine,Sarno,Clear,Angle,no,no,no,no,no,False
103357173,METROPOLITAN NASHVILLE POLICE DEPT,20220346117,Davidson,Nashville,7/14/2022 3:01:00 PM,2,0,0,36.154030,-86.762400,I 40,,,,0.00,,,,,,,210.80,N,Not at Intersection, ,Non-Junction,None,,,         ,Brandon,Chapman,Clear,Front to Rear,no,no,no,no,no,False
103357182,VANDERBILT UNIVERSITY POLICE,20220346160,Davidson,Nashville,7/14/2022 12:00:00 AM,2,0,0,36.110140,-86.764990,POWELL AV,,,,0.00,,,,,,,0.00,,, ,Non-Junction,None,,,         ,Edwin,Melgar,,Unknown,no,no,no,yes,yes,OHO
103357215,METROPOLITAN NASHVILLE POLICE DEPT,20220346244,Davidson,Nashville,7/14/2022 4:34:00 PM,2,1,0,36.065560,-86.680110,ANTIOCH PKE,,,,0.00,,,REEVES RD,,,,0.00,Y,T-Intersection,Y,Intersection,None,,,         ,Laura,Williams,Clear,Front to Rear,no,no,no,no,no,False
103357224,METROPOLITAN NASHVILLE POLICE DEPT,20220346143,Davidson,Nashville,7/14/2022 12:14:00 PM,2,1,0,36.110700,-86.742140,THOMPSON LN,,,,69.00,Feet,West,LOGAN ST,,,,0.00,N,Not at Intersection,N,Non-Junction,None,,,         ,Andrew,Brazee,Clear,"Sideswipe, Same Direction",no,no,no,no,no,False
103357227,METROPOLITAN NASHVILLE POLICE DEPT,20220346161,Davidson,Nashville,7/14/2022 3:44:00 PM,3,1,0,36.169200,-86.808730,JEFFERSON ST,,,,262.00,Feet,East,21ST AVN,,,,0.00,N,Not at Intersection,N,Non-Junction,None,,,         ,Lucas,Thomas,Clear,Front to Rear,no,no,no,no,no,False
103357237,METROPOLITAN NASHVILLE POLICE DEPT,20220346184,Davidson,Nashville,7/14/2022 3:42:00 PM,2,0,0,36.251150,-86.718220,GALLATIN PKES,,,,11.00,Feet,North,BRINK HAVEN AV,,,,0.00,N,Not at Intersection,N,Non-Junction,None,,,         ,Dylan,Bradley,Clear,Angle,no,no,no,no,no,False
103357238,METROPOLITAN NASHVILLE POLICE DEPT,20220346300,Davidson,Not in City Limit,7/14/2022 5:07:00 PM,2,2,0,36.077560,-87.004340,I 40,,,,0.00,,,,,,,193.45,N,Not at Intersection,N,Non-Junction,None,,,         ,Robert,Higgins,Clear,Front to Rear,no,no,no,no,no,False
103357249,METROPOLITAN NASHVILLE POLICE DEPT,20220327840,Davidson,Nashville,7/5/2022 12:30:00 AM,4,4,1,36.191580,-86.785740,I 65,,,,0.00,,,,,,,86.00,N,Not at Intersection,N,Non-Junction,None,,,         ,Ryan,Allen,Clear,Other,yes,no,no,no,no,False
103357254,METROPOLITAN NASHVILLE POLICE DEPT,20220346188,Davidson,Nashville,7/14/2022 3:59:00 PM,1,1,0,36.187980,-86.607810,ANDREW JACKSON PKWY,,,,0.00,,,ANDREW JACKSON PKWY,,,,0.00,,Four-Way,N,Intersection,None,,,         ,Forrest,Punke,Clear,Not Collision with Motor Vehicle in Transport,no,no,no,no,no,False
103357255,METROPOLITAN NASHVILLE POLICE DEPT,20220346136,Davidson,Nashville,7/14/2022 12:50:00 PM,2,0,0,36.105840,-86.742610,NOLENSVILLE PKE,,,,210.00,Feet,South,MORTON AV,,,,0.00,N,Not at Intersection,N,Non-Junction,None,,,         ,Andrew,Brazee,Clear,Angle,no,no,no,no,yes,False
103357259,METROPOLITAN NASHVILLE POLICE DEPT,20220346319,Davidson,Nashville,7/14/2022 5:24:00 PM,2,1,0,36.039420,-86.649130,I 24,,,,0.00,,,,,,,60.10,N,Not at Intersection,Y,Non-Junction,None,,,         ,John,McDonnell,Clear,Angle,no,no,no,no,no,False
103357261,METROPOLITAN NASHVILLE POLICE DEPT,20220346192,Davidson,Nashville,7/14/2022 12:00:00 AM,2,1,0,36.136030,-86.698680,ARBOR CREEK BLVD,,,,0.00,Feet,West,BRILEY PKWYN,,,,0.00,N,Not at Intersection,N,Non-Junction,None,,,         ,Esther,Poysti,Clear,Angle,no,no,no,no,no,False
103357272,METROPOLITAN NASHVILLE POLICE DEPT,20220346182,Davidson,Nashville,7/14/2022 3:32:00 PM,2,1,0,36.117890,-86.726060,I 24,,,,0.00,,,,,,,53.05,N,Not at Intersection,N,Non-Junction,None,,,         ,Taylor,Blackwelder,Clear,Front to Rear,no,no,no,no,no,False
103357302,METROPOLITAN NASHVILLE POLICE DEPT,20220337511,Davidson,Nashville,7/10/2022 12:55:00 AM,2,1,0,36.184960,-86.768290,ARRINGTON ST,,,,0.00,,,MERIDIAN ST,,,,0.00,Y,T-Intersection,N,Intersection,None,,,         ,Ryan,Allen,Clear,Angle,no,no,no,no,yes,False
103357311,METROPOLITAN NASHVILLE POLICE DEPT,20220346205,Davidson,Nashville,7/14/2022 4:10:00 PM,2,5,0,36.217270,-86.728720,GALLATIN PKE,,,,273.00,Feet,South,NORVEL AV,,,,0.00,N,Not at Intersection,N,Non-Junction,None,,,         ,Christopher,Valdez,Clear,HeadOn,no,no,no,no,no,False
103357323,METROPOLITAN NASHVILLE POLICE DEPT,20220346422,Davidson,Nashville,7/14/2022 6:25:00 PM,2,2,0,36.150110,-86.625410,BELL RD,,,,780.00,Feet,South,BLACKWOOD DR,,,,0.00,N,Not at Intersection,N,Non-Junction,None,,,         ,Donovan,Coble,Clear,Angle,no,no,no,no,no,False
103357324,METROPOLITAN NASHVILLE POLICE DEPT,20220346369,Davidson,Nashville,7/14/2022 4:15:00 PM,2,0,0,36.081200,-86.729180,WELSHWOOD DR,,,,767.00,Feet,West,NOLENSVILLE PKE,,,,0.00,N,Not at Intersection,N,Non-Junction,None,,,         ,Samantha,Held,Clear,Front to Rear,no,no,no,yes,yes,False
103357325,METROPOLITAN NASHVILLE POLICE DEPT,20220346249,Davidson,Lakewood,7/14/2022 3:35:00 PM,2,0,0,36.239020,-86.630340,OLD HICKORY BLVD,,,,130.00,Feet,West,LAKESHORE DR,,,,0.00,N,Not at Intersection, ,Non-Junction,None,,,         ,Cheri,Cox,Clear,Other,no,no,no,no,no,False
103357333,VANDERBILT UNIVERSITY POLICE,20220346454,Davidson,Nashville,7/14/2022 6:35:00 PM,2,0,0,36.139120,-86.803920,CHILDRENS WAY,,,,0.00,,,,,,,0.00,,, ,Non-Junction,None,,,         ,Shaneithia,Lewis,,Front to Rear,no,no,no,yes,no,Campus
103357371,METROPOLITAN NASHVILLE POLICE DEPT,20220346109,Davidson,Nashville,7/14/2022 4:30:00 AM,2,0,0,36.117445,-86.912901,6867 SONYA DR,,,,100.00,Feet,South,I 40 E,,,,0.00,N,Not at Intersection,N,Non-Junction,None,,,         ,Jeremy,Huffine,Clear,Angle,no,no,no,no,yes,False
103357467,METROPOLITAN NASHVILLE POLICE DEPT,20220346616,Davidson,Nashville,7/14/2022 8:05:00 PM,2,0,0,36.175850,-86.757180,S 9TH ST,,,,43.00,Feet,South,MAIN ST,,,,0.00,N,Not at Intersection,N,Non-Junction,None,,,         ,Zachary,Carter,Clear,"Sideswipe, Opposite Direction",no,no,no,no,yes,False
103357486,METROPOLITAN NASHVILLE POLICE DEPT,20220346677,Davidson,Nashville,7/14/2022 7:00:00 PM,2,1,0,36.075660,-86.647800,DOVER GLEN DR,,,,0.00,,,EDGE O LAKE DR,,,,0.00,Y,Four-Way,N,Intersection,None,,,         ,Eric,Laury,Clear,Angle,no,no,no,no,no,False
103357495,METROPOLITAN NASHVILLE POLICE DEPT,20220346602,Davidson,Nashville,7/14/2022 8:30:00 PM,3,0,0,36.178980,-86.785930,2ND AVN,,,,313.00,Feet,North,MONROE ST,,,,0.00,N,Not at Intersection,N,Non-Junction,None,,,         ,Russell,Freeman,Clear,"Sideswipe, Same Direction",no,no,no,no,no,False
103357498,METROPOLITAN NASHVILLE POLICE DEPT,20220346721,Davidson,Nashville,7/14/2022 8:59:00 PM,2,0,0,36.169010,-86.685290,THE CROSSINGS PVTDR,,,,105.00,Feet,North,LEBANON PKE,,,,0.00,N,Not at Intersection,N,OtherLocation,None,,,         ,Evan,Grace,Clear,Angle,no,no,no,yes,yes,False
103357520,METROPOLITAN NASHVILLE POLICE DEPT,20220346708,Davidson,Nashville,7/14/2022 9:28:00 PM,2,0,0,36.166700,-86.780900,4TH AVN,,,,141.00,Feet,North,CHARLOTTE AV,,,,0.00,N,Not at Intersection, ,Non-Junction,None,,,         ,Broderick,Jones,Clear,"Sideswipe, Same Direction",no,no,no,no,no,False
103357522,METROPOLITAN NASHVILLE POLICE DEPT,20220346744,Davidson,Nashville,7/14/2022 12:00:00 AM,1,1,0,36.080400,-86.717930,RECOVERY RD,,,,0.00,Feet,East,HARDING PL,,,,0.00,N,Not at Intersection,N,Non-Junction,None,,,         ,John,Braxton,Clear,Not Collision with Motor Vehicle in Transport,yes,no,no,no,no,False
103357525,METROPOLITAN NASHVILLE POLICE DEPT,20220346799,Davidson,Nashville,7/14/2022 10:25:00 PM,2,1,0,36.153000,-86.857610,BRILEY PKWY,,,,0.00,,,I40 W EXT RAMP,,,,0.00,Y,Four-Way,N,Entrance/Exit Ramp Related,None,,,         ,Robert,Higgins,Clear,Angle,no,no,no,no,no,False
103357527,METROPOLITAN NASHVILLE POLICE DEPT,20220346845,Davidson,Nashville,7/14/2022 5:00:00 PM,2,0,0,36.086770,-86.694520,HARDING PL,,,,425.00,Feet,East,METROPLEX DR,,,,0.00,N,Not at Intersection, ,Non-Junction,None,,,         ,Eric,Laury,Clear,Angle,no,no,no,no,no,False
103357533,METROPOLITAN NASHVILLE POLICE DEPT,20220346762,Davidson,Nashville,7/14/2022 4:54:00 PM,3,0,0,36.044900,-86.663980,BELL RD,,,,622.00,Feet,North,CANE RIDGE RD,,,,0.00,N,Not at Intersection,N,Non-Junction,None,,,         ,Sierra,Walker,Clear,Front to Rear,no,no,no,no,yes,False
103357534,METROPOLITAN NASHVILLE POLICE DEPT,20220346398,Davidson,Nashville,7/14/2022 6:00:00 PM,2,0,0,36.134280,-86.774730,WEDGEWOOD AV,,,,0.00,Feet,,I65 N ENT RAMP,,,,0.00,Y,Four-Way,N,Intersection,None,,,         ,Samantha,Held,Clear,Other,no,no,no,no,no,False
103357547,METROPOLITAN NASHVILLE POLICE DEPT,20220337675,Davidson,Nashville,7/14/2022 3:15:00 AM,3,0,0,36.159380,-86.780980,BROADWAY,,,,2.00,Feet,East,7TH AVS,,,,0.00,N,Not at Intersection,N,Non-Junction,None,,,         ,Tre,Marlowe,Clear,Front to Rear,no,no,no,no,yes,False
103357548,METROPOLITAN NASHVILLE POLICE DEPT,20220346378,Davidson,Nashville,7/14/2022 5:54:00 PM,3,0,0,36.161170,-86.795000,CAPITOL PT,,,,45.00,Feet,West,14TH AVN,,,,0.00,N,Not at Intersection, ,Unknown,None,,,         ,Michael,Intrieri,Clear,Unknown,no,no,no,no,no,False
103357550,METROPOLITAN NASHVILLE POLICE DEPT,20220346255,Davidson,Nashville,7/14/2022 4:42:00 PM,2,0,0,36.184310,-86.610230,ANDREW JACKSON PKWY,,,,273.00,Feet,North,OLD HICKORY BLVD,,,,0.00,N,Not at Intersection, ,Non-Junction,None,,,         ,Zachary,Aldrich,Clear,"Sideswipe, Same Direction",no,no,no,no,no,False
103357552,METROPOLITAN NASHVILLE POLICE DEPT,20220346827,Davidson,Nashville,7/14/2022 12:00:00 AM,1,4,0,36.151930,-86.786370,I40 W EXT RAMP,,,,0.00,,,I 40,,,,0.00,Y,OTHER,Y,Entrance/Exit Ramp Related,None,,,         ,Trevor,Taylor,Clear,Not Collision with Motor Vehicle in Transport,no,no,no,no,no,False
103357557,METROPOLITAN NASHVILLE POLICE DEPT,20220346276,Davidson,Nashville,7/14/2022 4:50:00 PM,2,0,0,36.111080,-86.747730,THOMPSON LN,,,,108.00,Feet,West,LOUISE DR,,,,0.00,N,Not at Intersection,N,Non-Junction,None,,,         ,Cory,Stratton,Clear,Angle,no,no,no,no,no,False
103357562,METROPOLITAN NASHVILLE POLICE DEPT,20220346730,Davidson,Not in City Limit,7/14/2022 12:00:00 AM,2,0,0,36.277750,-86.770800,OLD HICKORY BLVD,,,,307.00,Feet,West,GOODMORNING DR,,,,0.00,N,Not at Intersection,N,Non-Junction,None,,,         ,Thomas,Denenea,Cloudy,"Sideswipe, Opposite Direction",no,no,no,no,yes,False
103357584,METROPOLITAN NASHVILLE POLICE DEPT,20220346986,Davidson,Nashville,7/14/2022 4:30:00 PM,2,0,0,36.113950,-86.810880,WOODMONT BLVD,,,,0.00,,,HILLSBORO PKE,,,,0.00,Y,Four-Way,Y,Intersection-Related,None,,,         ,Ricardo,Cruz,Clear,Front to Rear,no,no,no,no,yes,False
103357605,METROPOLITAN NASHVILLE POLICE DEPT,20220346789,Davidson,Nashville,7/14/2022 12:00:00 AM,2,0,0,36.177000,-86.739360,WOODLAND ST,,,,92.00,Feet,East,N 17TH ST,,,,0.00,N,Not at Intersection, ,Non-Junction,None,,,         ,Shaquille,Graham,Clear,Rear to Side,no,no,no,no,no,False
103357612,METROPOLITAN NASHVILLE POLICE DEPT,20220346698,Davidson,Nashville,7/14/2022 9:27:00 PM,2,0,0,36.069390,-86.692740,HAYWOOD LN,,,,0.00,,,HAYWOOD SQUARE PVTDR,,,,0.00,Y,T-Intersection,N,Intersection-Related,None,,,         ,Holly,Davis,Clear,Angle,no,no,no,no,yes,False
103357620,METROPOLITAN NASHVILLE POLICE DEPT,20220347076,Davidson,Nashville,7/15/2022 1:13:00 AM,3,0,0,36.071870,-86.636180,BELL RD,,,,0.00,,,MURFREESBORO PKE,,,,0.00,Y,Four-Way,N,Intersection,None,,,         ,Dylan,Motes,Clear,Angle,no,no,no,no,no,False
103357634,METROPOLITAN NASHVILLE POLICE DEPT,20220347026,Davidson,Nashville,7/15/2022 12:00:00 AM,2,0,0,36.124720,-86.806120,I440 W ENT RAMP,,,,0.00,,,HILLSBORO PKE,,,,0.00,Y,OTHER,Y,Entrance/Exit Ramp Related,None,,,         ,Clayton,Cox,Clear,Angle,no,no,no,no,no,False
103357701,METROPOLITAN NASHVILLE POLICE DEPT,20220347276,Davidson,Nashville,7/15/2022 5:51:00 AM,2,0,0,36.045300,-86.701680,BELL RD,,,,0.00,Feet,West,OLD HICKORY BLVD,,,,0.00,N,Not at Intersection, ,,None,,,         ,Tavin,Emlund,,,no,no,no,no,no,False
103357720,METROPOLITAN NASHVILLE POLICE DEPT,20220347273,Davidson,Not in City Limit,7/15/2022 12:00:00 AM,2,1,0,36.279550,-86.783570,BRICK CHURCH PKE,,,,0.00,,,OLD HICKORY BLVD,,,,0.00,Y,Four-Way,N,Intersection-Related,None,,,         ,Wesley,Mcclelland,Clear,Angle,no,no,no,no,no,False
103357732,METROPOLITAN NASHVILLE POLICE DEPT,20220347262,Davidson,Not in City Limit,7/15/2022 6:08:00 AM,1,1,0,36.346430,-86.737610,LICKTON PKE,,,,1363.00,Feet,West,LICKTON PKE PVTDR,,,,0.00,N,Not at Intersection,N,Non-Junction,None,,,         ,Melina,Tamborella,Clear,Not Collision with Motor Vehicle in Transport,no,no,no,no,no,False
103357757,METROPOLITAN NASHVILLE POLICE DEPT,20220347494,Davidson,Nashville,7/15/2022 9:14:00 AM,2,0,0,36.157860,-86.809410,CLIFTON AV,,,,244.00,Feet,North,FELICIA ST,,,,0.00,N,Not at Intersection, ,,None,,,         ,D’Mitri,Mackall,,,no,no,no,no,no,False
103357794,METROPOLITAN NASHVILLE POLICE DEPT,20220347599,Davidson,Nashville,7/15/2022 8:01:00 AM,2,0,0,36.045300,-86.701680,BELL RD,,,,0.00,,,OLD HICKORY BLVD,,,,0.00,Y,Four-Way,N,Intersection,None,,,         ,Tavin,Emlund,Clear,Front to Rear,no,no,no,no,yes,False
103357801,GOODLETTSVILLE POLICE DEPT,22-21680,Davidson,Goodlettsville,7/15/2022 9:35:00 AM,2,0,0,36.307360,-86.694810,CONFERENCE DR,,,,0.00,,,STATE HWY 386,,,,0.00,Y,T-Intersection,Y,Intersection-Related,None,,,         ,Jeffrey,Petty,Clear,Front to Rear,no,no,no,no,no,False
103357807,METROPOLITAN NASHVILLE POLICE DEPT,20220347424,Davidson,Not in City Limit,7/15/2022 8:25:00 AM,2,0,0,36.261120,-86.738390,I 65,,,,0.00,,,,,,,92.00,N,Not at Intersection,N,Non-Junction,None,,,         ,Sandra,Fly,Clear,"Sideswipe, Same Direction",no,no,no,no,no,False
103357840,METROPOLITAN NASHVILLE POLICE DEPT,20220347488,Davidson,Nashville,7/15/2022 10:52:00 AM,2,1,0,36.150900,-86.770640,4TH AVS,,,,0.00,,,I40 W EXT RAMP,,,,0.00,Y,Four-Way,N,Non-Junction,None,,,         ,Garrett,Short,Clear,Angle,no,no,no,no,no,False
103357849,METROPOLITAN NASHVILLE POLICE DEPT,20220347678,Davidson,Nashville,7/15/2022 11:36:00 AM,2,1,0,36.063350,-86.626890,MURFREESBORO PKE,,,,704.00,Feet,South,HAMILTON CHURCH RD,,,,0.00,N,Not at Intersection,N,Non-Junction,None,,,         ,Steven,Williams,Clear,Angle,no,no,no,no,no,False
103357860,METROPOLITAN NASHVILLE POLICE DEPT,20220347480,Davidson,Nashville,7/15/2022 9:05:00 AM,2,0,0,36.150990,-86.770690,4TH AVS,,,,335.00,Feet,South,LAFAYETTE ST,,,,0.00,N,Not at Intersection, ,Non-Junction,None,,,         ,Jennifer,Liquori,Clear,"Sideswipe, Same Direction",no,no,no,no,yes,False
103357905,METROPOLITAN NASHVILLE POLICE DEPT,20220347734,Davidson,Nashville,7/15/2022 11:39:00 AM,2,0,0,36.164710,-86.779610,4TH AVN,,,,140.00,Feet,South,UNION ST,,,,0.00,N,Not at Intersection, ,,None,,,         ,Charles,Large,,,no,no,no,no,no,False
103357909,METROPOLITAN NASHVILLE POLICE DEPT,20220347740,Davidson,Not in City Limit,7/15/2022 12:00:00 AM,2,0,0,36.263810,-86.711660,GALLATIN PKEN,,,,0.00,,,OLD TIME VILLAGE PVTDR,,,,0.00,Y,T-Intersection, ,Non-Junction,None,,,         ,Wesley,Mcclelland,Clear,Angle,no,no,no,no,no,False
103357916,METROPOLITAN NASHVILLE POLICE DEPT,20220347636,Davidson,Nashville,7/15/2022 12:00:00 AM,2,0,0,36.143710,-86.737850,I 40,,,,0.00,,,,,,,212.45,N,Not at Intersection,N,Non-Junction,None,,,         ,Ashley,Kappenmacher,Clear,"Sideswipe, Same Direction",no,no,no,no,no,False
103357934,METROPOLITAN NASHVILLE POLICE DEPT,20220347711,Davidson,Nashville,7/15/2022 11:58:00 AM,2,0,0,36.069160,-86.689590,I24 E EXT RAMP,,,,0.00,,,I 24,,,,0.00,Y,OTHER, ,Entrance/Exit Ramp Related,None,,,         ,Benjamin,Tasto,Clear,Front to Rear,no,no,no,no,no,False
103357954,METROPOLITAN NASHVILLE POLICE DEPT,20220347739,Davidson,Nashville,7/15/2022 12:18:00 PM,2,0,0,36.153110,-86.765170,I 40,,,,0.00,,,,,,,210.65,N,Not at Intersection,N,Non-Junction,None,,,         ,Shedie,Herbert III,Clear,"Sideswipe, Same Direction",no,no,no,no,no,False
103357974,METROPOLITAN NASHVILLE POLICE DEPT,20220347707,Davidson,Nashville,7/15/2022 11:32:00 AM,2,1,0,36.046980,-86.680230,BELL RD,,,,32.00,Feet,West,BRENTRIDGE CIR,,,,0.00,N,Not at Intersection,N,Non-Junction,None,,,         ,James,Thomas,Clear,Angle,no,no,no,no,no,False
103357995,METROPOLITAN NASHVILLE POLICE DEPT,20220347690,Davidson,Nashville,7/15/2022 11:43:00 AM,2,1,0,36.191740,-86.783460,I 65,,,,0.00,,,,,,,86.10,N,Not at Intersection,N,Non-Junction,None,,,         ,Daniel,Russett,Clear,Front to Rear,no,no,no,no,no,False
103358004,METROPOLITAN NASHVILLE POLICE DEPT,2022-0343518,Davidson,Nashville,7/13/2022 12:00:00 AM,2,0,0,36.148210,-86.641610,I 40,,,,0.00,,,,,,,218.15,N,Not at Intersection, ,Non-Junction,None,,,         ,Frank,Walker,Clear,"Sideswipe, Same Direction",no,no,no,no,no,False
103358027,METROPOLITAN NASHVILLE POLICE DEPT,20220347817,Davidson,Not in City Limit,7/15/2022 12:15:00 PM,2,0,0,36.256340,-86.757930,DUE WEST AVN,,,,0.00,,,DICKERSON PKE,,,,0.00,Y,T-Intersection, ,Intersection,None,,,         ,Michael,Reid,Clear,Angle,no,no,no,no,yes,False
103358041,METROPOLITAN NASHVILLE POLICE DEPT,20220347815,Davidson,Nashville,7/15/2022 1:41:00 PM,2,0,0,36.170430,-86.798070,I 40,,,,0.00,,,,,,,207.75,N,Not at Intersection, ,,None,,,         ,D’Mitri,Mackall,,,no,no,no,no,no,False
103358064,THP District 3 - Nashville,322056690,Davidson,Nashville,7/15/2022 12:09:00 PM,2,0,0,36.190060,-86.791000,I 65,,,,0.00,,,,,,,85.70,N,Not at Intersection, ,Non-Junction,None,,,         ,Jason,Murray,Clear,"Sideswipe, Same Direction",no,no,no,no,no,False
103358116,METROPOLITAN NASHVILLE POLICE DEPT,2022-0343983,Davidson,Nashville,7/13/2022 12:00:00 AM,2,1,0,36.146710,-86.742840,I 40,,,,0.00,,,,,,,212.10,N,Not at Intersection,N,Non-Junction,None,,,         ,Frank,Walker,Clear,Front to Rear,no,no,no,no,no,False
103358136,METROPOLITAN NASHVILLE POLICE DEPT,20220347382,Davidson,Nashville,7/15/2022 7:10:00 AM,2,0,0,36.176910,-86.774580,N 1ST ST,,,,0.00,,,SPRING ST,,,,0.00,Y,Four-Way, ,,None,,,         ,Michael,Douglas,,,no,no,no,no,no,False