master_record_number,agency,agency_tracking_number,county,city,collision_date,vehicles_involved,number_injured,number_dead,latitude,longitude,roadway_name,roadway_suffix,roadway_number,roadway_local_id,distance_from_reference,miles-feet_indicator,direction_from_reference,intersection_road_name,intersection_road_name_suffix,intersection_road_number,intersection_local_id,mile_marker,intersection_indicator,intersect_type,interchange_related_indicator,relation_to_junction,work_zone_type,construction_maintenance_zone,construction_maintenance_zone_location,fatal_case_number,officer_first_name,officer_last_name,weather_condition(s),manner_of_crash,pedestrian,bicycle,scooter,parking,hitrun,mou
103359352,METROPOLITAN NASHVILLE POLICE DEPT,20220349513,Davidson,Nashville,7/16/2022 9:36:00 AM,4,0,0,36.080950,-86.624950,MOSSDALE DR,,,,234.00,Feet,North,RURAL HILL RD,,,,0.00,N,Not at Intersection,N,Non-Junction,None,,,         ,Zacarias,Brito Jr.,Clear,Angle,no,no,no,yes,yes,False
103359374,METROPOLITAN NASHVILLE POLICE DEPT,20220349401,Davidson,Nashville,7/16/2022 12:45:00 PM,2,1,0,36.135810,-86.885150,BROOK HOLLOW RD,,,,0.00,,,CHARLOTTE PKE,,,,0.00,Y,Four-Way,N,Intersection,None,,,         ,Jonathan,Phipps,Clear,Front to Rear,no,no,no,no,no,False
103359375,METROPOLITAN NASHVILLE POLICE DEPT,20220349811,Davidson,Nashville,7/16/2022 12:00:00 AM,2,0,0,36.158290,-86.771890,KOREAN VETERANS BLVD,,,,0.00,,,1ST AVS,,,,0.00,Y,Four-Way, ,Non-Junction,None,,,         ,Douglas,Hart,Clear,Not Collision with Motor Vehicle in Transport,no,no,no,no,yes,False
103359376,METROPOLITAN NASHVILLE POLICE DEPT,20220349614,Davidson,Nashville,7/16/2022 4:27:00 PM,1,0,0,36.165120,-86.602780,BELL RD,,,,0.00,,,MILLS RD,,,,0.00,Y,T-Intersection,N,Intersection,None,,,         ,Zachary,Aldrich,Clear,Not Collision with Motor Vehicle in Transport,no,no,no,no,no,False
103359387,METROPOLITAN NASHVILLE POLICE DEPT,20220349839,Davidson,Nashville,7/16/2022 7:40:00 PM,2,0,0,36.172840,-86.765340,S 5TH ST,,,,0.00,,,SPRING ST,,,,0.00,Y,Four-Way,N,Intersection-Related,None,,,         ,Chad,Connors,Clear,Angle,no,no,no,no,yes,False
103359390,METROPOLITAN NASHVILLE POLICE DEPT,20220349844,Davidson,Nashville,7/16/2022 7:42:00 PM,2,0,0,36.233080,-86.758230,MAPLEWOOD TRC,,,,126.00,Feet,East,DICKERSON PKE,,,,0.00,N,Not at Intersection, ,Non-Junction,None,,,         ,Joseph,Gonzales,Clear,Front to Rear,no,no,no,yes,yes,False
103359405,METROPOLITAN NASHVILLE POLICE DEPT,20220349796,Davidson,Whites Creek,7/16/2022 8:20:00 PM,2,0,0,36.277470,-86.800100,I 24,,,,0.00,,,,,,,40.45,N,Not at Intersection, ,,None,,,         ,Alexander,Hartle,,,no,no,no,no,no,False
103359411,METROPOLITAN NASHVILLE POLICE DEPT,20220349865,Davidson,Nashville,7/16/2022 8:57:00 PM,2,0,0,36.163320,-86.613120,BELL RD,,,,0.00,,,DODSON CHAPEL RD,,,,0.00,Y,T-Intersection,N,Intersection,None,,,         ,Sean,Fitzmaurice,Clear,Angle,no,no,no,no,yes,False
103359413,METROPOLITAN NASHVILLE POLICE DEPT,20220349788,Davidson,Nashville,7/16/2022 7:44:00 PM,1,1,0,36.159950,-86.776510,4TH AVS,,,,4.00,Feet,North,SYMPHONY PL,,,,0.00,N,Not at Intersection,N,OtherLocation,None,,,         ,Daniel,Tomlinson,Clear,Not Collision with Motor Vehicle in Transport,no,no,yes,no,yes,False
103359421,METROPOLITAN NASHVILLE POLICE DEPT,20220349872,Davidson,Nashville,7/16/2022 12:00:00 AM,2,2,0,36.200490,-86.688660,BRILEY PKWYN,,,,33.00,Feet,North,BRILEY PKWY N ENT RAMP,,,,0.00,N,Not at Intersection,N,Non-Junction,None,,,         ,Jacob,Snyder,Cloudy,Front to Rear,no,no,no,no,no,False
103359424,METROPOLITAN NASHVILLE POLICE DEPT,20220349832,Davidson,Not in City Limit,7/16/2022 12:00:00 AM,2,2,0,36.075470,-86.940400,HIGHWAY 70S,,,,0.00,Feet,,BELLEVUE RD,,,,0.00,Y,T-Intersection,Y,Intersection-Related,None,,,         ,Blake,Langford,Clear,Front to Rear,no,no,no,no,no,False
103359454,METROPOLITAN NASHVILLE POLICE DEPT,20220349883,Davidson,Nashville,7/16/2022 9:19:00 PM,2,0,0,36.241350,-86.757250,DICKERSON PKE,,,,28.00,Feet,East,BRILEY PKWYE,,,,0.00,N,Not at Intersection,N,Non-Junction,None,,,         ,John,Robish,Clear,Front to Rear,no,no,no,no,yes,False
103359467,METROPOLITAN NASHVILLE POLICE DEPT,20220349766,Davidson,Nashville,7/16/2022 3:50:00 PM,2,0,0,36.040800,-86.743670,EDMONDSON PKE,,,,293.00,Feet,North,OLD HICKORY BLVD,,,,0.00,N,Not at Intersection,N,Non-Junction,None,,,         ,David,Harms,Clear,Front to Rear,no,no,no,no,no,False
103359473,METROPOLITAN NASHVILLE POLICE DEPT,20220349715,Davidson,Nashville,7/16/2022 6:30:00 PM,1,1,0,36.116170,-86.724220,GLENROSE AV,,,,221.00,Feet,West,BLACKSTONE PL,,,,0.00,N,Not at Intersection,N,Non-Junction,None,,,         ,Sean,McConnell,Clear,Not Collision with Motor Vehicle in Transport,no,no,no,no,yes,False
103359492,METROPOLITAN NASHVILLE POLICE DEPT,20220349923,Davidson,Goodlettsville,7/16/2022 8:05:00 PM,2,0,0,36.293940,-86.693700,SPRING BRANCH APTS PVTDR,,,,0.00,,,,,,,0.00,,, ,Non-Junction,None,,,         ,Tim,Le,Clear,Front to Rear,no,no,no,yes,no,False
103359497,METROPOLITAN NASHVILLE POLICE DEPT,20220349991,Davidson,Nashville,7/16/2022 8:33:00 PM,2,0,0,36.087840,-86.731240,NOLENSVILLE PKE,,,,461.00,Feet,North,ELYSIAN FIELDS CT,,,,0.00,N,Not at Intersection,N,Non-Junction,None,,,         ,Sierra,Walker,Clear,Front to Rear,no,no,no,no,yes,False
103359510,METROPOLITAN NASHVILLE POLICE DEPT,20220349802,Davidson,Not in City Limit,7/16/2022 12:00:00 AM,1,0,0,36.077700,-86.988340,I 40,,,,0.00,,,,,,,194.30,N,Not at Intersection, ,Non-Junction,None,,,         ,Blake,Langford,Clear,Not Collision with Motor Vehicle in Transport,no,no,no,no,no,False
103359528,METROPOLITAN NASHVILLE POLICE DEPT,20220349859,Davidson,Nashville,7/16/2022 8:25:00 PM,2,0,0,36.096150,-86.737670,NOLENSVILLE PKE,,,,0.00,Feet,East,ALLIED DR,,,,0.00,N,Not at Intersection,N,Non-Junction,None,,,         ,David,Harms,Clear,"Sideswipe, Same Direction",no,no,no,no,yes,False
103359543,METROPOLITAN NASHVILLE POLICE DEPT,20220349990,Davidson,Not in City Limit,7/16/2022 10:40:00 PM,2,0,0,36.269260,-86.755740,OLD HICKORY BLVDW,,,,0.00,Feet,West,DICKERSON PKE,,,,0.00,N,Not at Intersection,N,Non-Junction,None,,,         ,Wesley,Carver,Clear,Angle,no,no,no,no,no,False
103359548,METROPOLITAN NASHVILLE POLICE DEPT,20220350191,Davidson,Nashville,7/17/2022 12:39:00 AM,1,1,0,36.172380,-86.645900,YMCA CNCTR,,,,753.00,Feet,East,LEBANON PKE,,,,0.00,N,Not at Intersection,N,Non-Junction,None,,,         ,William,Boler,Clear,Not Collision with Motor Vehicle in Transport,no,no,no,no,no,False
103359549,METROPOLITAN NASHVILLE POLICE DEPT,20220350116,Davidson,Nashville,7/16/2022 12:00:00 AM,1,1,0,36.069270,-86.692200,I24 E EXT RAMP,,,,0.00,Feet,East,I24 E ENT RAMP,,,,0.00,N,Not at Intersection,N,Non-Junction,None,,,         ,Jack,Burke,Clear,Not Collision with Motor Vehicle in Transport,no,no,no,no,no,False
103359550,METROPOLITAN NASHVILLE POLICE DEPT,20220349983,Davidson,Nashville,7/16/2022 10:00:00 PM,2,0,0,36.126430,-86.710760,MURFREESBORO PKE,,,,140.00,Feet,South,THOMPSON PL,,,,0.00,N,Not at Intersection,N,Non-Junction,None,,,         ,Sean,Fitzmaurice,Clear,"Sideswipe, Same Direction",no,no,no,no,yes,False
103359552,METROPOLITAN NASHVILLE POLICE DEPT,20220350089,Davidson,Nashville,7/16/2022 11:25:00 PM,2,0,0,36.077090,-86.725560,EDMONDSON PKE,,,,0.00,Feet,North,WALLACE RD,,,,0.00,N,Not at Intersection, ,Non-Junction,None,,,         ,Aaron,Brumley,Clear,Front to Rear,no,no,no,no,no,False
103359567,METROPOLITAN NASHVILLE POLICE DEPT,20220350166,Davidson,Nashville,7/17/2022 12:19:00 AM,2,2,0,36.198440,-86.620270,LEBANON PKE,,,,0.00,,,OLD HICKORY BLVD,,,,0.00,Y,Four-Way,Y,Intersection-Related,None,,,         ,Thomas,Vasquez,Clear,Angle,no,no,no,no,no,False
103359581,METROPOLITAN NASHVILLE POLICE DEPT,20220350327,Davidson,Nashville,7/17/2022 3:09:00 AM,2,0,0,36.041600,-86.649140,HICKORY HOLLOW PKWY,,,,57.00,Feet,South,I24 W EXT RAMP,,,,0.00,N,Not at Intersection,N,Non-Junction,None,,,         ,Lisa,Beck,Clear,HeadOn,no,no,no,no,no,False
103359604,THP District 3 - Nashville,322057131,Davidson,Not in City Limit,7/16/2022 8:18:00 PM,2,0,0,36.095310,-86.707330,I 24,,,,0.00,,,,,,,55.00,N,Not at Intersection,N,Non-Junction,None,,,         ,Thomas,Marks,Clear,"Sideswipe, Same Direction",no,no,no,no,no,False
103359606,METROPOLITAN NASHVILLE POLICE DEPT,20220350361,Davidson,Nashville,7/17/2022 3:54:00 AM,2,0,0,36.087030,-86.693230,HARDING PL,,,,335.00,Feet,West,ANTIOCH PKE,,,,0.00,N,Not at Intersection,N,Non-Junction,None,,,         ,Eric,Laury,Clear,HeadOn,no,no,no,no,yes,False
103359623,METROPOLITAN NASHVILLE POLICE DEPT,20220350410,Davidson,Nashville,7/17/2022 5:30:00 AM,2,1,0,36.163170,-86.780190,CHURCH ST,,,,0.00,,,5TH AVN,,,,0.00,Y,Four-Way,Y,Intersection,None,,,         ,Jarrett,Messick,Clear,Angle,no,no,no,no,yes,False
103359634,METROPOLITAN NASHVILLE POLICE DEPT,20220350413,Davidson,Nashville,7/17/2022 12:00:00 AM,1,0,0,36.043750,-86.626630,ASHEFORD TRC,,,,0.00,Feet,West,CEDAR ASH CRSG,,,,0.00,N,Not at Intersection,N,Non-Junction,None,,,         ,Sefer,Kerim,Clear,Not Collision with Motor Vehicle in Transport,no,no,no,no,no,False
103359642,METROPOLITAN NASHVILLE POLICE DEPT,20220350387,Davidson,Nashville,7/17/2022 4:19:00 AM,2,0,0,36.103360,-86.714820,I 24,,,,0.00,,,,,,,54.30,N,Not at Intersection,N,Non-Junction,None,,,         ,Sullivan,Souksanh,Clear,"Sideswipe, Same Direction",no,no,no,no,yes,False
103359662,METROPOLITAN NASHVILLE POLICE DEPT,20220350212,Davidson,Nashville,7/17/2022 12:30:00 AM,2,0,0,36.249190,-86.734460,DUE WEST AVW,,,,0.00,,,S GRAYCROFT AV,,,,0.00,Y,Four-Way,N,Intersection,None,,,         ,John,Robish,Clear,Angle,no,no,no,no,no,False
103359663,METROPOLITAN NASHVILLE POLICE DEPT,20220350326,Davidson,Nashville,7/17/2022 3:18:00 AM,1,0,0,36.288780,-86.742330,DICKERSON PKES,,,,504.00,Feet,East,OLD DICKERSON PKE,,,,0.00,N,Not at Intersection,N,Non-Junction,None,,,         ,John,Robish,Clear,Not Collision with Motor Vehicle in Transport,no,no,no,yes,no,False
103359664,METROPOLITAN NASHVILLE POLICE DEPT,20220350457,Davidson,Nashville,7/17/2022 3:50:00 AM,2,0,0,36.153250,-86.794010,17TH AVS,,,,0.00,,,BROADWAY,,,,0.00,Y,Four-Way, ,Non-Junction,None,,,         ,Mark,Iovine,Clear,Angle,no,no,no,no,no,False
103359701,METROPOLITAN NASHVILLE POLICE DEPT,20220345411,Davidson,Nashville,7/14/2022 5:03:00 AM,2,0,0,36.169470,-86.806620,DR D B TODD JR BLVD,,,,0.00,,,JEFFERSON ST,,,,0.00,Y,Four-Way,N,Intersection,None,,,         ,Martin,Brown,Clear,HeadOn,no,no,no,no,yes,False
103359771,METROPOLITAN NASHVILLE POLICE DEPT,20220350620,Davidson,Nashville,7/16/2022 8:17:00 PM,2,0,0,36.087200,-86.695900,METROPLEX DR,,,,122.00,Feet,North,HARDING PL,,,,0.00,N,Not at Intersection, ,Non-Junction,None,,,         ,Sekou,Samassi,Clear,"Sideswipe, Same Direction",no,no,no,no,yes,False
103359780,METROPOLITAN NASHVILLE POLICE DEPT,20220350595,Davidson,Nashville,7/17/2022 8:37:00 AM,2,0,0,36.069970,-86.685630,HAYWOOD LN,,,,0.00,Feet,East,BAKERTOWN RD,,,,0.00,N,Not at Intersection, ,Non-Junction,None,,,         ,Ryan,Thomas,Clear,Angle,no,no,no,no,no,False
103359783,METROPOLITAN NASHVILLE POLICE DEPT,20220350606,Davidson,Nashville,7/17/2022 9:15:00 AM,2,0,0,36.041490,-86.608930,HOBSON PKE,,,,859.00,Feet,West,MURFREESBORO PKE,,,,0.00,N,Not at Intersection,Y,"Driveway, Alley Access, etc",None,,,         ,David,Rehm,Cloudy,Angle,no,no,no,no,yes,False
103359795,METROPOLITAN NASHVILLE POLICE DEPT,20220350475,Davidson,Nashville,7/16/2022 4:25:00 AM,2,0,0,36.205820,-86.781610,SCRUGGS LN,,,,389.00,Feet,South,W TRINITY LN,,,,0.00,N,Not at Intersection,N,Non-Junction,None,,,         ,Zachary,Akers,Clear,"Sideswipe, Same Direction",no,no,no,no,yes,False
103359800,METROPOLITAN NASHVILLE POLICE DEPT,20220350682,Davidson,Nashville,7/17/2022 10:39:00 AM,2,1,0,36.035550,-86.713300,NOLENSVILLE PKE,,,,0.00,Feet,East,BRENTWOOD HIGHLANDS DR,,,,0.00,N,Not at Intersection,N,Non-Junction,None,,,         ,Tavin,Emlund,Clear,Front to Rear,no,no,no,no,no,False
103359836,BERRY HILL POLICE DEPT,22-1964,Davidson,Berry Hill,7/17/2022 9:55:00 AM,2,0,0,36.119760,-86.770470,BERRY RD,,,,0.00,,,FESSEY PARK RD,,,,0.00,Y,OTHER, ,,None,,,         ,Larry,Carter,,,no,no,no,yes,no,False
103359883,METROPOLITAN NASHVILLE POLICE DEPT,20220350683,Davidson,Nashville,7/17/2022 10:50:00 AM,2,1,0,36.109630,-86.837460,ABBOTT MARTIN RD,,,,21.00,Feet,West,ESTES RD,,,,0.00,N,Not at Intersection,N,Non-Junction,None,,,         ,Tony,Folad,Cloudy,Angle,no,no,no,no,no,False
103359954,METROPOLITAN NASHVILLE POLICE DEPT,20220350795,Davidson,Nashville,7/17/2022 1:03:00 PM,2,0,0,36.263380,-86.790370,I 24,,,,0.00,,,,,,,41.60,N,Not at Intersection,N,Non-Junction,None,,,         ,Zachary,Akers,Clear,"Sideswipe, Same Direction",no,no,no,no,no,False
103359995,METROPOLITAN NASHVILLE POLICE DEPT,20220350852,Davidson,Nashville,7/17/2022 2:00:00 PM,2,0,0,36.072130,-86.732890,EDMONDSON PKE,,,,0.00,,,WHISPERING HILLS DR,,,,0.00,Y,Four-Way,N,Intersection,None,,,         ,Sekou,Samassi,Clear,Front to Rear,no,no,no,no,no,False
103360012,METROPOLITAN NASHVILLE POLICE DEPT,20220350832,Davidson,Nashville,7/17/2022 1:36:00 PM,2,3,0,36.042850,-86.606550,MURFREESBORO PKE,,,,0.00,,,HOBSON PKE,,,,0.00,Y,Four-Way,N,Intersection,None,,,         ,Tavin,Emlund,Clear,Angle,no,no,no,no,no,False
103360013,METROPOLITAN NASHVILLE POLICE DEPT,20220350780,Davidson,Nashville,7/17/2022 9:57:00 AM,2,0,0,36.103070,-86.666210,MURFREESBORO PKE,,,,0.00,,,TOWN PARK DR,,,,0.00,Y,T-Intersection,N,Intersection,None,,,         ,Eric,Burford,Clear,Angle,no,no,no,no,yes,False
103360025,METROPOLITAN NASHVILLE POLICE DEPT,20220350781,Davidson,Nashville,7/17/2022 12:48:00 PM,2,0,0,36.162740,-86.778330,4TH AVN,,,,149.00,Feet,North,COMMERCE ST,,,,0.00,N,Not at Intersection, ,Non-Junction,None,,,         ,Rachael,Robinson,Clear,"Sideswipe, Same Direction",no,no,no,no,no,False
103360030,METROPOLITAN NASHVILLE POLICE DEPT,20220350840,Davidson,Nashville,7/17/2022 1:49:00 PM,2,1,0,36.073870,-86.623510,ANDERSON RD,,,,0.00,,,OWENDALE DR,,,,0.00,Y,Four-Way,N,Intersection,None,,,         ,Nathan,Mayo,Cloudy,Angle,no,no,no,no,no,False
103360043,METROPOLITAN NASHVILLE POLICE DEPT,20220349709,Davidson,Nashville,7/16/2022 5:43:00 PM,2,0,0,36.138080,-86.860370,KNOB RD,,,,787.00,Feet,West,WHITE BRIDGE PKE,,,,0.00,N,Not at Intersection,N,Non-Junction,None,,,         ,Robert,Higgins,Clear,Front to Rear,no,no,no,no,no,False
103360072,METROPOLITAN NASHVILLE POLICE DEPT,20220350976,Davidson,Nashville,7/17/2022 3:50:00 PM,2,0,0,36.180080,-86.811230,BUCHANAN ST,,,,55.00,Feet,West,DR D B TODD JR BLVD,,,,0.00,N,Not at Intersection, ,Non-Junction,None,,,         ,Jackson,Sanders,Cloudy,Angle,no,no,no,no,no,False
103360081,METROPOLITAN NASHVILLE POLICE DEPT,20220349634,Davidson,Nashville,7/16/2022 4:54:00 PM,2,1,0,36.079710,-86.696300,I 24,,,,0.00,,,,,,,56.20,N,Not at Intersection,N,Non-Junction,None,,,         ,Amgad,Bekhit,Clear,"Sideswipe, Same Direction",no,no,no,no,no,False
103360082,METROPOLITAN NASHVILLE POLICE DEPT,20220351032,Davidson,Nashville,7/17/2022 3:50:00 PM,2,0,0,36.168120,-86.757210,S 7TH ST,,,,20.00,Feet,South,SYLVAN ST,,,,0.00,N,Not at Intersection,N,Non-Junction,None,,,         ,Chad,Connors,Clear,Angle,no,no,no,no,yes,False
103360106,METROPOLITAN NASHVILLE POLICE DEPT,20220351051,Davidson,Nashville,7/17/2022 4:59:00 PM,1,1,0,36.049850,-86.695820,BROOK VIEW ESTATES DR,,,,96.00,Feet,South,OCALA DR,,,,0.00,N,Not at Intersection,N,Non-Junction,None,,,         ,John,McDonnell,Cloudy,Not Collision with Motor Vehicle in Transport,no,no,no,no,no,False
103360111,METROPOLITAN NASHVILLE POLICE DEPT,20220351061,Davidson,Nashville,7/17/2022 3:09:00 PM,2,0,0,36.151420,-86.768640,I 40,,,,0.00,,,,,,,210.45,N,Not at Intersection,N,Non-Junction,None,,,         ,Dylan,Colquhoun,Cloudy,Angle,no,no,no,no,no,False
103360124,METROPOLITAN NASHVILLE POLICE DEPT,20220351119,Davidson,Nashville,7/17/2022 12:00:00 AM,2,0,0,36.127570,-86.843880,WOODLAWN DR,,,,0.00,Feet,,HARDING PKE,,,,0.00,Y,Four-Way,Y,Intersection,None,,,         ,Blake,Langford,Clear,"Sideswipe, Same Direction",no,no,no,no,yes,False
103360128,METROPOLITAN NASHVILLE POLICE DEPT,20220350988,Davidson,Nashville,7/17/2022 9:00:00 AM,1,0,0,36.125370,-86.713580,EAST THOMPSON LN,,,,51.00,Feet,West,LAWNDALE DR,,,,0.00,N,Not at Intersection,N,Non-Junction,None,,,         ,Amgad,Bekhit,Clear,Not Collision with Motor Vehicle in Transport,no,no,no,no,yes,False
103360133,METROPOLITAN NASHVILLE POLICE DEPT,20220351068,Davidson,Nashville,7/17/2022 5:13:00 PM,3,2,0,36.045430,-86.703610,OLD HICKORY BLVD,,,,0.00,,,EULALA DR,,,,0.00,Y,Four-Way,N,Intersection,None,,,         ,Steven,Bowler,Cloudy,Angle,no,no,no,no,no,False
103360150,METROPOLITAN NASHVILLE POLICE DEPT,20220351086,Davidson,Nashville,7/17/2022 12:00:00 AM,1,0,0,36.087830,-86.719080,ASTER DR,,,,0.00,,,,,,,0.00,,,N,"Driveway, Alley Access, etc",None,,,         ,Amgad,Bekhit,Unknown,Not Collision with Motor Vehicle in Transport,no,no,no,yes,yes,False
103360157,METROPOLITAN NASHVILLE POLICE DEPT,20220351018,Davidson,Nashville,7/16/2022 11:00:00 PM,2,0,0,36.083960,-86.893040,SHADOWOOD DR,,,,155.00,Feet,East,PERCY WARNER BLVD,,,,0.00,N,Not at Intersection, ,Non-Junction,None,,,         ,Cameron,Van Der Merwe,Clear,Front to Rear,no,no,no,yes,yes,False
103360168,METROPOLITAN NASHVILLE POLICE DEPT,20220350915,Davidson,Nashville,7/17/2022 12:42:00 PM,2,0,0,36.163580,-86.783250,UNION ST,,,,93.00,Feet,East,7TH AVN,,,,0.00,N,Not at Intersection, ,Non-Junction,None,,,         ,Matthew,Hogan,Cloudy,"Sideswipe, Same Direction",no,no,no,no,no,False
103360178,METROPOLITAN NASHVILLE POLICE DEPT,20220351185,Davidson,Nashville,7/17/2022 6:54:00 PM,1,1,0,36.240980,-86.673440,CHEYENNE BLVD,,,,94.00,Feet,North,NEELYS BEND RD,,,,0.00,N,Not at Intersection,N,Non-Junction,None,,,         ,Philip,Claibourne,Cloudy,Not Collision with Motor Vehicle in Transport,no,no,no,no,no,False
103360195,METROPOLITAN NASHVILLE POLICE DEPT,20220351132,Davidson,Not in City Limit,7/17/2022 6:10:00 PM,1,0,0,36.010830,-86.639750,CANE RIDGE RD,,,,0.70,Miles,North,OLD HICKORY BLVD,,,,0.00,N,Not at Intersection,N,Non-Junction,None,,,         ,John,McDonnell,Clear,Not Collision with Motor Vehicle in Transport,no,no,no,no,yes,False
103360217,METROPOLITAN NASHVILLE POLICE DEPT,20220351246,Davidson,Nashville,7/17/2022 8:00:00 PM,2,0,0,36.208300,-86.788870,W TRINITY LN,,,,0.00,Feet,West,OLD MATTHEWS RD,,,,0.00,N,Not at Intersection,N,Non-Junction,None,,,         ,Austin,Bowles,Clear,"Sideswipe, Same Direction",no,no,no,no,no,False
103360233,METROPOLITAN NASHVILLE POLICE DEPT,20220351131,Davidson,Nashville,7/17/2022 6:08:00 PM,2,2,0,36.121250,-86.627680,WOODLAND POINTE DR,,,,0.00,,,BUCK RUN DR,,,,0.00,Y,T-Intersection,N,Intersection-Related,None,,,         ,Robert,Marquez,Clear,Front to Rear,no,no,no,no,no,False
103360235,METROPOLITAN NASHVILLE POLICE DEPT,20220351249,Davidson,Nashville,7/17/2022 5:20:00 PM,2,0,0,36.187550,-86.862440,COUNTY HOSPITAL RD,,,,3.00,Feet,West,BRILEY PKWYN,,,,0.00,N,Not at Intersection,N,Non-Junction,None,,,         ,Keith,Covert,Clear,"Sideswipe, Same Direction",no,no,no,no,yes,False
103360254,METROPOLITAN NASHVILLE POLICE DEPT,20220350940,Davidson,Nashville,7/11/2022 1:45:00 PM,1,1,0,36.209110,-86.839410,CLARKSVILLE PKE,,,,290.00,Feet,North,W HAMILTON RD,,,,0.00,N,Not at Intersection,N,Non-Junction,None,,,         ,Robert,Laboy,Clear,Not Collision with Motor Vehicle in Transport,yes,no,no,yes,yes,False
103360256,METROPOLITAN NASHVILLE POLICE DEPT,20220350927,Davidson,Nashville,7/17/2022 3:00:00 PM,2,0,0,36.158530,-86.781870,8TH AVS,,,,147.00,Feet,South,ROSA L PARKS BLVD,,,,0.00,N,Not at Intersection,N,Non-Junction,None,,,         ,Flynn,Ireland,Clear,"Sideswipe, Same Direction",no,no,no,no,yes,False
103360271,METROPOLITAN NASHVILLE POLICE DEPT,20220351163,Davidson,Nashville,7/17/2022 6:30:00 PM,2,1,0,36.091170,-86.772050,N CURTISWOOD LN,,,,206.00,Feet,West,FRANKLIN PKE,,,,0.00,N,Not at Intersection,N,Non-Junction,None,,,         ,Dylan,Chambers,Clear,Angle,no,no,no,no,no,False
103360291,METROPOLITAN NASHVILLE POLICE DEPT,20220351101,Davidson,Nashville,7/15/2022 10:00:00 PM,2,0,0,36.076820,-86.596410,RUNABOUT DR,DR,,,0.00,,South,RUNABOUT DR,,,,0.00,N,Not at Intersection,N,Non-Junction,None,,,         ,Robert,Marquez,Clear,Angle,no,no,no,no,yes,False
103360296,METROPOLITAN NASHVILLE POLICE DEPT,20220351305,Davidson,Nashville,7/17/2022 4:30:00 PM,2,0,0,36.042020,-86.661790,BELL HOLLOW APTS PVTDR,,,,0.00,Feet,East,CANE RIDGE RD,,,,0.00,N,Not at Intersection, ,,None,,,         ,Michael,Overberg,,,no,no,no,no,no,False
103360311,METROPOLITAN NASHVILLE POLICE DEPT,20220351122,Davidson,Nashville,7/17/2022 6:00:00 PM,1,0,0,36.120030,-86.802240,I 440,,,,0.00,,,,,,,80.60,,Not at Intersection,N,Non-Junction,None,,,         ,Nicholas,Hoffmann,Clear,Not Collision with Motor Vehicle in Transport,no,no,no,no,yes,False
103360315,METROPOLITAN NASHVILLE POLICE DEPT,20220351261,Davidson,Nashville,7/17/2022 8:03:00 PM,2,0,0,36.150430,-86.749390,I 40,,,,0.00,,,,,,,211.65,N,Not at Intersection,N,Non-Junction,None,,,         ,William,Boler,Clear,Angle,no,no,no,no,yes,False
103360320,METROPOLITAN NASHVILLE POLICE DEPT,20220351442,Davidson,Nashville,7/17/2022 3:03:00 PM,2,0,0,36.151230,-86.758040,LEWIS ST,,,,195.00,Feet,South,FAIN ST,,,,0.00,N,Not at Intersection,N,Non-Junction,None,,,         ,Richard,Luellen,Clear,Angle,no,no,no,no,yes,False
103360321,METROPOLITAN NASHVILLE POLICE DEPT,20220351338,Davidson,Nashville,7/17/2022 9:40:00 PM,2,2,0,36.109450,-86.728050,BRILEY PKWYN,,,,0.00,Feet,North,BRILEY PKWYS,,,,0.00,N,Not at Intersection,N,Non-Junction,None,,,         ,Jerrod,Kalinsky,Clear,Angle,no,no,no,no,no,False
103360348,GOODLETTSVILLE POLICE DEPT,22-21890,Davidson,Goodlettsville,7/17/2022 1:01:00 AM,1,0,0,36.303500,-86.702150,RIVERGATE PKWY,,,,0.00,,,WREN RD,,,,0.00,,,N,Non-Junction,None,,,         ,William,Monaghan,Clear,Not Collision with Motor Vehicle in Transport,no,no,no,no,no,False
103360350,METROPOLITAN NASHVILLE POLICE DEPT,20220351449,Davidson,Nashville,7/17/2022 10:37:00 PM,2,0,0,36.182690,-86.759800,MANSFIELD ST,,,,0.00,Feet,East,NEILL AV,,,,0.00,N,Not at Intersection,N,Non-Junction,None,,,         ,Spencer,Arroyo,Clear,HeadOn,no,no,no,no,yes,False
103360353,METROPOLITAN NASHVILLE POLICE DEPT,20220351055,Davidson,Nashville,7/17/2022 12:00:00 AM,2,0,0,36.178080,-86.745630,FORREST AV,,,,0.00,Feet,,N 14TH ST,,,,0.00,Y,Four-Way,N,Intersection-Related,None,,,         ,McKenzie,Harper,Clear,"Sideswipe, Same Direction",no,no,no,no,yes,False
103360358,METROPOLITAN NASHVILLE POLICE DEPT,20220351468,Davidson,Nashville,7/17/2022 10:40:00 PM,2,1,0,36.056380,-86.693030,LUKER LN,,,,116.00,Feet,West,HILL BENNETT CIR,,,,0.00,N,Not at Intersection,N,Non-Junction,None,,,         ,Alex,DiBernardo,Clear,HeadOn,no,no,no,no,no,False
103360359,METROPOLITAN NASHVILLE POLICE DEPT,20220351528,Davidson,Nashville,7/17/2022 11:26:00 PM,2,1,0,36.230370,-86.771090,I 65,,,,0.00,,,,,,,89.00,N,Not at Intersection,N,Non-Junction,None,,,         ,Kristopher,Sutton,Clear,Front to Rear,no,no,no,no,no,False