master_record_number,agency,agency_tracking_number,county,city,collision_date,vehicles_involved,number_injured,number_dead,latitude,longitude,roadway_name,roadway_suffix,roadway_number,roadway_local_id,distance_from_reference,miles-feet_indicator,direction_from_reference,intersection_road_name,intersection_road_name_suffix,intersection_road_number,intersection_local_id,mile_marker,intersection_indicator,intersect_type,interchange_related_indicator,relation_to_junction,work_zone_type,construction_maintenance_zone,construction_maintenance_zone_location,fatal_case_number,officer_first_name,officer_last_name,weather_condition(s),manner_of_crash,pedestrian,bicycle,scooter,parking,hitrun,mou
103360376,METROPOLITAN NASHVILLE POLICE DEPT,20220351176,Davidson,Nashville,7/17/2022 6:47:00 PM,2,1,0,36.154270,-86.792890,16TH AVS,,,,0.00,,,BROADWAY,,,,0.00,Y,Y-Intersection,Y,Intersection,None,,,         ,Nicholas,Hoffmann,Clear,Angle,no,no,no,no,no,False
103360460,METROPOLITAN NASHVILLE POLICE DEPT,20220351825,Davidson,Nashville,7/18/2022 5:31:00 AM,1,0,0,36.007850,-86.992420,I-40 E,,,,0.00,,East,,,I,,194.20,N,Not at Intersection,N,Non-Junction,None,,,         ,Nicholas,Smith,Rain,Not Collision with Motor Vehicle in Transport,no,no,no,no,no,False
103360463,METROPOLITAN NASHVILLE POLICE DEPT,20220351829,Davidson,Nashville,7/18/2022 5:40:00 AM,1,0,0,36.167650,-86.795870,I 40,,,,0.00,,,,,,,208.80,N,Not at Intersection,N,Non-Junction,None,,,         ,Brian,DeMarce,Rain,Not Collision with Motor Vehicle in Transport,no,no,no,no,no,False
103360464,METROPOLITAN NASHVILLE POLICE DEPT,20220351462,Davidson,Nashville,7/17/2022 7:00:00 PM,3,0,0,36.180710,-86.754980,MCFERRIN AV,,,,173.00,Feet,North,MARINA ST,,,,0.00,N,Not at Intersection, ,Non-Junction,None,,,         ,Jordan,Knight,Clear,Front to Rear,no,no,no,no,yes,False
103360493,METROPOLITAN NASHVILLE POLICE DEPT,20220351856,Davidson,Nashville,7/18/2022 6:14:00 AM,1,0,0,36.166470,-86.612180,I 40,,,,0.00,,,,,,,220.20,N,Not at Intersection,N,Non-Junction,None,,,         ,Larry,Benz,Rain,Not Collision with Motor Vehicle in Transport,no,no,no,no,no,False
103360509,METROPOLITAN NASHVILLE POLICE DEPT,20220351741,Davidson,Nashville,7/18/2022 2:50:00 AM,1,1,0,36.191990,-86.781480,I 65,,,,0.00,,,,,,,86.20,N,Not at Intersection,N,Non-Junction,None,,,         ,Pamela,Caulder,Rain,Not Collision with Motor Vehicle in Transport,no,no,no,no,no,False
103360524,METROPOLITAN NASHVILLE POLICE DEPT,20220351886,Davidson,Nashville,7/18/2022 6:42:00 AM,1,0,0,36.240260,-86.749190,I65 S EXT RAMP,,,,0.00,Feet,East,I65 N EXT RAMP,,,,0.00,N,Not at Intersection,N,Non-Junction,None,,,         ,Jarret,Sonnenberg,Rain,Not Collision with Motor Vehicle in Transport,no,no,no,no,no,False
103360526,METROPOLITAN NASHVILLE POLICE DEPT,20220351873,Davidson,Nashville,7/18/2022 6:30:00 AM,2,0,0,36.141140,-86.721950,I40 W EXT RAMP,,,,0.00,,,I 40,,,,0.00,Y,T-Intersection,N,Intersection-Related,None,,,         ,Cameron,Fritschie,"Cloudy, Rain",Front to Rear,no,no,no,no,no,False
103360530,METROPOLITAN NASHVILLE POLICE DEPT,20220351882,Davidson,Nashville,7/18/2022 6:41:00 AM,2,1,0,36.077790,-86.765950,I 65,,,,0.00,,,,,,,77.50,N,Not at Intersection,N,Non-Junction,None,,,         ,Wyatt,Blacker,"Cloudy, Rain","Sideswipe, Same Direction",no,no,no,no,yes,False
103360531,METROPOLITAN NASHVILLE POLICE DEPT,20220351889,Davidson,Nashville,7/18/2022 6:30:00 AM,3,0,0,36.197860,-86.776300,I 65,,,,0.00,,,,,,,86.70,N,Not at Intersection,N,Non-Junction,None,,,         ,Zachary,Akers,"Cloudy, Rain",Front to Rear,no,no,no,no,no,False
103360536,METROPOLITAN NASHVILLE POLICE DEPT,20220350331,Davidson,Nashville,7/17/2022 3:20:00 AM,2,0,0,36.193560,-86.775850,I 65,,,,0.00,,,,,,,86.55,N,Not at Intersection,N,Non-Junction,None,,,         ,Scott,St. John,Clear,"Sideswipe, Same Direction",no,no,no,no,no,False
103360538,METROPOLITAN NASHVILLE POLICE DEPT,20220351887,Davidson,Nashville,7/18/2022 6:47:00 AM,1,0,0,36.192150,-86.779490,I65 S ENT RAMP,,,,0.00,Feet,East,I 65,,,,0.00,N,Not at Intersection, ,Non-Junction,None,,,         ,James,Wray,Rain,Not Collision with Motor Vehicle in Transport,no,no,no,no,no,False
103360541,METROPOLITAN NASHVILLE POLICE DEPT,20220351846,Davidson,Nashville,7/18/2022 5:54:00 AM,2,2,0,36.144200,-86.692330,I40 W EXT RAMP,,,,0.00,Feet,East,I 40,,,,0.00,N,Not at Intersection,N,Non-Junction,None,,,         ,Dylan,Motes,Rain,Not Collision with Motor Vehicle in Transport,no,no,no,no,no,False
103360546,METROPOLITAN NASHVILLE POLICE DEPT,20220351906,Davidson,Nashville,7/18/2022 6:59:00 AM,1,0,0,36.143150,-86.686430,I 40,,,,0.00,,,,,,,215.50,N,Not at Intersection, ,Non-Junction,None,,,         ,Zachariah,Souza,Rain,Not Collision with Motor Vehicle in Transport,no,no,no,no,no,False
103360549,METROPOLITAN NASHVILLE POLICE DEPT,20220345002,Davidson,Nashville,7/13/2022 10:57:00 PM,1,1,0,36.186400,-86.747230,GALLATIN AV,,,,70.00,Feet,South,PETWAY AV,,,,0.00,N,Not at Intersection,N,Non-Junction,None,,,         ,Donald,Davidson,Clear,Not Collision with Motor Vehicle in Transport,yes,no,no,no,no,False
103360552,METROPOLITAN NASHVILLE POLICE DEPT,20220351905,Davidson,Nashville,7/18/2022 7:00:00 AM,3,0,0,36.243920,-86.748360,I65 S EXT RAMP,,,,0.00,Feet,East,I 65,,,,0.00,N,Not at Intersection,Y,Entrance/Exit Ramp Related,None,,,         ,Theodore,Kenney,Rain,Front to Rear,no,no,no,no,yes,False
103360553,METROPOLITAN NASHVILLE POLICE DEPT,20220351932,Davidson,Nashville,7/18/2022 7:22:00 AM,2,0,0,36.141270,-86.664560,I 40,,,,0.00,,,,,,,269.75,N,Not at Intersection, ,,None,,,         ,Larry,Benz,,,no,no,no,no,no,False
103360559,METROPOLITAN NASHVILLE POLICE DEPT,20220351857,Davidson,Nashville,7/18/2022 12:00:00 AM,1,1,0,36.192120,-86.779770,I65 S ENT RAMP,,,,0.00,Feet,East,I 65,,,,0.00,N,Not at Intersection,N,Non-Junction,None,,,         ,Jean,McCormack,Rain,Not Collision with Motor Vehicle in Transport,no,no,no,no,no,False
103360564,METROPOLITAN NASHVILLE POLICE DEPT,20220351981,Davidson,Nashville,7/18/2022 7:30:00 AM,2,0,0,36.103350,-86.816090,WARFIELD DR,,,,0.00,,,HILLSBORO PKE,,,,0.00,Y,T-Intersection, ,Intersection-Related,None,,,         ,Sekou,Samassi,Rain,Angle,no,no,no,no,no,False
103360565,METROPOLITAN NASHVILLE POLICE DEPT,20220352021,Davidson,Nashville,7/18/2022 7:30:00 AM,2,0,0,36.154880,-86.830730,I 40,,,,0.00,,,,,,,205.40,N,Not at Intersection,N,Non-Junction,None,,,         ,Earl,Davis,Unknown,"Sideswipe, Same Direction",no,no,no,no,yes,False
103360570,METROPOLITAN NASHVILLE POLICE DEPT,20220352047,Davidson,Nashville,7/18/2022 7:47:00 AM,2,0,0,36.059390,-86.772710,I 65,,,,0.00,,,,,,,76.20,N,Not at Intersection, ,Non-Junction,None,,,         ,Brent,Bauer,Rain,Front to Rear,no,no,no,no,no,False
103360575,METROPOLITAN NASHVILLE POLICE DEPT,20220345579,Davidson,Nashville,7/14/2022 7:55:00 AM,1,0,1,36.067070,-86.689000,APACHE TRL,,,,29.00,Feet,East,HICKORY LAKE APTS PVTDR,,,,0.00,N,Not at Intersection,N,Non-Junction,None,,,         ,Donald,Davidson,Clear,Not Collision with Motor Vehicle in Transport,yes,no,no,no,no,False
103360577,THP District 3 - Nashville,322055470,Davidson,Nashville,7/11/2022 12:00:00 AM,2,0,0,36.213990,-86.745420,R S GASS BLVD,,,,833.00,Feet,East,ELLINGTON PKWYN,,,,0.00,N,Not at Intersection, ,Non-Junction,None,,,         ,Alexander,Campbell,Clear,"Sideswipe, Same Direction",no,no,no,yes,yes,False
103360580,METROPOLITAN NASHVILLE POLICE DEPT,20220352014,Davidson,Nashville,7/18/2022 8:18:00 AM,2,0,0,36.085330,-86.702180,HARDING PL,,,,211.00,Feet,East,I24 E EXT RAMP,,,,0.00,N,Not at Intersection,N,Non-Junction,None,,,         ,Luis,Pena,Cloudy,Front to Rear,no,no,no,no,yes,False
103360582,METROPOLITAN NASHVILLE POLICE DEPT,20220352048,Davidson,Nashville,7/18/2022 7:15:00 AM,2,0,0,36.141260,-86.716970,I 40,,,,0.00,,,,,,,213.20,N,Not at Intersection,N,Non-Junction,None,,,         ,Wesley,Young,Rain,"Sideswipe, Same Direction",no,no,no,no,yes,False
103360583,METROPOLITAN NASHVILLE POLICE DEPT,20220351958,Davidson,Nashville,7/18/2022 7:30:00 AM,3,0,0,36.141350,-86.665960,I 40,,,,0.00,,,,,,,269.65,N,Not at Intersection,N,Non-Junction,None,,,         ,Larry,Benz,Rain,Front to Rear,no,no,no,no,no,False
103360590,METROPOLITAN NASHVILLE POLICE DEPT,20220352071,Davidson,Nashville,7/18/2022 12:00:00 AM,1,0,0,36.054570,-86.659550,MT VIEW RD,,,,124.00,Feet,West,HICKORY HOLLOW PL,,,,0.00,N,Not at Intersection,N,Unknown,None,,,         ,Stanley,Collins,Unknown,Unknown,no,no,no,no,yes,False
103360593,BERRY HILL POLICE DEPT,22-1961,Davidson,Berry Hill,7/17/2022 8:39:00 AM,2,0,0,36.123990,-86.776340,FRANKLIN PKE,,,,374.00,Feet,South,INVERNESS AV,,,,0.00,N,Not at Intersection, ,Non-Junction,None,,,         ,Ronnie,Hill,Clear,"Sideswipe, Same Direction",no,no,no,no,no,False
103360607,METROPOLITAN NASHVILLE POLICE DEPT,20220352120,Davidson,Nashville,7/18/2022 8:45:00 AM,2,0,0,36.142660,-86.683220,I 40,,,,0.00,,,,,,,215.65,N,Not at Intersection,N,Non-Junction,None,,,         ,Charis,Holland,Rain,"Sideswipe, Same Direction",no,no,no,no,no,False
103360612,METROPOLITAN NASHVILLE POLICE DEPT,20220351857,Davidson,Not in City Limit,7/18/2022 5:42:00 AM,3,0,0,36.282280,-86.805450,I 24,,,,0.00,,,,,,,40.00,N,Not at Intersection,N,Non-Junction,None,,,         ,James,Wray,Rain,Front to Rear,no,no,no,no,yes,False
103360618,METROPOLITAN NASHVILLE POLICE DEPT,20220352167,Davidson,Nashville,7/18/2022 9:45:00 AM,1,0,0,36.235820,-86.763830,I 65,,,,0.00,,,,,,,89.55,N,Not at Intersection,N,Non-Junction,None,,,         ,Nicholas,Carter,Rain,Not Collision with Motor Vehicle in Transport,no,no,no,no,no,False
103360623,METROPOLITAN NASHVILLE POLICE DEPT,20220352109,Davidson,Nashville,7/18/2022 9:06:00 AM,2,0,0,36.154100,-86.834410,I 40,,,,0.00,,,,,,,205.20,N,Not at Intersection,N,Non-Junction,None,,,         ,Douglas,Atwood,Rain,Angle,no,no,no,no,no,False
103360625,METROPOLITAN NASHVILLE POLICE DEPT,20220352057,Davidson,Nashville,7/18/2022 8:43:00 AM,3,1,0,36.141130,-86.627970,BELL RD,,,,0.00,Feet,,ELM HILL PKE,,,,0.00,Y,T-Intersection,N,Intersection-Related,None,,,         ,Cameron,Fritschie,"Cloudy, Rain",Front to Rear,no,no,no,no,no,False
103360628,METROPOLITAN NASHVILLE POLICE DEPT,20220352079,Davidson,Nashville,7/18/2022 12:00:00 AM,3,0,0,36.170060,-86.806870,DR D B TODD JR BLVD,,,,11.00,Feet,South,SCOVEL ST,,,,0.00,N,Not at Intersection,N,Non-Junction,None,,,         ,Jean,McCormack,Rain,Front to Rear,no,no,no,no,no,False
103360635,METROPOLITAN NASHVILLE POLICE DEPT,20220352058,Davidson,Nashville,7/18/2022 8:10:00 AM,2,0,0,36.166200,-86.612610,I 40,,,,0.00,,,,,,,220.20,N,Not at Intersection,N,Non-Junction,None,,,         ,Zachariah,Souza,Rain,Front to Rear,no,no,no,no,no,False
103360644,METROPOLITAN NASHVILLE POLICE DEPT,20220352074,Davidson,Nashville,7/18/2022 8:50:00 AM,2,1,0,36.032970,-86.611850,OLD HICKORY BLVD,,,,113.00,Feet,North,PRESERVE BLVD,,,,0.00,N,Not at Intersection,N,Non-Junction,None,,,         ,James,Thomas,Rain,Front to Rear,no,no,no,no,no,False
103360645,METROPOLITAN NASHVILLE POLICE DEPT,20220352137,Davidson,Nashville,7/18/2022 9:43:00 AM,1,0,0,36.128150,-86.900910,I 40,,,,0.00,,,,,,,200.85,N,Not at Intersection,N,Non-Junction,None,,,         ,Robert,Allen,Rain,Not Collision with Motor Vehicle in Transport,no,no,no,no,no,False
103360648,METROPOLITAN NASHVILLE POLICE DEPT,20220352190,Davidson,Nashville,7/18/2022 10:24:00 AM,1,0,0,36.141950,-86.677450,I 40,,,,0.00,,,,,,,216.00,N,Not at Intersection,N,Non-Junction,None,,,         ,Cameron,Fritschie,Cloudy,Not Collision with Motor Vehicle in Transport,no,no,no,no,no,False
103360653,METROPOLITAN NASHVILLE POLICE DEPT,20220352132,Davidson,Nashville,7/18/2022 9:39:00 AM,2,1,0,36.215020,-86.592440,LEBANON PKE,,,,1153.00,Feet,West,ANDREW JACKSON PKWY,,,,0.00,N,Not at Intersection,N,Non-Junction,None,,,         ,Larry,Benz,Rain,Angle,no,no,no,no,no,False
103360660,METROPOLITAN NASHVILLE POLICE DEPT,20220352061,Davidson,Nashville,7/18/2022 8:15:00 AM,2,1,0,36.173950,-86.788490,JEFFERSON ST,,,,66.00,Feet,East,6TH AVN,,,,0.00,N,Not at Intersection,N,Non-Junction,None,,,         ,Kelcey,Bell,Rain,Front to Rear,no,no,no,no,no,False
103360661,METROPOLITAN NASHVILLE POLICE DEPT,20220352247,Davidson,Not in City Limit,7/18/2022 11:05:00 AM,2,2,0,36.080710,-86.944380,SAWYER BROWN RD,,,,427.00,Feet,South,ESTERBROOK DR,,,,0.00,N,Not at Intersection,N,Non-Junction,None,,,         ,Jackson,Smythe,Cloudy,Angle,no,no,no,no,no,False
103360662,METROPOLITAN NASHVILLE POLICE DEPT,20220352193,Davidson,Nashville,7/18/2022 10:23:00 AM,3,0,0,36.012660,-86.618790,I 24,,,,0.00,,,,,,,62.70,N,Not at Intersection,N,Non-Junction,None,,,         ,Charles,Agius,Rain,"Sideswipe, Same Direction",no,no,no,no,yes,False
103360674,METROPOLITAN NASHVILLE POLICE DEPT,20220352087,Davidson,Nashville,7/18/2022 9:07:00 AM,2,0,0,36.239700,-86.775340,BRILEY PKWYW,,,,324.00,Feet,North,BRILEY PKWYE,,,,0.00,N,Not at Intersection, ,Non-Junction,None,,,         ,Broderick,Jones,Rain,Angle,no,no,no,no,no,False
103360676,METROPOLITAN NASHVILLE POLICE DEPT,20220352244,Davidson,Nashville,7/18/2022 10:10:00 AM,2,0,0,36.155750,-86.809740,23RD AVN,,,,0.00,,,CHARLOTTE AV,,,,0.00,Y,Four-Way,N,Intersection,None,,,         ,Jean,McCormack,Rain,"Sideswipe, Same Direction",no,no,no,no,yes,False
103360703,METROPOLITAN NASHVILLE POLICE DEPT,20220352349,Davidson,Nashville,7/18/2022 12:10:00 PM,2,1,0,36.180930,-86.773900,DICKERSON PKE ENT RAMP,,,,0.00,,,I 24,,,,0.00,Y,T-Intersection,N,Intersection,None,,,         ,Jason,Milyaro Lucas,Cloudy,Angle,no,no,no,no,no,False
103360707,METROPOLITAN NASHVILLE POLICE DEPT,20220352290,Davidson,Nashville,7/18/2022 11:35:00 AM,2,1,0,36.144660,-86.744040,ELM HILL PKE,,,,0.00,,,FESSLERS LN,,,,0.00,Y,Four-Way,Y,Intersection,None,,,         ,Charis,Holland,Cloudy,Front to Rear,no,no,no,no,no,False
103360711,METROPOLITAN NASHVILLE POLICE DEPT,20220352350,Davidson,Nashville,7/18/2022 12:11:00 PM,2,0,0,36.047230,-86.656350,BELL RD,,,,168.00,Feet,West,HICKORY HOLLOW PKWY,,,,0.00,N,Not at Intersection,N,Non-Junction,None,,,         ,Stanley,Collins,Clear,Angle,no,no,no,no,no,False
103360712,METROPOLITAN NASHVILLE POLICE DEPT,20220352219,Davidson,Nashville,7/18/2022 10:40:00 AM,1,0,0,36.124870,-86.734700,GARWOOD DR,,,,0.00,,,LYLE CT,,,,0.00,Y,OTHER,N,Non-Junction,None,,,         ,Eric,Burford,Rain,Not Collision with Motor Vehicle in Transport,no,no,no,no,no,False
103360721,METROPOLITAN NASHVILLE POLICE DEPT,20220352346,Davidson,Nashville,7/18/2022 11:55:00 AM,2,0,0,36.153720,-86.794550,WEST END AV,,,,49.00,Feet,West,17TH AVS,,,,0.00,N,Not at Intersection, ,Non-Junction,None,,,         ,Mark,Iovine,Cloudy,"Sideswipe, Same Direction",no,no,no,no,no,False
103360724,METROPOLITAN NASHVILLE POLICE DEPT,20220352222,Davidson,Nashville,7/18/2022 10:24:00 AM,1,1,0,36.141980,-86.677790,I 40,,,,0.00,,,,,,,215.95,N,Not at Intersection,N,Non-Junction,None,,,         ,Brian,Ritz,"Cloudy, Rain",Not Collision with Motor Vehicle in Transport,no,no,no,no,no,False
103360741,METROPOLITAN NASHVILLE POLICE DEPT,20220352393,Davidson,Nashville,7/18/2022 12:30:00 PM,2,0,0,36.105130,-86.795910,GRANNY WHITE PKE,,,,171.00,Feet,South,MORROW AV,,,,0.00,N,Not at Intersection, ,,None,,,         ,Brent,Bauer,,,no,no,no,no,no,False
103360748,METROPOLITAN NASHVILLE POLICE DEPT,20220352147,Davidson,Nashville,7/18/2022 9:49:00 AM,2,1,0,36.153900,-86.837700,I 40,,,,0.00,,,,,,,205.00,N,Not at Intersection,N,Non-Junction,None,,,         ,Matthew,Carson,Rain,Front to Rear,no,no,no,no,yes,False
103360773,METROPOLITAN NASHVILLE POLICE DEPT,20220352180,Davidson,Nashville,7/18/2022 12:00:00 AM,1,0,0,36.083400,-86.727470,NOLENSVILLE PKE,,,,0.00,Feet,,WELCH RD,,,,0.00,Y,T-Intersection,N,Intersection,None,,,         ,Todd,Watson,Unknown,Not Collision with Motor Vehicle in Transport,no,no,no,no,yes,False
103360794,METROPOLITAN NASHVILLE POLICE DEPT,20220352408,Davidson,Nashville,7/18/2022 10:45:00 AM,2,0,0,36.144190,-86.692260,I40 W EXT RAMP,,,,497.00,Feet,East,I 40,,,,0.00,N,Not at Intersection, ,Entrance/Exit Ramp Related,None,,,         ,Larry,Benz,Cloudy,Front to Rear,no,no,no,no,no,False
103360844,METROPOLITAN NASHVILLE POLICE DEPT,20220352557,Davidson,Not in City Limit,7/18/2022 1:55:00 PM,1,0,0,36.083330,-86.998430,NEWSOM STATION RD,,,,1408.00,Feet,West,MERRYMOUNT DR,,,,0.00,N,Not at Intersection, ,Non-Junction,None,,,         ,Jackson,Smythe,Cloudy,Not Collision with Motor Vehicle in Transport,no,no,no,no,no,False
103360846,METROPOLITAN NASHVILLE POLICE DEPT,20220352406,Davidson,Nashville,7/18/2022 12:13:00 PM,1,0,0,36.134100,-86.746680,FESSLERS LN,,,,245.00,Feet,South,POLK AV,,,,0.00,N,Not at Intersection,N,Non-Junction,None,,,         ,Charles,Agius,Cloudy,Not Collision with Motor Vehicle in Transport,no,no,no,no,no,False
103360865,METROPOLITAN NASHVILLE POLICE DEPT,2022-0352176,Davidson,Nashville,7/18/2022 10:10:00 AM,1,0,0,36.134570,-86.819650,I440 W EXT RAMP,,,,0.00,Feet,East,I 440,,,,0.00,N,Not at Intersection,N,Non-Junction,None,,,         ,Sean,Williams,Rain,Not Collision with Motor Vehicle in Transport,no,no,no,no,no,False
103360882,METROPOLITAN NASHVILLE POLICE DEPT,20220352421,Davidson,Nashville,7/18/2022 12:50:00 PM,2,2,0,36.035220,-86.676000,W OAK HIGHLAND DR,,,,0.00,Feet,,OAK HIGHLAND DR,,,,0.00,Y,Four-Way,Y,Intersection-Related,None,,,         ,Timothy,Ward,Cloudy,Angle,no,no,no,no,no,False
103360930,METROPOLITAN NASHVILLE POLICE DEPT,20220352556,Davidson,Nashville,7/18/2022 1:55:00 PM,2,0,0,36.144710,-86.862410,BELLMORE PL,,,,295.00,Feet,North,BELLMORE AV,,,,0.00,N,Not at Intersection, ,Non-Junction,None,,,         ,Douglas,Atwood,Cloudy,Angle,no,no,no,yes,yes,False
103360939,METROPOLITAN NASHVILLE POLICE DEPT,20220352002,Davidson,Nashville,7/18/2022 8:07:00 AM,1,1,0,36.231540,-86.790140,EWING LN,,,,3.00,Feet,North,EWING DR,,,,0.00,N,Not at Intersection,N,Non-Junction,None,,,         ,Ryan,Worstall,"Cloudy, Rain",Not Collision with Motor Vehicle in Transport,yes,no,no,no,yes,False
103360954,METROPOLITAN NASHVILLE POLICE DEPT,20220352675,Davidson,Nashville,7/18/2022 1:54:00 PM,2,0,0,36.153300,-86.756490,I 40,,,,0.00,,,,,,,211.20,N,Not at Intersection, ,,None,,,         ,Douglas,Mann,,,no,no,no,no,no,False
103360956,METROPOLITAN NASHVILLE POLICE DEPT,20220352623,Davidson,Madison,7/18/2022 1:00:00 PM,2,0,0,36.266270,-86.757380,DICKERSON PKE,,,,327.00,Feet,South,DARBYTOWN DR,,,,0.00,N,Not at Intersection, ,Non-Junction,None,,,         ,Nicholas,Carter,Clear,Rear to Rear,no,no,no,yes,yes,False
103360957,GOODLETTSVILLE POLICE DEPT,22-22068,Davidson,Goodlettsville,7/18/2022 3:50:00 PM,2,0,0,36.309470,-86.695640,VIETNAM VETERANS BLVD SB EXT R,,,,0.00,,,CONFERENCE DR,,,,0.00,Y,T-Intersection, ,Entrance/Exit Ramp Related,None,,,         ,Benny,Alexander,Cloudy,Front to Rear,no,no,no,no,no,False
103360974,METROPOLITAN NASHVILLE POLICE DEPT,20220352720,Davidson,Nashville,7/18/2022 4:05:00 PM,2,0,0,36.231450,-86.824660,BUENA VISTA PKE,,,,430.00,Feet,South,BRILEY PKWYE,,,,0.00,N,Not at Intersection, ,Non-Junction,None,,,         ,Craig,Paschetti,Clear,Front to Rear,no,no,no,no,no,False
103360984,METROPOLITAN NASHVILLE POLICE DEPT,20220352768,Davidson,Nashville,7/18/2022 4:41:00 PM,2,0,0,36.139600,-86.701090,KAREN DR,,,,0.00,,,DABBS AV,,,,0.00,Y,Four-Way, ,,None,,,         ,Rami,Rouhi,,,no,no,no,no,no,False
103361008,METROPOLITAN NASHVILLE POLICE DEPT,20220352754,Davidson,Nashville,7/18/2022 4:30:00 PM,2,0,0,36.125310,-86.805610,HILLSBORO PKE,,,,0.00,,,ENCLAVE AT HILLSBORO VILLAGE P,,,,0.00,Y,Four-Way, ,Intersection,None,,,         ,Samuel,Sundra,Clear,"Sideswipe, Same Direction",no,no,no,no,no,False
103361021,METROPOLITAN NASHVILLE POLICE DEPT,20220352726,Davidson,Nashville,7/18/2022 4:02:00 PM,2,0,0,36.106370,-86.884860,BROOK HOLLOW RD,,,,0.00,,,ROBIN HILL RD,,,,0.00,Y,Four-Way,N,Intersection,None,,,         ,Brandon,Pedigo,Clear,Angle,no,no,no,no,no,False
103361027,METROPOLITAN NASHVILLE POLICE DEPT,20220352801,Davidson,Nashville,7/18/2022 5:12:00 PM,4,1,0,36.153250,-86.787760,I 40,,,,0.00,,,,,,,209.30,N,Not at Intersection,N,Non-Junction,None,,,         ,Garrett,Latham,Clear,Front to Rear,no,no,no,no,yes,False
103361034,METROPOLITAN NASHVILLE POLICE DEPT,20220352766,Davidson,Nashville,7/18/2022 4:38:00 PM,1,2,0,36.041430,-86.780010,FRANKLIN PIKE CIR,,,,268.00,Feet,North,STONE BROOK DR,,,,0.00,N,Not at Intersection,N,Non-Junction,None,,,         ,Tyler,Shanks,Clear,Not Collision with Motor Vehicle in Transport,yes,no,no,yes,no,False
103361064,METROPOLITAN NASHVILLE POLICE DEPT,20220352951,Davidson,Nashville,7/18/2022 7:00:00 PM,2,0,0,36.123280,-86.727020,I440 W ENT RAMP,,,,0.00,Feet,East,I 24,,,,0.00,N,Not at Intersection,N,Non-Junction,None,,,         ,Dalton,Crum,Clear,Angle,no,no,no,no,no,False
103361079,METROPOLITAN NASHVILLE POLICE DEPT,20220352975,Davidson,Nashville,7/18/2022 7:24:00 PM,2,1,0,36.215530,-86.692170,BRILEY PKWYN,,,,197.00,Feet,South,BRILEY PKWY N EXT RAMP,,,,0.00,N,Not at Intersection,N,Non-Junction,None,,,         ,William,Boler,Clear,Angle,no,no,no,no,no,False
103361095,METROPOLITAN NASHVILLE POLICE DEPT,20220353002,Davidson,Nashville,7/18/2022 7:40:00 PM,2,1,0,36.135100,-86.771430,STEWART PL,,,,445.00,Feet,South,SOUTHGATE AV,,,,0.00,N,Not at Intersection,N,Non-Junction,None,,,         ,Samuel,Sundra,Clear,HeadOn,no,no,no,no,no,False
103361097,METROPOLITAN NASHVILLE POLICE DEPT,20220353051,Davidson,Nashville,7/18/2022 8:08:00 PM,2,1,0,36.277640,-86.751250,NESBITT DR,,,,0.00,Feet,,DICKERSON PKE,,,,0.00,Y,Four-Way,N,Intersection-Related,None,,,         ,Kyle,Eicholtz,Clear,Front to Rear,no,no,no,no,no,False
103361104,METROPOLITAN NASHVILLE POLICE DEPT,20220352833,Davidson,Nashville,7/18/2022 5:34:00 PM,3,3,0,36.070030,-86.698800,HAYWOOD LN,,,,0.00,,,EAST RIDGE DR,,,,0.00,Y,Four-Way,N,Intersection,None,,,         ,Gary,Anderson,Clear,Angle,no,no,no,no,no,False
103361105,METROPOLITAN NASHVILLE POLICE DEPT,20220353084,Davidson,Nashville,7/18/2022 8:24:00 PM,2,0,0,36.150150,-86.857950,CHARLOTTE PKE,,,,0.00,,,WHITE BRIDGE PKE,,,,0.00,Y,Four-Way,N,Intersection,None,,,         ,Jared,Dick,Clear,Angle,no,no,no,no,yes,False
103361116,METROPOLITAN NASHVILLE POLICE DEPT,20220353005,Davidson,Nashville,7/18/2022 6:00:00 PM,2,0,0,36.239320,-86.671970,NEELYS BEND RD,,,,261.00,Feet,North,NEELYS BEND CIR,,,,0.00,N,Not at Intersection,N,Non-Junction,None,,,         ,William,Badger,Clear,Rear to Rear,no,no,no,yes,yes,False
103361135,METROPOLITAN NASHVILLE POLICE DEPT,20220352999,Davidson,Nashville,7/18/2022 7:37:00 PM,2,0,0,36.153640,-86.777290,LAFAYETTE ST,,,,0.00,,,,,,,0.00,,,N,OtherLocation,None,,,         ,Russell,Freeman,Cloudy,"Sideswipe, Same Direction",no,no,no,yes,no,False
103361152,METROPOLITAN NASHVILLE POLICE DEPT,20220353086,Davidson,Nashville,7/18/2022 8:24:00 PM,2,0,0,36.066670,-86.717940,NOLENSVILLE PKE,,,,0.00,Feet,,NORTHCREST DR,,,,0.00,Y,Four-Way,N,Intersection-Related,None,,,         ,David,Harms,Clear,Angle,no,no,no,no,yes,False