master_record_number,agency,agency_tracking_number,county,city,collision_date,vehicles_involved,number_injured,number_dead,latitude,longitude,roadway_name,roadway_suffix,roadway_number,roadway_local_id,distance_from_reference,miles-feet_indicator,direction_from_reference,intersection_road_name,intersection_road_name_suffix,intersection_road_number,intersection_local_id,mile_marker,intersection_indicator,intersect_type,interchange_related_indicator,relation_to_junction,work_zone_type,construction_maintenance_zone,construction_maintenance_zone_location,fatal_case_number,officer_first_name,officer_last_name,weather_condition(s),manner_of_crash,pedestrian,bicycle,scooter,parking,hitrun,mou
103361155,METROPOLITAN NASHVILLE POLICE DEPT,20220352789,Davidson,Nashville,7/18/2022 5:03:00 PM,3,4,0,36.073560,-86.637790,MURFREESBORO PKE,,,,418.00,Feet,South,RURAL HILL RD,,,,0.00,N,Not at Intersection,N,Non-Junction,None,,,         ,Megan,Arnett,Clear,"Sideswipe, Same Direction",no,no,no,no,no,False
103361156,METROPOLITAN NASHVILLE POLICE DEPT,20220353218,Davidson,Antioch,7/18/2022 9:40:00 PM,2,0,0,36.017130,-86.623800,I 24,,,,0.00,,,,,,,62.30,N,Not at Intersection,N,Non-Junction,None,,,         ,John,McDonnell,Cloudy,"Sideswipe, Same Direction",no,no,no,no,no,False
103361177,METROPOLITAN NASHVILLE POLICE DEPT,20220353184,Davidson,Nashville,7/16/2022 12:00:00 AM,2,0,0,36.070780,-86.598900,SEASONS DR,,,,0.00,,,FORRESTAL WAY,,,,0.00,Y,T-Intersection,N,Non-Junction,None,,,         ,Alex,DiBernardo,Clear,Front to Rear,no,no,no,no,yes,False
103361223,METROPOLITAN NASHVILLE POLICE DEPT,20220353176,Davidson,Nashville,7/18/2022 8:03:00 PM,2,0,0,36.076510,-86.640660,MURFREESBORO PKE,,,,329.00,Feet,East,LAKEVILLA DR,,,,0.00,N,Not at Intersection,N,Non-Junction,None,,,         ,William,Williams,Clear,"Sideswipe, Same Direction",no,no,no,no,no,False
103361244,METROPOLITAN NASHVILLE POLICE DEPT,20220336826,Davidson,Nashville,7/9/2022 12:00:00 AM,2,0,0,36.106460,-86.922250,STATE HWY 251,,,,0.00,Feet,,TOLBERT RD,,,,0.00,Y,T-Intersection,N,Intersection,None,,,         ,Mark,Lemieux,Clear,HeadOn,no,no,no,no,no,False
103361254,METROPOLITAN NASHVILLE POLICE DEPT,20220353263,Davidson,Nashville,7/18/2022 9:45:00 PM,2,4,0,36.168920,-86.683630,LEBANON PKE,,,,0.00,,,THE CROSSINGS PVTDR,,,,0.00,Y,T-Intersection,N,Non-Junction,None,,,         ,Christopher,Gooding,,Angle,no,no,no,no,no,False
103361255,METROPOLITAN NASHVILLE POLICE DEPT,20220353493,Davidson,Nashville,7/19/2022 12:00:00 AM,2,0,0,36.173800,-86.602580,CENTRAL PKE,,,,147.00,Feet,West,OLD HICKORY BLVD,,,,0.00,N,Not at Intersection, ,Non-Junction,None,,,         ,Keenan,McCann,Clear,"Sideswipe, Opposite Direction",no,no,no,no,no,False
103361308,METROPOLITAN NASHVILLE POLICE DEPT,20220353827,Davidson,Madison,7/19/2022 3:40:00 AM,1,0,0,36.264320,-86.728850,OLD HICKORY BLVDW,,,,408.00,Feet,East,N MARTHONA RD,,,,0.00,N,Not at Intersection,N,Non-Junction,None,,,         ,Jonathon,Sheppard,Clear,Not Collision with Motor Vehicle in Transport,no,no,no,no,yes,False
103361330,METROPOLITAN NASHVILLE POLICE DEPT,20220353963,Davidson,Nashville,7/19/2022 5:52:00 AM,1,0,0,36.181590,-86.795410,7TH AVN,,,,203.00,Feet,North,GARFIELD ST,,,,0.00,N,Not at Intersection,N,Non-Junction,None,,,         ,James,Harben,Clear,Not Collision with Motor Vehicle in Transport,no,no,no,no,yes,False
103361353,METROPOLITAN NASHVILLE POLICE DEPT,20220353862,Davidson,Nashville,7/19/2022 4:16:00 AM,1,2,0,36.240490,-86.749830,BRILEY PKWYE,,,,57.00,Feet,South,BRILEY PKWYW,,,,0.00,N,Not at Intersection,N,Non-Junction,None,,,         ,Kristopher,Sutton,Cloudy,Not Collision with Motor Vehicle in Transport,no,no,no,no,no,False
103361371,METROPOLITAN NASHVILLE POLICE DEPT,20220353995,Davidson,Nashville,7/19/2022 12:00:00 AM,2,1,0,36.161730,-86.760820,I 24,,,,0.00,,,,,,,49.35,N,Not at Intersection,N,Non-Junction,None,,,         ,James,Thornton,Clear,Front to Rear,no,no,no,no,no,False
103361390,METROPOLITAN NASHVILLE POLICE DEPT,20220354024,Davidson,Nashville,7/19/2022 5:44:00 AM,2,0,0,36.137240,-86.699570,GLASTONBURY RD,,,,0.00,,,BRILEY PKWYN,,,,0.00,Y,T-Intersection, ,Intersection,None,,,         ,Dillon,Hanna,Clear,Angle,no,no,no,no,no,False
103361398,METROPOLITAN NASHVILLE POLICE DEPT,20220354074,Davidson,Not in City Limit,7/19/2022 7:15:00 AM,2,1,0,36.263460,-86.684270,STATE RT 45,,,,0.00,,,LARKIN SPRINGS RD,,,,0.00,Y,T-Intersection,N,Intersection,None,,,         ,Brian,Otto,Clear,Angle,no,no,no,no,no,False
103361408,METROPOLITAN NASHVILLE POLICE DEPT,20220354109,Davidson,Nashville,7/19/2022 7:30:00 AM,2,1,0,36.045250,-86.609100,MURFREESBORO PKE,,,,0.00,Feet,,MOUNTAIN SPRINGS RD,,,,0.00,Y,Four-Way,Y,Intersection-Related,None,,,         ,Timothy,Ward,Clear,Angle,no,no,no,no,no,False
103361420,METROPOLITAN NASHVILLE POLICE DEPT,20220354222,Davidson,Nashville,7/19/2022 8:59:00 AM,3,0,0,36.186940,-86.757290,ELLINGTON PKWYS,,,,94.00,Feet,East,ELLINGTON PKWY S EXT RAMP,,,,0.00,N,Not at Intersection, ,Non-Junction,None,,,         ,Jason,Milyaro Lucas,,Front to Rear,no,no,no,no,no,False
103361422,METROPOLITAN NASHVILLE POLICE DEPT,20220354169,Davidson,Nashville,7/19/2022 8:28:00 AM,2,2,0,36.045630,-86.710580,OLD HICKORY BLVD,,,,796.00,Feet,East,NOLENSVILLE PKE,,,,0.00,N,Not at Intersection,N,Non-Junction,None,,,         ,Ryan,Thomas,Clear,Angle,no,no,no,no,no,False
103361440,METROPOLITAN NASHVILLE POLICE DEPT,20220354215,Davidson,Not in City Limit,7/19/2022 8:54:00 AM,2,0,0,36.264100,-86.724180,OLD HICKORY BLVDW,,,,0.00,,,HERITAGE DR,,,,0.00,Y,Four-Way,N,Intersection,Utility Zone,Laneclosure,Activity Area,         ,Christopher,Littles,Cloudy,Angle,no,no,no,no,no,False
103361460,METROPOLITAN NASHVILLE POLICE DEPT,20220354276,Davidson,Nashville,7/19/2022 8:24:00 AM,2,1,0,36.032440,-86.767470,CLOVERLAND DR,,,,366.00,Feet,East,JONES PKWY,,,,0.00,N,Not at Intersection,N,Non-Junction,None,,,         ,Sekou,Samassi,Clear,Angle,no,no,no,no,no,False
103361464,METROPOLITAN NASHVILLE POLICE DEPT,20220354274,Davidson,Nashville,7/19/2022 8:55:00 AM,2,0,0,36.041140,-86.778800,OLD HICKORY BLVD,,,,190.00,Feet,East,FRANKLIN PIKE CIR,,,,0.00,N,Not at Intersection, ,Non-Junction,None,,,         ,Travis,Pemberton,Clear,Angle,no,no,no,no,no,False
103361501,METROPOLITAN NASHVILLE POLICE DEPT,20220354401,Davidson,Goodlettsville,7/19/2022 11:09:00 AM,2,0,0,36.297380,-86.698790,GALLATIN PKEN,,,,205.00,Feet,North,RIVERGATE PKWY,,,,0.00,N,Not at Intersection,N,Non-Junction,None,,,         ,Christopher,Littles,Cloudy,Angle,no,no,no,yes,yes,False
103361525,METROPOLITAN NASHVILLE POLICE DEPT,20220354506,Davidson,Goodlettsville,7/19/2022 12:28:00 PM,1,0,0,36.299880,-86.711950,I 65,,,,0.00,,,,,,,95.10,N,Not at Intersection, ,Non-Junction,None,,,         ,Jason,Milyaro Lucas,Clear,Not Collision with Motor Vehicle in Transport,no,no,no,no,no,False
103361534,METROPOLITAN NASHVILLE POLICE DEPT,20220354447,Davidson,Nashville,7/19/2022 12:00:00 AM,2,0,0,36.178210,-86.785470,2ND AVN,,,,0.00,,,MONROE ST,,,,0.00,Y,Four-Way, ,Non-Junction,None,,,         ,James,Thornton,Clear,"Sideswipe, Opposite Direction",no,no,no,no,no,False
103361555,METROPOLITAN NASHVILLE POLICE DEPT,20220354155,Davidson,Nashville,7/19/2022 8:13:00 AM,2,0,0,36.060920,-86.641630,HICKORY HIGHLANDS DR,,,,489.00,Feet,West,BELL RD,,,,0.00,N,Not at Intersection, ,Non-Junction,None,,,         ,Beri,Scott,Clear,HeadOn,no,no,no,no,no,False
103361558,METROPOLITAN NASHVILLE POLICE DEPT,20220354422,Davidson,Nashville,7/19/2022 11:17:00 AM,2,0,0,36.209280,-86.776160,I65 S EXT RAMP,,,,0.00,Feet,East,I 65,,,,0.00,N,Not at Intersection,N,Non-Junction,None,,,         ,Ryan,Worstall,Cloudy,Angle,no,no,no,no,yes,False
103361560,METROPOLITAN NASHVILLE POLICE DEPT,20220354114,Davidson,Nashville,7/19/2022 7:39:00 AM,2,0,0,36.044800,-86.662140,BELL RD,,,,183.00,Feet,West,CANE RIDGE RD,,,,0.00,N,Not at Intersection,N,Non-Junction,None,,,         ,Kody,Littles,Clear,Front to Rear,no,no,no,yes,yes,False
103361568,METROPOLITAN NASHVILLE POLICE DEPT,20220354420,Davidson,Nashville,7/19/2022 11:20:00 AM,2,1,0,36.160620,-86.786040,10TH AVN,,,,0.00,,,CHURCH ST,,,,0.00,Y,T-Intersection,N,Intersection-Related,None,,,         ,Michael,Schlegel,Clear,Front to Rear,no,no,no,no,no,False
103361658,METROPOLITAN NASHVILLE POLICE DEPT,20220354569,Davidson,Nashville,7/19/2022 1:03:00 PM,3,1,0,36.110520,-86.740330,THOMPSON LN,,,,125.00,Feet,East,SIMMONS AV,,,,0.00,N,Not at Intersection,N,Non-Junction,None,,,         ,Eric,Burford,Clear,Front to Rear,no,no,no,no,no,False
103361659,METROPOLITAN NASHVILLE POLICE DEPT,20220354641,Davidson,Not in City Limit,7/19/2022 1:16:00 PM,3,0,0,36.270810,-86.754900,DICKERSON PKE,,,,614.00,Feet,North,OLD HICKORY BLVD,,,,0.00,N,Not at Intersection, ,"Driveway, Alley Access, etc",None,,,         ,Christopher,Littles,Cloudy,Not Collision with Motor Vehicle in Transport,no,no,no,no,no,False
103361700,METROPOLITAN NASHVILLE POLICE DEPT,20220354612,Davidson,Not in City Limit,7/19/2022 1:30:00 PM,2,0,0,36.054160,-86.950310,OLD HARDING PKE,,,,90.00,Feet,East,POPLAR CREEK RD,,,,0.00,N,Not at Intersection,N,Non-Junction,None,,,         ,Wesley,Tilley,Clear,Angle,no,no,no,no,no,False
103361704,THP District 9 - Administrative,322056770,Davidson,Nashville,7/15/2022 3:00:00 PM,2,0,0,36.164760,-86.782790,6TH AVN,,,,0.00,,,DEADERICK ST,,,,0.00,Y,T-Intersection, ,Non-Junction,None,,,         ,Brian,Carmouche,Clear,"Sideswipe, Same Direction",no,no,no,no,no,False
103361717,METROPOLITAN NASHVILLE POLICE DEPT,2022-0354264,Davidson,Nashville,7/19/2022 12:00:00 AM,2,1,0,36.142350,-86.734980,I 40,,,,0.00,,,,,,,212.60,N,Not at Intersection,N,Non-Junction,None,,,         ,Frank,Walker,Cloudy,Front to Rear,no,no,no,no,no,False
103361718,METROPOLITAN NASHVILLE POLICE DEPT,20220354684,Davidson,Nashville,7/19/2022 2:22:00 PM,2,0,0,36.152240,-86.840910,CHARLOTTE AV,,,,0.00,Feet,,45TH AVN,,,,0.00,Y,T-Intersection,N,Intersection,None,,,         ,Darren,Key,Cloudy,Angle,no,no,no,no,yes,False
103361721,METROPOLITAN NASHVILLE POLICE DEPT,20220354729,Davidson,Not in City Limit,7/19/2022 2:53:00 PM,2,1,0,36.264350,-86.732780,OLD HICKORY BLVDW,,,,150.00,Feet,West,N GRAYCROFT AV,,,,0.00,N,Not at Intersection,N,Non-Junction,None,,,         ,Christopher,Littles,Cloudy,Front to Rear,no,no,no,no,no,False
103361745,METROPOLITAN NASHVILLE POLICE DEPT,20220354665,Davidson,Nashville,7/19/2022 2:09:00 PM,2,2,0,36.059070,-86.716220,TUSCULUM RD,,,,0.00,,,NOLENSVILLE PKE,,,,0.00,Y,Four-Way,N,Intersection,None,,,         ,Leonard,Cato,Cloudy,Angle,no,no,no,no,no,False
103361786,METROPOLITAN NASHVILLE POLICE DEPT,20220354749,Davidson,Nashville,7/19/2022 12:00:00 AM,2,0,0,36.215120,-86.597670,LEBANON PKE,,,,0.00,,,ANDREW JACKSON PKWY,,,,0.00,Y,Four-Way,N,Intersection,None,,,         ,Keenan,McCann,Clear,Front to Rear,no,no,no,no,yes,False
103361802,TENNESSEE STATE UNIVERSITY ,22-TSU-22238,Davidson,Nashville,7/16/2022 3:00:00 PM,1,0,0,36.167120,-86.826930,33RD AVE N,,,,0.00,,,JOHN A MERRITT BLVD,,,,0.00,Y,OTHER, ,Non-Junction,None,,,         ,Harold,Taylor,Clear,Not Collision with Motor Vehicle in Transport,no,no,no,yes,no,False
103361813,METROPOLITAN NASHVILLE POLICE DEPT,20220354850,Davidson,Nashville,7/19/2022 3:15:00 PM,2,2,0,36.163650,-86.787130,CHARLOTTE AV,,,,168.00,Feet,East,ROSA L PARKS BLVD,,,,0.00,N,Not at Intersection,N,Non-Junction,None,,,         ,Brent,Morris,Clear,Front to Rear,no,no,no,no,no,False
103361816,METROPOLITAN NASHVILLE POLICE DEPT,20220354797,Davidson,Nashville,7/19/2022 3:33:00 PM,2,3,0,36.149140,-86.722080,SPENCE LN,,,,99.00,Feet,North,MARWOOD LN,,,,0.00,N,Not at Intersection,N,Non-Junction,None,,,         ,Evan,Grace,Clear,Angle,no,no,no,no,no,False
103361883,GOODLETTSVILLE POLICE DEPT,22-22182,Davidson,Goodlettsville,7/19/2022 4:32:00 PM,2,0,0,36.303630,-86.702100,RIVERGATE PKWY,,,,231.00,Feet,North,WREN RD,,,,0.00,N,Not at Intersection,N,Non-Junction,None,,,         ,Jeffrey,Petty,Clear,Front to Rear,no,no,no,no,no,False
103361885,METROPOLITAN NASHVILLE POLICE DEPT,20220354993,Davidson,Nashville,7/19/2022 5:20:00 PM,2,0,0,36.096560,-86.677540,DONELSON PKE,,,,676.00,Feet,South,OLD EZELL RD,,,,0.00,N,Not at Intersection,N,Non-Junction,None,,,         ,Sean,McConnell,Clear,Other,no,no,no,no,no,False
103361909,VANDERBILT UNIVERSITY POLICE,2022-0354743,Davidson,Nashville,7/19/2022 2:51:00 PM,2,0,0,36.138250,-86.803430,CHILDRENS WAY,,,,0.00,,North,,,,,111.10,N,Not at Intersection, ,,None,,,         ,Ryan,Ebenal,,,no,no,no,yes,no,Campus
103361918,METROPOLITAN NASHVILLE POLICE DEPT,20220354980,Davidson,Nashville,7/19/2022 2:31:00 PM,2,0,0,36.101750,-86.870460,HARDING PKE,,,,168.00,Feet,South,HARDING PL,,,,0.00,N,Not at Intersection, ,Non-Junction,None,,,         ,Jeremy,Huffine,Clear,Angle,no,no,no,no,no,False
103361936,METROPOLITAN NASHVILLE POLICE DEPT,20220354912,Davidson,Nashville,7/19/2022 4:34:00 PM,1,3,0,36.268780,-86.753490,OLD HICKORY BLVDW,,,,684.00,Feet,East,KEMPER DRN,,,,0.00,N,Not at Intersection,N,Non-Junction,None,,,         ,Kyle,Eicholtz,Clear,Not Collision with Motor Vehicle in Transport,no,no,no,no,no,False
103361937,METROPOLITAN NASHVILLE POLICE DEPT,20220355103,Davidson,Not in City Limit,7/19/2022 5:35:00 PM,3,0,0,36.319420,-86.845730,I 24,,,,0.00,,,,,,,36.20,N,Not at Intersection, ,Non-Junction,None,,,         ,Douglas,Atwood,Clear,"Sideswipe, Same Direction",no,no,no,no,yes,False
103361960,METROPOLITAN NASHVILLE POLICE DEPT,20220355110,Davidson,Nashville,7/19/2022 6:43:00 PM,2,0,0,36.211480,-86.732690,GALLATIN PKE,,,,53.00,Feet,South,HART LN,,,,0.00,N,Not at Intersection,N,Non-Junction,None,,,         ,Randy,Puckett,Clear,Angle,no,no,no,no,yes,False
103361963,METROPOLITAN NASHVILLE POLICE DEPT,20220354959,Davidson,Nashville,7/19/2022 12:00:00 AM,2,1,0,36.176770,-86.755100,MAIN ST,,,,137.00,Feet,East,MCFERRIN AV,,,,0.00,N,Not at Intersection,N,Non-Junction,None,,,         ,McKenzie,Harper,Clear,Front to Rear,no,no,no,no,no,False
103361971,METROPOLITAN NASHVILLE POLICE DEPT,20220355099,Davidson,Nashville,7/19/2022 6:15:00 PM,2,0,0,36.159900,-86.779760,BROADWAY,,,,53.00,Feet,East,6TH AVS,,,,0.00,N,Not at Intersection,N,Non-Junction,None,,,         ,Trevor,Taylor,Clear,"Sideswipe, Same Direction",no,no,no,no,yes,False
103362028,METROPOLITAN NASHVILLE POLICE DEPT,20220355198,Davidson,Nashville,7/19/2022 7:46:00 PM,2,1,0,36.148490,-86.805290,WEST END AV,,,,252.00,Feet,West,23RD AVN,,,,0.00,N,Not at Intersection,N,Non-Junction,None,,,         ,Samuel,Sundra,Clear,Angle,no,no,no,no,no,Campus
103362035,METROPOLITAN NASHVILLE POLICE DEPT,20220354927,Davidson,Nashville,7/19/2022 4:40:00 PM,2,0,0,36.154500,-86.806520,MURPHY AV,,,,168.00,Feet,West,22ND AVN,,,,0.00,N,Not at Intersection, ,Non-Junction,Construction Zone,,,         ,Dylan,Chambers,Clear,Angle,no,no,no,no,no,False
103362060,METROPOLITAN NASHVILLE POLICE DEPT,20220354937,Davidson,Nashville,7/19/2022 4:46:00 PM,2,1,0,36.120970,-86.911260,I 40,,,,0.00,,,,,,,200.10,N,Not at Intersection,N,Non-Junction,None,,,         ,Andrew,McCarron,Clear,"Sideswipe, Same Direction",no,no,no,no,no,False
103362061,METROPOLITAN NASHVILLE POLICE DEPT,20220355162,Davidson,Nashville,7/19/2022 3:25:00 PM,3,0,0,36.217810,-86.775090,I 65,,,,0.00,,,,,,,88.10,N,Not at Intersection,N,Non-Junction,None,,,         ,Craig,Paschetti,Clear,"Sideswipe, Same Direction",no,no,no,no,no,False
103362062,METROPOLITAN NASHVILLE POLICE DEPT,20220355269,Davidson,Nashville,7/19/2022 8:30:00 PM,2,2,0,36.036620,-86.696620,OLD HICKORY BLVD,,,,154.00,Feet,South,PRATT PROPERTY PVTDR,,,,0.00,N,Not at Intersection,N,Non-Junction,None,,,         ,Sean,McConnell,Clear,Front to Rear,no,no,no,no,yes,False
103362081,METROPOLITAN NASHVILLE POLICE DEPT,20220355273,Davidson,Nashville,7/19/2022 6:10:00 PM,1,0,0,36.130760,-86.898540,I 40,,,,0.00,,,,,,,201.10,N,Not at Intersection, ,Non-Junction,None,,,         ,Andrew,Kooshian,Cloudy,Not Collision with Motor Vehicle in Transport,no,no,no,no,no,False
103362114,METROPOLITAN NASHVILLE POLICE DEPT,20220355348,Davidson,Nashville,7/19/2022 9:02:00 PM,2,0,0,36.153000,-86.794290,BROADWAY,,,,123.00,Feet,South,17TH AVS,,,,0.00,N,Not at Intersection,N,Non-Junction,None,,,         ,Alexander,Perry,Clear,Front to Rear,no,no,no,no,yes,False
103362116,METROPOLITAN NASHVILLE POLICE DEPT,20220354819,Davidson,Nashville,7/19/2022 2:40:00 PM,2,0,0,36.045640,-86.673940,BELL RD,,,,126.00,Feet,East,BLUE HOLE RD,,,,0.00,N,Not at Intersection, ,Non-Junction,None,,,         ,Keith,Parlato,Clear,"Sideswipe, Same Direction",no,no,no,no,no,False
103362131,METROPOLITAN NASHVILLE POLICE DEPT,20220354889,Davidson,Nashville,7/19/2022 3:53:00 PM,2,0,0,36.080650,-86.805400,TYNE BLVD,,,,0.00,,,GRANNY WHITE PKE,,,,0.00,Y,Four-Way,Y,Intersection,None,,,         ,Nicholas,Hoffmann,Clear,Angle,no,no,no,no,no,False
103362139,METROPOLITAN NASHVILLE POLICE DEPT,20220355600,Davidson,Nashville,7/19/2022 11:00:00 PM,2,0,0,36.049280,-86.651730,BELL RD,,,,0.00,,,HICKORY HOLLOW MALL PVTDR PL,,,,0.00,Y,Four-Way,N,Intersection-Related,None,,,         ,Jonathan,Handley,Clear,Front to Rear,no,no,no,no,yes,False
103362141,METROPOLITAN NASHVILLE POLICE DEPT,20220355561,Davidson,Nashville,7/19/2022 10:52:00 PM,2,1,0,36.025950,-86.633280,I 24,,,,0.00,,,,,,,61.40,N,Not at Intersection,N,Non-Junction,None,,,         ,Dillon,Gann,Clear,"Sideswipe, Same Direction",no,no,no,no,yes,False
103362144,METROPOLITAN NASHVILLE POLICE DEPT,20220354941,Davidson,Nashville,7/19/2022 4:48:00 PM,3,9,0,36.116110,-86.832250,WOODMONT BLVD,,,,0.00,,,FOXHALL RD,,,,0.00,Y,T-Intersection,N,Intersection,None,,,         ,Steven,Begley,Clear,Angle,no,no,no,no,no,False
103362145,METROPOLITAN NASHVILLE POLICE DEPT,20220355352,Davidson,Antioch,7/19/2022 4:34:00 PM,1,0,0,36.016730,-86.619910,OLD HICKORY BLVD,,,,44.00,Feet,South,FIRESTONE PKWY,,,,0.00,N,Not at Intersection,N,Non-Junction,None,,,         ,Lisa,Beck,Clear,Not Collision with Motor Vehicle in Transport,no,no,no,yes,yes,False
103362157,METROPOLITAN NASHVILLE POLICE DEPT,20220355477,Davidson,Nashville,7/19/2022 10:18:00 PM,2,2,0,36.134650,-86.825060,WEST END AV,,,,0.00,Feet,,BOWLING AV,,,,0.00,Y,Four-Way,N,Intersection,None,,,         ,Theodore,Meskers,Clear,Angle,no,no,no,no,no,False
103362185,METROPOLITAN NASHVILLE POLICE DEPT,20220355815,Davidson,Not in City Limit,7/20/2022 12:45:00 AM,2,0,0,36.306270,-86.817360,I 24,,,,0.00,,,,,,,38.20,N,Not at Intersection,N,Non-Junction,None,,,         ,Emelie,Skye,Clear,"Sideswipe, Same Direction",no,no,no,no,yes,False
103362192,METROPOLITAN NASHVILLE POLICE DEPT,20220355451,Davidson,Nashville,7/19/2022 10:13:00 PM,2,0,0,36.172290,-86.768730,I 24,,,,0.00,,,,,,,48.30,N,Not at Intersection,N,Non-Junction,None,,,         ,Peter,Kinsey,Clear,Front to Rear,no,no,no,no,no,False
103362195,METROPOLITAN NASHVILLE POLICE DEPT,20220355949,Davidson,Nashville,7/20/2022 2:45:00 AM,2,1,0,36.145700,-86.741520,I 40,,,,0.00,,,,,,,212.20,N,Not at Intersection,N,Non-Junction,None,,,         ,Richard,Luellen,Clear,"Sideswipe, Same Direction",no,no,no,no,no,False
103362319,METROPOLITAN NASHVILLE POLICE DEPT,20220355584,Davidson,Nashville,7/19/2022 10:20:00 PM,2,0,0,36.149370,-86.797660,DIVISION ST,,,,139.00,Feet,East,BROADWAY,,,,0.00,N,Not at Intersection, ,,None,,,         ,Alexander,Perry,,,no,no,no,no,no,False
103362323,METROPOLITAN NASHVILLE POLICE DEPT,20220356210,Davidson,Nashville,7/20/2022 5:33:00 AM,2,1,0,36.038760,-86.648110,I 24,,,,0.00,,,,,,,60.15,N,Not at Intersection,N,Non-Junction,Construction Zone,Work On Shoulder Or Median,Activity Area,         ,Joe,Hooper,Clear,"Sideswipe, Same Direction",no,no,no,no,no,False
103362333,METROPOLITAN NASHVILLE POLICE DEPT,20220356262,Davidson,Nashville,7/20/2022 7:00:00 AM,2,1,0,36.029630,-86.703790,BARNES RD,,,,8.00,Feet,East,BARNES COVE DR,,,,0.00,N,Not at Intersection,N,Non-Junction,None,,,         ,Ryan,Thomas,Clear,Angle,no,no,no,no,no,False
103362396,METROPOLITAN NASHVILLE POLICE DEPT,20220356347,Davidson,Nashville,7/20/2022 7:08:00 AM,2,0,0,36.215120,-86.597670,LEBANON PKE,,,,0.00,,,ANDREW JACKSON PKWY,,,,0.00,Y,Four-Way,N,Intersection,None,,,         ,Terry,Denton,Clear,Front to Rear,no,no,no,no,yes,False
103362422,METROPOLITAN NASHVILLE POLICE DEPT,20220356555,Davidson,Not in City Limit,7/20/2022 10:00:00 AM,2,0,0,36.054560,-86.950850,BROOK GLEN WAY,,,,44.00,Feet,North,POPLAR CREEK RD,,,,0.00,N,Not at Intersection, ,Non-Junction,None,,,         ,Wesley,Tilley,Clear,Front to Rear,no,no,no,no,no,False
103362437,METROPOLITAN NASHVILLE POLICE DEPT,20220356620,Davidson,Not in City Limit,7/20/2022 10:59:00 AM,2,3,0,36.268340,-86.756160,DICKERSON PKE,,,,0.00,,,BELL GRIMES LN,,,,0.00,Y,T-Intersection,N,Intersection,None,,,         ,Christopher,Littles,Clear,Angle,no,no,no,no,no,False
103362440,METROPOLITAN NASHVILLE POLICE DEPT,20220356643,Davidson,Nashville,7/20/2022 10:40:00 AM,2,0,0,36.110890,-86.787550,LEALAND LN,,,,23.00,Feet,South,WOODMONT BLVD,,,,0.00,N,Not at Intersection,N,Non-Junction,None,,,         ,Jennifer,Liquori,Clear,HeadOn,no,no,no,no,no,False
103362443,METROPOLITAN NASHVILLE POLICE DEPT,20220356569,Davidson,Nashville,7/20/2022 10:30:00 AM,2,0,0,36.150150,-86.857950,CHARLOTTE PKE,,,,0.00,Feet,East,WHITE BRIDGE PKE,,,,0.00,N,Not at Intersection, ,OtherLocation,None,,,         ,George,Spencer,Clear,"Sideswipe, Same Direction",no,no,no,no,no,False
103362446,METROPOLITAN NASHVILLE POLICE DEPT,20220356550,Davidson,Nashville,7/20/2022 8:40:00 AM,2,0,0,36.039710,-86.762790,OLD HICKORY BLVD,,,,0.00,,,HEARTHSTONE LN,,,,0.00,Y,Four-Way,N,Intersection,None,,,         ,Wesley,Young,Clear,Front to Rear,no,no,no,no,no,False
103362450,METROPOLITAN NASHVILLE POLICE DEPT,20220356607,Davidson,Nashville,7/20/2022 10:50:00 AM,1,1,0,36.081580,-86.666720,FRANKLIN LIMESTONE RD,,,,321.00,Feet,South,MULLINS RD,,,,0.00,N,Not at Intersection,N,Non-Junction,None,,,         ,Joe,Hooper,Clear,Not Collision with Motor Vehicle in Transport,no,no,no,no,no,False
103362452,METROPOLITAN NASHVILLE POLICE DEPT,20220356660,Davidson,Not in City Limit,7/20/2022 11:35:00 AM,2,0,0,36.268050,-86.756250,DICKERSON PKE,,,,107.00,Feet,South,BELL GRIMES LN,,,,0.00,N,Not at Intersection, ,Non-Junction,None,,,         ,Kyle,Eicholtz,Clear,Front to Rear,no,no,no,no,no,False
103362472,METROPOLITAN NASHVILLE POLICE DEPT,20220356654,Davidson,Nashville,7/20/2022 11:30:00 AM,2,0,0,36.066120,-86.690910,HICKORY LAKE APTS PVTDR,,,,0.00,Feet,East,I24 E ENT RAMP,,,,0.00,N,Not at Intersection, ,Non-Junction,None,,,         ,Ryan,Thomas,Unknown,Unknown,no,no,no,yes,yes,False
103362492,METROPOLITAN NASHVILLE POLICE DEPT,20220356721,Davidson,Nashville,7/20/2022 12:05:00 PM,2,0,0,36.110020,-86.811500,HILLSBORO PKE,,,,341.00,Feet,North,CRESTMOOR RD,,,,0.00,N,Not at Intersection,N,Non-Junction,None,,,         ,Jennifer,Liquori,Clear,Angle,no,no,no,no,no,False
103362590,METROPOLITAN NASHVILLE POLICE DEPT,2022-0351994,Davidson,Nashville,7/18/2022 12:00:00 AM,2,0,0,36.153790,-86.747660,HERMITAGE AV,,,,1.00,Feet,West,LEBANON PKE,,,,0.00,N,Not at Intersection, ,Non-Junction,None,,,         ,Frank,Walker,Cloudy,Front to Rear,no,no,no,no,no,False