master_record_number,agency,agency_tracking_number,county,city,collision_date,vehicles_involved,number_injured,number_dead,latitude,longitude,roadway_name,roadway_suffix,roadway_number,roadway_local_id,distance_from_reference,miles-feet_indicator,direction_from_reference,intersection_road_name,intersection_road_name_suffix,intersection_road_number,intersection_local_id,mile_marker,intersection_indicator,intersect_type,interchange_related_indicator,relation_to_junction,work_zone_type,construction_maintenance_zone,construction_maintenance_zone_location,fatal_case_number,officer_first_name,officer_last_name,weather_condition(s),manner_of_crash,pedestrian,bicycle,scooter,parking,hitrun,mou
103365540,METROPOLITAN NASHVILLE POLICE DEPT,20220362085,Davidson,Nashville,7/23/2022 4:16:00 AM,2,0,0,36.169050,-86.772240,S 1ST ST,,,,0.00,Feet,East,WOODLAND ST,,,,0.00,N,Not at Intersection,N,Non-Junction,None,,,         ,Peter,Kinsey,Clear,Angle,no,no,no,no,yes,False
103365558,METROPOLITAN NASHVILLE POLICE DEPT,20220362225,Davidson,Nashville,7/23/2022 8:00:00 AM,1,0,0,36.099010,-86.715490,ANTIOCH PKE,,,,169.00,Feet,West,ANTIOCH PKE PVTDR,,,,0.00,N,Not at Intersection,N,Non-Junction,None,,,         ,John,Walden,Clear,Not Collision with Motor Vehicle in Transport,no,no,no,no,yes,False
103365627,METROPOLITAN NASHVILLE POLICE DEPT,20220362288,Davidson,Nashville,7/23/2022 12:00:00 AM,2,1,0,36.169060,-86.682400,FAIRWAY DR,,,,0.00,Feet,,LEBANON PKE,,,,0.00,Y,Four-Way,N,Intersection,None,,,         ,Ashley,Kappenmacher,Clear,Angle,no,no,no,no,no,False
103365644,METROPOLITAN NASHVILLE POLICE DEPT,20220362265,Davidson,Nashville,7/22/2022 11:30:00 PM,1,0,0,36.178220,-86.687340,WEONA DR,,,,274.00,Feet,East,DENNYWOOD DR,,,,0.00,N,Not at Intersection,N,Non-Junction,None,,,         ,Brian,Ritz,Clear,Not Collision with Motor Vehicle in Transport,no,no,no,no,no,False
103365666,METROPOLITAN NASHVILLE POLICE DEPT,20220362361,Davidson,Nashville,7/23/2022 10:33:00 AM,2,0,0,36.044770,-86.661530,BELL RD,,,,0.00,,,CANE RIDGE RD,,,,0.00,Y,Four-Way, ,,None,,,         ,Steven,Williams,,,no,no,no,no,no,False
103365686,THP District 9 - Administrative,322059099,Davidson,Nashville,7/23/2022 6:47:00 AM,1,0,0,36.165760,-86.784980,7TH AVE N,,,,399.00,Feet,North,6TH AVE,,,,0.00,N,Not at Intersection,N,Non-Junction,None,,,         ,William,Bennett,Clear,Not Collision with Motor Vehicle in Transport,no,no,no,no,no,False
103365687,METROPOLITAN NASHVILLE POLICE DEPT,20220362344,Davidson,Nashville,7/23/2022 9:50:00 AM,1,0,0,36.150940,-86.785540,I40 W EXT RAMP,,,,0.00,Feet,East,I 40,,,,0.00,N,Not at Intersection,N,Entrance/Exit Ramp Related,None,,,         ,Eric,Ziegler,Clear,Not Collision with Motor Vehicle in Transport,no,no,no,no,no,False
103365688,METROPOLITAN NASHVILLE POLICE DEPT,20220362335,Davidson,Nashville,7/23/2022 9:40:00 AM,2,0,0,36.204060,-86.726060,MCGAVOCK PKE,,,,90.00,Feet,East,MAXEY LN,,,,0.00,N,Not at Intersection, ,Non-Junction,None,,,         ,Lee,Davis,Clear,"Sideswipe, Same Direction",no,no,no,no,no,False
103365693,METROPOLITAN NASHVILLE POLICE DEPT,20220362300,Davidson,Nashville,7/23/2022 9:05:00 AM,2,0,0,36.075660,-86.647800,DOVER GLEN DR,,,,0.00,,,EDGE O LAKE DR,,,,0.00,Y,Four-Way, ,Non-Junction,None,,,         ,Zachary,Wilbanks,Clear,Angle,no,no,no,no,no,False
103365704,METROPOLITAN NASHVILLE POLICE DEPT,20220362422,Davidson,Not in City Limit,7/23/2022 11:30:00 AM,2,1,0,36.278420,-86.709180,GALLATIN PKEN,,,,0.00,,,,,,,0.00,,,N,Intersection-Related,None,,,         ,Patrick,McGinnis,Clear,Front to Rear,no,no,no,no,no,False
103365739,METROPOLITAN NASHVILLE POLICE DEPT,20220362415,Davidson,Nashville,7/23/2022 11:29:00 AM,2,2,0,36.167980,-86.761220,SHELBY AV,,,,136.00,Feet,West,EDGEFIELD MANOR PVTDR,,,,0.00,N,Not at Intersection,N,Non-Junction,None,,,         ,Theodore,Kenney,Clear,"Sideswipe, Same Direction",no,no,no,no,yes,False
103365751,METROPOLITAN NASHVILLE POLICE DEPT,20220362409,Davidson,Nashville,7/23/2022 11:10:00 AM,1,1,0,36.070910,-86.769930,I 65,,,,0.00,,,,,,,77.00,N,Not at Intersection,N,Non-Junction,None,,,         ,William,McDaniel,Clear,Not Collision with Motor Vehicle in Transport,no,no,no,no,no,False
103365814,METROPOLITAN NASHVILLE POLICE DEPT,20220362499,Davidson,Nashville,7/23/2022 12:39:00 PM,2,1,0,36.184870,-86.803390,CLAY ST,,,,0.00,,,9TH AVN,,,,0.00,Y,Four-Way,N,Non-Junction,None,,,         ,Sean,Herman,Clear,Angle,no,no,no,no,no,False
103365842,METROPOLITAN NASHVILLE POLICE DEPT,20220362479,Davidson,Nashville,7/23/2022 12:00:00 AM,2,0,0,36.143550,-86.702200,I 40,,,,0.00,,,,,,,214.60,N,Not at Intersection,N,Non-Junction,None,,,         ,Clayton,Smith,Clear,"Sideswipe, Same Direction",no,no,no,no,no,False
103365881,METROPOLITAN NASHVILLE POLICE DEPT,20220362548,Davidson,Nashville,7/23/2022 1:52:00 PM,3,2,0,36.111160,-86.755230,THOMPSON LN,,,,0.00,,,SIDCO DR,,,,0.00,Y,T-Intersection,N,Intersection-Related,None,,,         ,Sekou,Samassi,Clear,Angle,no,no,no,no,no,False
103365882,METROPOLITAN NASHVILLE POLICE DEPT,20220361232,Davidson,Not in City Limit,7/22/2022 6:46:00 PM,3,1,0,36.076810,-86.948000,HIGHWAY 70S,,,,346.00,Feet,West,BELLEVUE CTR PVTDR,,,,0.00,N,Not at Intersection,Y,Non-Junction,None,,,         ,Cameron,Van Der Merwe,Clear,Front to Rear,no,no,no,yes,no,False
103365897,METROPOLITAN NASHVILLE POLICE DEPT,20220362558,Davidson,Nashville,7/23/2022 2:03:00 PM,2,0,0,36.033520,-86.712980,BARNES RD,,,,0.00,,,NOLENSVILLE PKE,,,,0.00,Y,Four-Way, ,,None,,,         ,Steven,Williams,,,no,no,no,no,no,False
103365907,METROPOLITAN NASHVILLE POLICE DEPT,20220362451,Davidson,Nashville,7/23/2022 12:00:00 PM,2,0,0,36.125640,-86.752490,NOLENSVILLE PKE,,,,85.00,Feet,South,GLENROSE AV,,,,0.00,N,Not at Intersection,N,Non-Junction,None,,,         ,Luis,Pena,Clear,"Sideswipe, Same Direction",no,no,no,no,no,False
103365908,METROPOLITAN NASHVILLE POLICE DEPT,20220362588,Davidson,Nashville,7/23/2022 12:00:00 AM,2,1,0,36.143310,-86.703760,I 40,,,,0.00,,,,,,,214.50,N,Not at Intersection,Y,Non-Junction,None,,,         ,Clayton,Smith,Clear,"Sideswipe, Same Direction",no,no,no,no,no,False
103365921,METROPOLITAN NASHVILLE POLICE DEPT,20220362477,Davidson,Nashville,7/23/2022 11:55:00 AM,2,0,0,36.116840,-86.787000,LEALAND LN,,,,0.00,,East,GALE LN,,,,0.00,N,Not at Intersection, ,Non-Junction,None,,,         ,Cherell,Kinchloe,Clear,Rear to Side,no,no,no,no,no,False
103365955,METROPOLITAN NASHVILLE POLICE DEPT,20220362571,Davidson,Nashville,7/23/2022 2:00:00 PM,3,0,0,36.046110,-86.660740,I24 E EXT RAMP,,,,0.00,Feet,East,I 24,,,,0.00,N,Not at Intersection,N,Non-Junction,None,,,         ,Timothy,Ward,Clear,Front to Rear,no,no,no,no,no,False
103365973,METROPOLITAN NASHVILLE POLICE DEPT,20220362647,Davidson,Nashville,7/23/2022 12:00:00 AM,2,0,0,36.155800,-86.780140,8TH AVS,,,,0.00,,,CLARK PL,,,,0.00,Y,OTHER, ,OtherLocation,None,,,         ,Douglas,Hart,Clear,Front to Rear,no,no,no,no,no,False
103365993,METROPOLITAN NASHVILLE POLICE DEPT,20220362522,Davidson,Nashville,7/23/2022 1:28:00 PM,2,1,0,36.136030,-86.822460,WEST END AV,,,,135.00,Feet,South,I440 E EXT RAMP,,,,0.00,N,Not at Intersection,N,Non-Junction,None,,,         ,Terence,Mitchell,Clear,Front to Rear,no,no,no,no,no,False
103365994,METROPOLITAN NASHVILLE POLICE DEPT,20220362684,Davidson,Nashville,7/23/2022 3:50:00 PM,2,0,0,36.127450,-86.789140,12TH AVS,,,,64.00,Feet,South,LINDEN AV,,,,0.00,N,Not at Intersection, ,,None,,,         ,Cory,Stratton,,,no,no,no,no,no,False
103365999,METROPOLITAN NASHVILLE POLICE DEPT,20220362631,Davidson,Nashville,7/23/2022 12:00:00 AM,1,0,0,36.162870,-86.670450,CUMBERLAND CIR,,,,91.00,Feet,South,HABERSHAM AV,,,,0.00,N,Not at Intersection,N,Non-Junction,None,,,         ,Dylan,Colquhoun,Unknown,Not Collision with Motor Vehicle in Transport,no,no,no,no,yes,False
103366011,METROPOLITAN NASHVILLE POLICE DEPT,20220362713,Davidson,Nashville,7/23/2022 12:00:00 AM,2,1,0,36.044980,-86.665370,BELL RD,,,,516.00,Feet,East,CEDAR POINTE PKWY,,,,0.00,N,Not at Intersection,N,Non-Junction,None,,,         ,Andre,Williams,Clear,Front to Rear,no,no,no,no,no,False
103366018,METROPOLITAN NASHVILLE POLICE DEPT,20220362727,Davidson,Nashville,7/23/2022 4:47:00 PM,2,0,0,36.148810,-86.666280,ELM HILL PKE,,,,0.00,Feet,,DONELSON PKE,,,,0.00,Y,Four-Way, ,Intersection-Related,None,,,         ,William,Boler,Clear,Front to Rear,no,no,no,no,no,False
103366024,METROPOLITAN NASHVILLE POLICE DEPT,20220362749,Davidson,Not in City Limit,7/23/2022 5:00:00 PM,2,1,0,36.278950,-86.774130,OLD HICKORY BLVD,,,,0.00,,,GRANDVILLE BLVD,,,,0.00,Y,T-Intersection,N,Intersection,None,,,         ,Patrick,McGinnis,Clear,Front to Rear,no,no,no,no,no,False
103366033,METROPOLITAN NASHVILLE POLICE DEPT,20220362705,Davidson,Nashville,7/23/2022 2:59:00 PM,2,0,0,36.161200,-86.792680,CHARLOTTE AV,,,,0.00,,,GEORGE L DAVIS BLVD,,,,0.00,Y,Four-Way, ,Intersection,None,,,         ,Daniel,Tomlinson,Clear,"Sideswipe, Same Direction",no,no,no,no,no,False
103366063,METROPOLITAN NASHVILLE POLICE DEPT,20220362779,Davidson,Nashville,7/23/2022 4:15:00 PM,2,0,0,36.163290,-86.761770,I 24,,,,0.00,,,,,,,49.20,N,Not at Intersection, ,Non-Junction,None,,,         ,Joao,Pinho,Clear,Front to Rear,no,no,no,no,no,False
103366066,METROPOLITAN NASHVILLE POLICE DEPT,20220362740,Davidson,Nashville,7/23/2022 6:43:00 PM,2,0,0,36.045280,-86.685670,BELL RD,,,,276.00,Feet,East,HARRIS HILLS LN,,,,0.00,N,Not at Intersection, ,Non-Junction,None,,,         ,Michael,Hones,Clear,"Sideswipe, Same Direction",no,no,no,no,yes,False
103366077,METROPOLITAN NASHVILLE POLICE DEPT,20220362753,Davidson,Nashville,7/23/2022 5:20:00 PM,2,1,0,36.147430,-86.743940,I 40,,,,0.00,,,,,,,212.00,N,Not at Intersection,N,Non-Junction,None,,,         ,Dylan,Colquhoun,Clear,Angle,no,no,no,no,no,False
103366115,METROPOLITAN NASHVILLE POLICE DEPT,20220362784,Davidson,Nashville,7/23/2022 5:54:00 PM,1,1,0,36.185000,-86.810410,15TH AVN,,,,4.00,Feet,North,CASS ST,,,,0.00,N,Not at Intersection,N,Non-Junction,None,,,         ,Austin,Bowles,Clear,Not Collision with Motor Vehicle in Transport,no,no,no,no,no,False
103366122,METROPOLITAN NASHVILLE POLICE DEPT,20220362880,Davidson,Nashville,7/23/2022 7:00:00 PM,2,0,0,36.161150,-86.774690,2ND AVS,,,,129.00,Feet,North,SHELBY ST PEDESTRIAN BRIDGE GR,,,,0.00,N,Not at Intersection, ,Non-Junction,None,,,         ,Jonathon,Sheppard,Clear,"Sideswipe, Same Direction",no,no,no,no,no,False
103366124,METROPOLITAN NASHVILLE POLICE DEPT,20220362978,Davidson,Nashville,7/21/2022 6:00:00 PM,2,0,0,36.167530,-86.781150,JAMES ROBERTSON PKWY,,,,79.00,Feet,West,4TH AVN,,,,0.00,N,Not at Intersection,N,Non-Junction,None,,,         ,Tyler,Jordan,Clear,Front to Rear,no,no,no,no,yes,False
103366132,METROPOLITAN NASHVILLE POLICE DEPT,20220362659,Davidson,Nashville,7/23/2022 3:58:00 PM,3,0,0,36.047630,-86.655800,BELL RD,,,,50.00,Feet,East,HICKORY HOLLOW PKWY,,,,0.00,N,Not at Intersection,Y,Non-Junction,None,,,         ,Adam,Kauffman,Clear,Front to Rear,no,no,no,no,no,False
103366138,Nashville Airport Police,2022-03033,Davidson,Nashville,7/20/2022 12:00:00 AM,2,0,0,36.103230,-86.666480,MURFREESBORO PKE,,,,0.00,,,FAIRCLOTH LN,,,,0.00,Y,T-Intersection,N,Intersection,None,,,         ,Zachary,Voigts,Clear,Angle,no,no,no,no,no,False
103366143,METROPOLITAN NASHVILLE POLICE DEPT,20220362848,Davidson,Nashville,7/23/2022 6:00:00 PM,2,0,0,36.149080,-86.774110,I 40,,,,0.00,,,,,,,210.10,N,Not at Intersection,N,Non-Junction,None,,,         ,Cory,Stratton,Clear,Front to Rear,no,no,no,no,yes,False
103366189,METROPOLITAN NASHVILLE POLICE DEPT,20220362665,Davidson,Nashville,7/23/2022 3:30:00 PM,2,1,0,36.109930,-86.811530,HILLSBORO PKE,,,,305.00,Feet,North,CRESTMOOR RD,,,,0.00,N,Not at Intersection,N,Non-Junction,None,,,         ,Nicholas,Hoffmann,Clear,Angle,no,no,no,no,no,False
103366190,METROPOLITAN NASHVILLE POLICE DEPT,20220362771,Davidson,Nashville,7/23/2022 2:22:00 PM,2,0,0,36.110610,-86.811400,HILLSBORO PKE,,,,220.00,Feet,South,GRAYBAR LN,,,,0.00,N,Not at Intersection, ,,None,,,         ,Nicholas,Hoffmann,,,no,no,no,no,no,False
103366205,METROPOLITAN NASHVILLE POLICE DEPT,20220362979,Davidson,Nashville,7/23/2022 8:20:00 PM,2,0,0,36.098530,-86.728270,MCCALL ST,,,,0.00,Feet,,COLBY DR,,,,0.00,Y,OTHER,N,Intersection-Related,None,,,         ,Sean,McConnell,Clear,Other,no,no,no,no,no,False
103366206,METROPOLITAN NASHVILLE POLICE DEPT,20220362982,Davidson,Nashville,7/23/2022 8:15:00 PM,2,1,0,36.077092,-86.614827,BRANTELY DRIVE,,,,0.00,,North,3201 BRANTLEY DRIVE,,,,0.00,N,Not at Intersection,N,Non-Junction,None,,,         ,Dylan,Colquhoun,Clear,Angle,no,no,no,no,no,False
103366213,METROPOLITAN NASHVILLE POLICE DEPT,20220363066,Davidson,Nashville,7/23/2022 9:40:00 PM,1,1,0,36.123990,-86.811940,I440 E EXT RAMP,,,,0.00,,,I 440,,,,0.00,Y,OTHER,Y,Entrance/Exit Ramp Related,None,,,         ,Kyle,Lund,Clear,Not Collision with Motor Vehicle in Transport,no,no,no,no,no,False
103366219,METROPOLITAN NASHVILLE POLICE DEPT,20220362874,Davidson,Nashville,7/23/2022 6:59:00 PM,2,0,0,36.112270,-86.723100,I 24,,,,0.00,,,,,,,53.50,N,Not at Intersection,N,Non-Junction,None,,,         ,Amgad,Bekhit,Clear,"Sideswipe, Same Direction",no,no,no,no,no,False
103366230,METROPOLITAN NASHVILLE POLICE DEPT,20220363086,Davidson,Nashville,7/23/2022 8:48:00 PM,2,0,0,36.156070,-86.773990,4TH AVS,,,,0.00,,,PEABODY ST,,,,0.00,Y,OTHER, ,Intersection,None,,,         ,Jerre,Fly,Clear,Angle,no,no,no,no,yes,False
103366231,METROPOLITAN NASHVILLE POLICE DEPT,20220362940,Davidson,Nashville,7/23/2022 7:47:00 PM,3,1,0,36.154060,-86.792740,16TH AVS,,,,88.00,Feet,South,BROADWAY,,,,0.00,N,Not at Intersection,N,Non-Junction,None,,,         ,Nicholas,Carroll,Clear,Front to Rear,no,no,no,no,no,False
103366246,METROPOLITAN NASHVILLE POLICE DEPT,2022362695,Davidson,Nashville,7/23/2022 3:59:00 PM,2,0,0,36.089070,-86.649990,RANSOM PL,,,,0.00,Feet,South,MURFREESBORO PKE,,,,0.00,N,Not at Intersection,Y,Non-Junction,None,,,         ,Charis,Holland,Clear,Front to Rear,no,no,no,no,yes,False
103366247,METROPOLITAN NASHVILLE POLICE DEPT,20220363124,Davidson,Nashville,7/23/2022 12:00:00 AM,2,1,0,36.175760,-86.757730,MAIN ST,,,,50.00,Feet,West,NEILL AV,,,,0.00,N,Not at Intersection,N,Non-Junction,None,,,         ,Nicholas,Cochran,Clear,Angle,no,no,no,no,yes,False
103366251,METROPOLITAN NASHVILLE POLICE DEPT,20220363112,Davidson,Nashville,7/23/2022 10:15:00 PM,2,1,0,36.249390,-86.719410,E PALESTINE AV,,,,0.00,,,GALLATIN PKES,,,,0.00,Y,Four-Way,N,Intersection,None,,,         ,Robert,Higgins,Clear,Angle,no,no,no,no,no,False
103366253,METROPOLITAN NASHVILLE POLICE DEPT,20220362996,Davidson,Nashville,7/23/2022 8:46:00 PM,3,0,0,36.079370,-86.632570,BELL RD,,,,0.00,,,EDGE O LAKE DR,,,,0.00,Y,Four-Way,Y,Intersection,None,,,         ,Christian,Stephens,Clear,Front to Rear,no,no,no,no,no,False
103366267,METROPOLITAN NASHVILLE POLICE DEPT,20220363167,Davidson,Nashville,7/23/2022 9:15:00 PM,2,0,0,36.082680,-86.765110,HARDING PL,,,,0.00,,,I65 S ENT RAMP,,,,0.00,Y,T-Intersection,N,Intersection,None,,,         ,Mitchell,Cook,Cloudy,Angle,no,no,no,no,yes,False
103366276,METROPOLITAN NASHVILLE POLICE DEPT,20220363161,Davidson,Nashville,7/23/2022 12:00:00 AM,2,0,0,36.114410,-86.724530,I 24,,,,0.00,,,,,,,53.30,N,Not at Intersection,N,Non-Junction,None,,,         ,Sefer,Kerim,Clear,"Sideswipe, Same Direction",no,no,no,no,yes,False
103366278,METROPOLITAN NASHVILLE POLICE DEPT,20220632836,Davidson,Nashville,7/23/2022 7:00:00 PM,2,0,0,36.141550,-86.740590,MURFREESBORO PKE,,,,11.00,Feet,West,FOSTER AV,,,,0.00,N,Not at Intersection, ,Non-Junction,None,,,         ,Charis,Holland,Clear,Front to Rear,no,no,no,no,no,False
103366280,METROPOLITAN NASHVILLE POLICE DEPT,20220363093,Davidson,Nashville,7/23/2022 9:32:00 PM,2,2,0,36.080160,-86.758480,TROUSDALE DR,,,,202.00,Feet,North,RICHMAR DR,,,,0.00,N,Not at Intersection,N,Non-Junction,None,,,         ,Sierra,Walker,Clear,Front to Rear,no,no,no,no,no,False
103366281,METROPOLITAN NASHVILLE POLICE DEPT,20220363046,Davidson,Nashville,7/23/2022 9:28:00 PM,2,4,0,36.226840,-86.725380,GALLATIN PKE,,,,138.00,Feet,South,MAPLEWOOD PL,,,,0.00,N,Not at Intersection,N,Non-Junction,None,,,         ,Seth,Wilson,Clear,HeadOn,no,no,no,no,no,False
103366293,METROPOLITAN NASHVILLE POLICE DEPT,20220363064,Davidson,Nashville,7/23/2022 8:50:00 PM,2,0,0,36.182140,-86.608120,OLD HICKORY BLVD,,,,0.00,,,ANDREW JACKSON WAY,,,,0.00,Y,Four-Way, ,,None,,,         ,Christopher,Gooding,,,no,no,no,no,no,False
103366300,METROPOLITAN NASHVILLE POLICE DEPT,20220363228,Davidson,Nashville,7/23/2022 12:00:00 AM,2,0,0,36.092720,-86.710290,DONNA KAY DR,,,,192.00,Feet,South,KAY CT,,,,0.00,N,Not at Intersection,N,Non-Junction,None,,,         ,John,Braxton,Clear,"Sideswipe, Same Direction",no,no,no,no,yes,False
103366301,METROPOLITAN NASHVILLE POLICE DEPT,20220363038,Davidson,Nashville,7/23/2022 9:23:00 PM,2,1,0,36.149780,-86.783560,I 40,,,,0.00,,,,,,,209.60,N,Not at Intersection,N,Non-Junction,None,,,         ,Courtney,Kirtley,Clear,"Sideswipe, Same Direction",no,no,no,no,no,False
103366307,METROPOLITAN NASHVILLE POLICE DEPT,20220363057,Davidson,Nashville,7/23/2022 9:32:00 PM,2,2,0,36.080160,-86.758480,TROUSDALE DR,,,,202.00,Feet,North,RICHMAR DR,,,,0.00,N,Not at Intersection,N,Non-Junction,None,,,         ,Sierra,Walker,Clear,Front to Rear,no,no,no,no,no,False
103366313,METROPOLITAN NASHVILLE POLICE DEPT,20220362985,Davidson,Nashville,7/23/2022 8:25:00 PM,2,2,0,36.078400,-86.744570,HARDING PL,,,,0.00,,,,,,,0.00,,,N,Non-Junction,None,,,         ,Flynn,Ireland,Clear,HeadOn,no,no,no,no,yes,False
103366316,METROPOLITAN NASHVILLE POLICE DEPT,20220362900,Davidson,Nashville,7/23/2022 4:51:00 PM,2,0,0,36.178650,-86.798950,9TH AVN,,,,138.00,Feet,East,GARFIELD ST,,,,0.00,N,Not at Intersection,N,Non-Junction,None,,,         ,Kaitlyn,Powell,Clear,"Sideswipe, Same Direction",no,no,no,no,yes,False
103366319,METROPOLITAN NASHVILLE POLICE DEPT,20220363252,Davidson,Nashville,7/24/2022 12:12:00 AM,2,0,0,36.045000,-86.649280,CROSSINGS BLVD,,,,19.00,Feet,West,CROSSINGS PL,,,,0.00,N,Not at Intersection, ,Non-Junction,None,,,         ,Andre,Williams,Clear,"Sideswipe, Same Direction",no,no,no,no,yes,False
103366335,METROPOLITAN NASHVILLE POLICE DEPT,20220363191,Davidson,Nashville,7/23/2022 11:08:00 PM,4,3,0,36.053670,-86.683850,SHIHMEN DR,,,,80.00,Feet,East,SHIHMEN CT,,,,0.00,N,Not at Intersection,N,Non-Junction,None,,,         ,John,Braun,Clear,Not Collision with Motor Vehicle in Transport,yes,no,no,no,yes,False
103366336,METROPOLITAN NASHVILLE POLICE DEPT,20220363270,Davidson,Nashville,7/24/2022 12:22:00 AM,5,0,0,36.048510,-86.664720,I 24,,,,0.00,,,,,,,59.00,N,Not at Intersection,N,Non-Junction,None,,,         ,Lisa,Beck,Clear,Front to Rear,no,no,no,no,yes,False
103366353,METROPOLITAN NASHVILLE POLICE DEPT,20220363149,Davidson,Goodlettsville,7/23/2022 8:59:00 PM,2,0,0,36.302770,-86.691870,CONFERENCE DR,,,,9.00,Feet,North,GALLATIN PKEN,,,,0.00,N,Not at Intersection,N,Non-Junction,None,,,         ,Jose,Oliveros,Clear,Angle,no,no,no,no,no,False
103366367,METROPOLITAN NASHVILLE POLICE DEPT,20220363266,Davidson,Nashville,7/24/2022 12:21:00 AM,3,1,0,36.164230,-86.777730,3RD AVN,,,,0.00,,,CHURCH ST,,,,0.00,Y,Four-Way,N,Intersection-Related,None,,,         ,Kevin,Steiner,Clear,Angle,no,no,no,no,no,False
103366380,METROPOLITAN NASHVILLE POLICE DEPT,20220363234,Davidson,Goodlettsville,7/23/2022 11:37:00 PM,2,0,0,36.293160,-86.702400,ALTA LOMA RD,,,,15.00,Feet,West,GALLATIN PKEN,,,,0.00,N,Not at Intersection,N,Non-Junction,None,,,         ,Jose,Oliveros,Clear,Angle,no,no,no,no,no,False
103366381,METROPOLITAN NASHVILLE POLICE DEPT,20220363409,Davidson,Nashville,7/23/2022 11:50:00 PM,3,0,0,36.175710,-86.812220,22ND AVN,,,,396.00,Feet,South,OSAGE ST,,,,0.00,N,Not at Intersection, ,Non-Junction,None,,,         ,James,Harben,Clear,Angle,no,no,no,yes,yes,False
103366390,METROPOLITAN NASHVILLE POLICE DEPT,20220363350,Davidson,Nashville,7/24/2022 1:39:00 AM,2,1,0,36.045370,-86.713260,OLD HICKORY BLVD,,,,0.00,Feet,,NOLENSVILLE PKE,,,,0.00,Y,Four-Way,N,Intersection,None,,,         ,Michael,Overberg,Clear,Angle,no,no,no,no,no,False
103366392,METROPOLITAN NASHVILLE POLICE DEPT,20220363451,Davidson,Nashville,7/24/2022 2:53:00 AM,2,0,0,36.133630,-86.722870,PLUS PARK BLVD,,,,170.00,Feet,South,MURFREESBORO PKE,,,,0.00,N,Not at Intersection,Y,Non-Junction,None,,,         ,Eric,Laury,Clear,Angle,no,no,no,no,yes,False
103366399,METROPOLITAN NASHVILLE POLICE DEPT,20220363523,Davidson,Nashville,7/24/2022 3:00:00 AM,2,0,0,36.151760,-86.768630,2ND AVS,,,,0.00,,,I40 W EXT RAMP,,,,0.00,Y,Four-Way,N,Entrance/Exit Ramp Related,None,,,         ,Mena,Mahros,Clear,"Sideswipe, Same Direction",no,no,no,no,yes,False
103366401,METROPOLITAN NASHVILLE POLICE DEPT,20220363378,Davidson,Nashville,7/24/2022 2:00:00 AM,1,0,0,36.082910,-86.920020,OLD HICKORY BLVD,,,,471.00,Feet,East,AMBERWOOD CIR,,,,0.00,N,Not at Intersection,N,Non-Junction,None,,,         ,Nicholaus,George,Clear,Not Collision with Motor Vehicle in Transport,no,no,no,no,no,False
103366410,METROPOLITAN NASHVILLE POLICE DEPT,20220363464,Davidson,Nashville,7/24/2022 1:47:00 AM,1,0,0,36.074070,-86.638510,MURFREESBORO PKE,,,,154.00,Feet,South,RURAL HILL RD,,,,0.00,N,Not at Intersection,N,Non-Junction,None,,,         ,Sullivan,Souksanh,Clear,Not Collision with Motor Vehicle in Transport,no,no,no,no,yes,False
103366422,METROPOLITAN NASHVILLE POLICE DEPT,20220363552,Davidson,Not in City Limit,7/23/2022 8:00:00 PM,1,0,0,36.023780,-86.712200,PORTER HOUSE DR,,,,158.00,Feet,East,NOLENSVILLE PKE,,,,0.00,N,Not at Intersection,N,Non-Junction,None,,,         ,Jerrod,Kalinsky,Clear,Not Collision with Motor Vehicle in Transport,no,no,no,no,yes,False
103366424,METROPOLITAN NASHVILLE POLICE DEPT,20220363037,Davidson,Goodlettsville,7/23/2022 9:20:00 PM,3,4,0,36.293140,-86.702360,ALTA LOMA RD,,,,3.00,Feet,West,GALLATIN PKEN,,,,0.00,N,Not at Intersection,N,Non-Junction,None,,,         ,Matthew,Herod,Clear,Front to Rear,no,no,no,no,yes,False
103366425,METROPOLITAN NASHVILLE POLICE DEPT,20220363556,Davidson,Nashville,7/24/2022 12:00:00 AM,1,1,0,36.130970,-86.755780,WOODYCREST AV,,,,29.00,Feet,East,NOLENSVILLE PKE,,,,0.00,N,Not at Intersection,N,Non-Junction,None,,,         ,Sefer,Kerim,Clear,Not Collision with Motor Vehicle in Transport,no,no,no,no,no,False
103366438,METROPOLITAN NASHVILLE POLICE DEPT,20220363031,Davidson,Nashville,7/23/2022 8:11:00 PM,2,0,0,36.102010,-86.811600,WARFIELD DR,,,,118.00,Feet,North,KIMBARK DR,,,,0.00,N,Not at Intersection, ,,None,,,         ,Sierra,Walker,,,no,no,no,no,no,False
103366477,METROPOLITAN NASHVILLE POLICE DEPT,20220363532,Davidson,Nashville,7/24/2022 3:44:00 AM,2,0,0,36.077830,-86.651720,SPLIT OAK TRL,,,,338.00,Feet,South,OAK FOREST DR,,,,0.00,N,Not at Intersection,N,Non-Junction,None,,,         ,Michael,Overberg,Clear,Angle,no,no,no,no,no,False
103366493,METROPOLITAN NASHVILLE POLICE DEPT,20220363658,Davidson,Nashville,7/22/2022 7:15:00 PM,2,0,0,36.220280,-86.693460,BRILEY PKWYS,,,,99.00,Feet,North,MUSIC VALLEY DR,,,,0.00,N,Not at Intersection, ,Non-Junction,None,,,         ,Nicholas,Carter,Clear,Front to Rear,no,no,no,no,yes,False