master_record_number,agency,agency_tracking_number,county,city,collision_date,vehicles_involved,number_injured,number_dead,latitude,longitude,roadway_name,roadway_suffix,roadway_number,roadway_local_id,distance_from_reference,miles-feet_indicator,direction_from_reference,intersection_road_name,intersection_road_name_suffix,intersection_road_number,intersection_local_id,mile_marker,intersection_indicator,intersect_type,interchange_related_indicator,relation_to_junction,work_zone_type,construction_maintenance_zone,construction_maintenance_zone_location,fatal_case_number,officer_first_name,officer_last_name,weather_condition(s),manner_of_crash,pedestrian,bicycle,scooter,parking,hitrun,mou
103366506,METROPOLITAN NASHVILLE POLICE DEPT,20220363596,Davidson,Nashville,7/23/2022 11:15:00 PM,4,0,0,36.093840,-86.735040,NATCHEZ CT,,,,69.00,Feet,West,N NATCHEZ CT,,,,0.00,N,Not at Intersection,N,Non-Junction,None,,,         ,John,Walden,Clear,Angle,no,no,no,yes,yes,False
103366518,METROPOLITAN NASHVILLE POLICE DEPT,20220363707,Davidson,Not in City Limit,7/24/2022 5:07:00 AM,2,0,0,36.259670,-86.757100,VILLAGE HILLS PVTDR,,,,0.00,,,,,,,0.00,,,N,Non-Junction,None,,,         ,Patrick,McGinnis,Clear,"Sideswipe, Opposite Direction",no,no,no,yes,yes,False
103366546,METROPOLITAN NASHVILLE POLICE DEPT,20220363647,Davidson,Nashville,7/23/2022 3:45:00 PM,2,0,0,36.206680,-86.778830,W TRINITY LN,,,,116.00,Feet,West,HAMPTON ST,,,,0.00,N,Not at Intersection,N,Non-Junction,None,,,         ,Benjamin,Williams,Clear,Angle,no,no,no,no,yes,False
103366560,METROPOLITAN NASHVILLE POLICE DEPT,20220363822,Davidson,Nashville,7/24/2022 11:31:00 AM,2,0,0,36.142590,-86.681510,I 40,,,,0.00,,,,,,,215.75,N,Not at Intersection, ,Non-Junction,None,,,         ,Brian,Ritz,Clear,"Sideswipe, Same Direction",no,no,no,no,no,False
103366561,METROPOLITAN NASHVILLE POLICE DEPT,20220363820,Davidson,Not in City Limit,7/24/2022 10:45:00 AM,2,0,0,36.059020,-86.944730,OLD HARDING PKE,,,,83.00,Feet,South,HARPETH RIV HARPETH BEND GRNWY,,,,0.00,N,Not at Intersection,N,Non-Junction,None,,,         ,Wesley,Tilley,Clear,Angle,no,no,no,no,no,False
103366573,METROPOLITAN NASHVILLE POLICE DEPT,20220363848,Davidson,Nashville,7/24/2022 11:13:00 AM,2,0,0,36.241430,-86.757220,DICKERSON PKE,,,,0.00,,,BRILEY PKWY W ENT RAMP,,,,0.00,Y,T-Intersection, ,Entrance/Exit Ramp Related,None,,,         ,Melina,Tamborella,Clear,"Sideswipe, Same Direction",no,no,no,no,no,False
103366739,METROPOLITAN NASHVILLE POLICE DEPT,20220363843,Davidson,Nashville,7/24/2022 12:00:00 AM,1,0,0,36.133980,-86.788660,12TH AVS,,,,70.00,Feet,North,ACKLEN AV,,,,0.00,N,Not at Intersection,N,Non-Junction,None,,,         ,Lee,Davis,Unknown,Not Collision with Motor Vehicle in Transport,no,no,no,no,yes,False
103366750,METROPOLITAN NASHVILLE POLICE DEPT,20220363946,Davidson,Nashville,7/24/2022 12:30:00 PM,2,0,0,36.133420,-86.727120,I 24,,,,0.00,,,,,,,51.05,N,Not at Intersection, ,,None,,,         ,Luis,Pena,,,no,no,no,no,no,False
103366757,METROPOLITAN NASHVILLE POLICE DEPT,20220363810,Davidson,Nashville,7/24/2022 6:20:00 AM,2,0,0,36.159740,-86.818780,28TH AVN,,,,168.00,Feet,South,BOOKER ST,,,,0.00,N,Not at Intersection,N,Non-Junction,None,,,         ,Jedidayah,Merriweather,Cloudy,Front to Rear,no,no,no,no,no,False
103366768,METROPOLITAN NASHVILLE POLICE DEPT,20220363882,Davidson,Nashville,7/24/2022 3:00:00 AM,1,0,0,36.106310,-86.598980,COUCHVILLE PVTDR,,,,252.00,Feet,South,COUCHVILLE PKE,,,,0.00,N,Not at Intersection,N,Non-Junction,None,,,         ,Tyler,Hall,Clear,Not Collision with Motor Vehicle in Transport,no,no,no,yes,yes,False
103366772,METROPOLITAN NASHVILLE POLICE DEPT,20220363969,Davidson,Nashville,7/24/2022 12:00:00 AM,2,0,0,36.136730,-86.724480,SPENCE LN,,,,369.00,Feet,North,MURFREESBORO PKE,,,,0.00,N,Not at Intersection,N,Non-Junction,None,,,         ,Clayton,Smith,Clear,"Sideswipe, Opposite Direction",no,no,no,yes,yes,False
103366775,METROPOLITAN NASHVILLE POLICE DEPT,20220363927,Davidson,Nashville,7/23/2022 8:00:00 PM,2,0,0,36.080520,-86.702930,WALLACE RD,,,,378.00,Feet,North,WILLARD DR,,,,0.00,N,Not at Intersection,N,Non-Junction,None,,,         ,Benjamin,Tasto,Clear,HeadOn,no,no,no,yes,no,False
103366798,METROPOLITAN NASHVILLE POLICE DEPT,20220363996,Davidson,Nashville,7/24/2022 1:55:00 PM,2,0,0,36.175010,-86.784680,JEFFERSON ST,,,,0.00,Feet,East,3RD AVN,,,,0.00,N,Not at Intersection,N,Non-Junction,None,,,         ,Goran,Manojlovic,Clear,Angle,no,no,no,no,yes,False
103366816,THP District 3 - Nashville,322059413,Davidson,Nashville,7/24/2022 12:52:00 PM,4,0,0,36.191760,-86.782990,I 65,,,,0.00,,,,,,,86.15,N,Not at Intersection, ,Non-Junction,None,,,         ,Jennifer,Hicks,Clear,Front to Rear,no,no,no,no,no,False
103366825,METROPOLITAN NASHVILLE POLICE DEPT,20220364009,Davidson,Nashville,7/24/2022 2:46:00 PM,2,1,0,36.030760,-86.747210,CLOVERLAND DR,,,,0.00,,,STERLING OAKS PVTDR,,,,0.00,Y,Four-Way,Y,Intersection,None,,,         ,Travis,Pemberton,Clear,Front to Rear,no,no,no,no,no,False
103366891,METROPOLITAN NASHVILLE POLICE DEPT,20220364054,Davidson,Nashville,7/24/2022 2:40:00 PM,2,0,0,36.110910,-86.744720,THOMPSON LN,,,,147.00,Feet,East,NOLENSVILLE PKE,,,,0.00,N,Not at Intersection, ,Non-Junction,None,,,         ,Luis,Pena,Clear,Front to Rear,no,no,no,no,no,False
103366913,METROPOLITAN NASHVILLE POLICE DEPT,20220364112,Davidson,Nashville,7/24/2022 4:00:00 PM,2,1,0,36.073870,-86.623510,ANDERSON RD,,,,0.00,Feet,East,OWENDALE DR,,,,0.00,N,Not at Intersection,N,Non-Junction,None,,,         ,Charis,Holland,Clear,Other,no,no,no,no,no,False
103366916,METROPOLITAN NASHVILLE POLICE DEPT,20220364082,Davidson,Nashville,7/24/2022 3:25:00 PM,3,0,0,36.140870,-86.883080,ANNEX AV,,,,417.00,Feet,East,PREMIER DR,,,,0.00,N,Not at Intersection,N,Non-Junction,None,,,         ,Cameron,Van Der Merwe,Cloudy,Front to Rear,no,no,no,no,no,False
103366938,METROPOLITAN NASHVILLE POLICE DEPT,20220364196,Davidson,Nashville,7/24/2022 6:09:00 PM,2,0,0,36.109210,-86.773410,FRANKLIN PKE NB ENT RAMP,,,,0.00,Feet,East,FRANKLIN PKE SB ENT RAMP,,,,0.00,N,Not at Intersection, ,,None,,,         ,Nicholas,Carroll,,,no,no,no,no,no,False
103366941,GOODLETTSVILLE POLICE DEPT,22-22735,Davidson,Goodlettsville,7/24/2022 3:16:00 PM,3,1,0,36.309870,-86.702770,I 65,,,,0.00,Feet,East,RIVERGATE PKWY,,,,0.00,N,Not at Intersection,N,Non-Junction,None,,,         ,Nicholas,Given,Clear,Front to Rear,no,no,no,no,no,False
103366944,METROPOLITAN NASHVILLE POLICE DEPT,20220364229,Davidson,Not in City Limit,7/24/2022 4:45:00 PM,2,0,0,36.072720,-86.940840,BELLEVUE RD,,,,267.00,Feet,North,CREEKSIDE MANOR PVTDR,,,,0.00,N,Not at Intersection,N,Non-Junction,None,,,         ,Justin,Wells,Clear,Angle,no,no,no,no,no,False
103366952,METROPOLITAN NASHVILLE POLICE DEPT,20220362889,Davidson,Nashville,7/23/2022 12:00:00 AM,1,0,0,36.278470,-86.750780,DICKERSON PKE,,,,335.00,Feet,North,NESBITT DR,,,,0.00,N,Not at Intersection,N,Non-Junction,None,,,         ,James,Kidd,Clear,Not Collision with Motor Vehicle in Transport,no,no,no,no,no,False
103366976,METROPOLITAN NASHVILLE POLICE DEPT,125094490,Davidson,Nashville,7/24/2022 5:30:00 PM,2,0,0,36.219800,-86.774870,I 65,,,,0.00,,,,,,,88.25,N,Not at Intersection, ,Non-Junction,None,,,         ,Tyler,Jordan,Clear,"Sideswipe, Same Direction",no,no,no,no,no,False
103366980,METROPOLITAN NASHVILLE POLICE DEPT,20220364102,Davidson,Nashville,7/24/2022 3:56:00 PM,4,7,0,36.250330,-86.741280,I 65,,,,0.00,,,,,,,91.20,N,Not at Intersection,N,Non-Junction,None,,,         ,Brandon,Lopez,Cloudy,Front to Rear,no,no,no,no,no,False
103367013,METROPOLITAN NASHVILLE POLICE DEPT,20220364184,Davidson,Nashville,7/24/2022 5:12:00 PM,2,1,0,36.117920,-86.810020,GOLF CLUB LN,,,,0.00,,,HILLSBORO PKE,,,,0.00,Y,T-Intersection,Y,Intersection,None,,,         ,Garrett,Latham,Clear,Angle,no,no,no,no,no,False
103367043,METROPOLITAN NASHVILLE POLICE DEPT,20220364249,Davidson,Nashville,7/24/2022 5:33:00 PM,1,1,0,36.249390,-86.719410,E PALESTINE AV,,,,0.00,,,GALLATIN PKES,,,,0.00,Y,Four-Way,N,Intersection,None,,,         ,Philip,Claibourne,Clear,Not Collision with Motor Vehicle in Transport,no,yes,no,no,yes,False
103367047,METROPOLITAN NASHVILLE POLICE DEPT,20220364288,Davidson,Nashville,7/24/2022 5:50:00 PM,2,0,0,36.155650,-86.789720,BROADWAY,,,,0.00,,,I40 E EXT RAMP,,,,0.00,Y,Four-Way, ,,None,,,         ,Nicholas,Carroll,,,no,no,no,no,no,False
103367052,METROPOLITAN NASHVILLE POLICE DEPT,20220364387,Davidson,Nashville,7/24/2022 12:00:00 AM,2,1,0,36.172920,-86.600900,CENTRAL PKE,,,,0.00,,,BURNING TREE DR,,,,0.00,Y,T-Intersection,N,Non-Junction,None,,,         ,Keenan,McCann,Clear,Front to Rear,no,no,no,no,no,False
103367069,METROPOLITAN NASHVILLE POLICE DEPT,20220364396,Davidson,Nashville,7/24/2022 8:50:00 PM,2,1,0,36.047010,-86.680690,BELL RD,,,,171.00,Feet,West,BRENTRIDGE CIR,,,,0.00,N,Not at Intersection,N,Non-Junction,None,,,         ,Andre,Williams,Clear,Angle,no,no,no,no,no,False
103367095,METROPOLITAN NASHVILLE POLICE DEPT,20220364331,Davidson,Nashville,7/24/2022 7:32:00 PM,2,0,0,36.248010,-86.720360,GALLATIN PKES,,,,0.00,,,DUE WEST AVW,,,,0.00,Y,Four-Way,N,Intersection,None,,,         ,Miles,Posey,Clear,Angle,no,no,no,no,yes,False
103367096,METROPOLITAN NASHVILLE POLICE DEPT,20220364235,Davidson,Nashville,7/24/2022 5:24:00 PM,2,0,0,36.109450,-86.728050,BRILEY PKWYN,,,,0.00,,,BRILEY PKWYS,,,,0.00,Y,Four-Way,N,Intersection,None,,,         ,Joseph,Hurst,Clear,Front to Rear,no,no,no,no,yes,False
103367109,VANDERBILT UNIVERSITY POLICE,20220364369,Davidson,Nashville,7/24/2022 8:05:00 PM,2,0,0,36.150940,-86.804550,LOUISE AV,,,,0.00,,,ELLISTON PL,,,,0.00,Y,T-Intersection,N,Non-Junction,None,,,         ,Robert,Gibson,,Angle,no,no,no,no,no,Campus
103367116,METROPOLITAN NASHVILLE POLICE DEPT,20220364146,Davidson,Nashville,7/24/2022 4:35:00 PM,2,1,0,36.113420,-86.922890,OLD HICKORY BLVD,,,,352.00,Feet,North,I40 W EXT RAMP,,,,0.00,N,Not at Intersection,N,Non-Junction,None,,,         ,Steven,Begley,Clear,Angle,no,no,no,no,yes,False
103367126,METROPOLITAN NASHVILLE POLICE DEPT,20220364446,Davidson,Not in City Limit,7/24/2022 7:56:00 PM,2,1,0,36.015090,-86.664810,PETTUS RD,,,,19.00,Feet,South,SUNDOWN DR,,,,0.00,N,Not at Intersection,N,Non-Junction,None,,,         ,Dillon,Gann,Clear,Angle,no,no,no,no,no,False
103367132,METROPOLITAN NASHVILLE POLICE DEPT,20220364382,Davidson,Nashville,7/24/2022 8:42:00 PM,2,1,0,36.045450,-86.712400,OLD HICKORY BLVD,,,,255.00,Feet,East,NOLENSVILLE PKE,,,,0.00,N,Not at Intersection,N,Non-Junction,None,,,         ,Michael,Hones,Clear,"Sideswipe, Same Direction",no,no,no,no,no,False
103367133,METROPOLITAN NASHVILLE POLICE DEPT,20220364450,Davidson,Nashville,7/24/2022 12:00:00 AM,2,1,0,36.132250,-86.727170,I 24,,,,0.00,,,,,,,51.15,N,Not at Intersection,N,Non-Junction,None,,,         ,Sefer,Kerim,Clear,"Sideswipe, Same Direction",no,no,no,no,no,False
103367144,METROPOLITAN NASHVILLE POLICE DEPT,20220364553,Davidson,Nashville,7/24/2022 9:00:00 PM,2,1,0,36.212200,-86.691320,BRILEY PKWYN,,,,148.00,Feet,South,BRILEY PKWYS,,,,0.00,N,Not at Intersection,N,Non-Junction,None,,,         ,Jonathon,Sheppard,Clear,"Sideswipe, Same Direction",no,no,no,no,yes,False
103367151,METROPOLITAN NASHVILLE POLICE DEPT,20220364597,Davidson,Nashville,7/24/2022 12:00:00 AM,1,0,0,36.239070,-86.779740,BRILEY PKWY W EXT RAMP,,,,377.00,Feet,East,BRILEY PKWY W ENT RAMP,,,,0.00,N,Not at Intersection,Y,Entrance/Exit Ramp Related,Work Zone,Work On Shoulder Or Median,Activity Area,         ,Philip,Claibourne,Clear,Not Collision with Motor Vehicle in Transport,no,no,no,no,yes,False
103367156,METROPOLITAN NASHVILLE POLICE DEPT,20220364525,Davidson,Nashville,7/24/2022 10:24:00 PM,2,0,0,36.195940,-86.744150,TREVECCA AV,,,,170.00,Feet,North,MCCLURKAN AV,,,,0.00,N,Not at Intersection,N,Non-Junction,None,,,         ,Spencer,Arroyo,Clear,Front to Rear,no,no,no,no,yes,False
103367157,METROPOLITAN NASHVILLE POLICE DEPT,20220364466,Davidson,Nashville,7/24/2022 9:30:00 PM,3,0,0,36.156580,-86.787480,12TH AVS,,,,0.00,,,BROADWAY,,,,0.00,Y,Four-Way, ,Intersection-Related,None,,,         ,Kevin,Steiner,Clear,Front to Rear,no,no,no,no,no,False
103367158,METROPOLITAN NASHVILLE POLICE DEPT,20220364342,Davidson,Nashville,7/24/2022 7:45:00 PM,2,1,0,36.068060,-86.669050,BOWFIELD DR,,,,0.00,,,DOWDY DR,,,,0.00,Y,Four-Way,N,Intersection,None,,,         ,John,Braun,Clear,Angle,no,no,no,no,no,False
103367170,METROPOLITAN NASHVILLE POLICE DEPT,20220364518,Davidson,Nashville,7/24/2022 10:21:00 PM,2,1,0,36.144240,-86.697100,BRILEY PKWYN,,,,11.00,Feet,West,I40 E EXT RAMP,,,,0.00,N,Not at Intersection,N,Non-Junction,None,,,         ,Robert,Marquez,Clear,Front to Rear,no,no,no,no,yes,False
103367172,METROPOLITAN NASHVILLE POLICE DEPT,20220364617,Davidson,Nashville,7/24/2022 12:00:00 AM,2,0,0,36.083270,-86.741310,INWOOD DR,,,,493.00,Feet,West,ABBAY DR,,,,0.00,N,Not at Intersection,N,Non-Junction,None,,,         ,Mitchell,Cook,Cloudy,"Sideswipe, Same Direction",no,no,no,no,yes,False
103367178,METROPOLITAN NASHVILLE POLICE DEPT,20220364700,Davidson,Nashville,7/24/2022 10:25:00 PM,2,0,0,36.110940,-86.745220,THOMPSON LN,,,,0.00,,,NOLENSVILLE PKE,,,,0.00,Y,Four-Way,Y,Intersection,None,,,         ,Tony,Mingsing,Clear,Front to Rear,no,no,no,no,yes,False
103367179,METROPOLITAN NASHVILLE POLICE DEPT,20220364577,Davidson,Nashville,7/24/2022 10:59:00 PM,2,0,0,36.124290,-86.696340,VULTEE BLVD,,,,0.00,,,BRILEY PKWY,,,,0.00,Y,Four-Way,N,Intersection,None,,,         ,Richard,Luellen,Clear,Angle,no,no,no,no,no,False
103367196,METROPOLITAN NASHVILLE POLICE DEPT,20220364723,Davidson,Nashville,7/25/2022 12:54:00 AM,2,0,0,36.246940,-86.748950,SKYLINE MEMORIAL CT,,,,600.00,Feet,South,OLD DUE WEST AV,,,,0.00,N,Not at Intersection,N,Non-Junction,None,,,         ,Jonathon,Sheppard,Clear,"Sideswipe, Same Direction",no,no,no,yes,yes,False
103367204,METROPOLITAN NASHVILLE POLICE DEPT,20220364732,Davidson,Nashville,7/25/2022 1:00:00 AM,2,2,0,36.190840,-86.615350,OLD HICKORY BLVD,,,,0.00,Feet,,OLD LEBANON DIRT RD,,,,0.00,Y,Four-Way,N,Intersection,None,,,         ,Nelson,Hemingway,Clear,Angle,no,no,no,no,no,False
103367205,METROPOLITAN NASHVILLE POLICE DEPT,20220364654,Davidson,Nashville,7/24/2022 11:17:00 PM,2,0,0,36.106070,-86.672780,MURFREESBORO PKE,,,,96.00,Feet,East,DONELSON PKE,,,,0.00,N,Not at Intersection, ,Non-Junction,None,,,         ,Dylan,Motes,Clear,Front to Rear,no,no,no,no,no,False
103367207,METROPOLITAN NASHVILLE POLICE DEPT,20220364578,Davidson,Nashville,7/24/2022 11:05:00 PM,1,1,0,36.063430,-86.702250,PACKARD DR,,,,215.00,Feet,East,CEDAR HILL RD,,,,0.00,N,Not at Intersection,N,Non-Junction,None,,,         ,Gregory,Rdzok,Clear,Not Collision with Motor Vehicle in Transport,no,no,no,no,no,False
103367251,METROPOLITAN NASHVILLE POLICE DEPT,20220364925,Davidson,Nashville,7/25/2022 5:00:00 AM,1,0,0,36.142620,-86.698240,I40 E ENT RAMP,,,,142.00,Feet,East,BRILEY PKWYN,,,,0.00,N,Not at Intersection,N,Entrance/Exit Ramp Related,None,,,         ,Sean,Fitzmaurice,Clear,Not Collision with Motor Vehicle in Transport,no,no,no,no,no,False
103367258,METROPOLITAN NASHVILLE POLICE DEPT,20220365019,Davidson,Nashville,7/25/2022 5:50:00 AM,2,0,0,36.087450,-86.692160,HARDING PL,,,,16.00,Feet,East,ANTIOCH PKE,,,,0.00,N,Not at Intersection, ,,None,,,         ,John,Walden,,,no,no,no,no,no,False
103367268,METROPOLITAN NASHVILLE POLICE DEPT,20220365055,Davidson,Nashville,7/25/2022 6:35:00 AM,2,0,0,36.185850,-86.775230,I 24,,,,0.00,,,,,,,47.20,N,Not at Intersection,N,Non-Junction,None,,,         ,Goran,Manojlovic,Clear,Angle,no,no,no,no,no,False
103367279,METROPOLITAN NASHVILLE POLICE DEPT,20220365034,Davidson,Nashville,7/25/2022 12:00:00 AM,2,0,0,36.133990,-86.778750,WEDGEWOOD AV,,,,0.00,,,,,,,0.00,,,N,Non-Junction,None,,,         ,Michael,Moss,Unknown,Angle,no,no,no,yes,yes,False
103367287,THP District 3 - Nashville,322057998,Davidson,Nashville,7/20/2022 7:45:00 AM,1,0,0,36.060810,-86.680440,I 24,,,,0.00,,,,,,,57.80,N,Not at Intersection, ,Non-Junction,None,,,         ,Alexander,Campbell,Rain,Not Collision with Motor Vehicle in Transport,no,no,no,no,no,False
103367294,METROPOLITAN NASHVILLE POLICE DEPT,20220365017,Davidson,Nashville,7/25/2022 6:30:00 AM,1,0,0,36.164690,-86.758210,S 6TH ST,,,,364.00,Feet,West,DEW ST,,,,0.00,N,Not at Intersection,N,Non-Junction,None,,,         ,Edward,Holden,Cloudy,Not Collision with Motor Vehicle in Transport,no,no,no,no,yes,False
103367309,METROPOLITAN NASHVILLE POLICE DEPT,20220365136,Davidson,Nashville,7/25/2022 8:00:00 AM,2,1,0,36.110290,-86.800350,GRAYBAR LN,,,,0.00,Feet,,BELMONT BLVD,,,,0.00,Y,Four-Way,N,Intersection,None,,,         ,Sekou,Samassi,Clear,Angle,no,no,no,no,no,False
103367311,THP District 9 - Administrative,322058085,Davidson,Nashville,7/20/2022 12:40:00 PM,2,0,0,36.171150,-86.790030,ROSA L PARKS BLVD,,,,87.00,Feet,South,LOCKLAYER ST,,,,0.00,N,Not at Intersection, ,Non-Junction,None,,,         ,Steve,Sakarapanee,Clear,Rear to Side,no,no,no,yes,no,False
103367320,METROPOLITAN NASHVILLE POLICE DEPT,20220365212,Davidson,Nashville,7/25/2022 8:45:00 AM,2,0,0,36.061120,-86.772260,I 65,,,,0.00,,,,,,,76.30,N,Not at Intersection, ,Non-Junction,None,,,         ,Travis,Pemberton,Clear,Angle,no,no,no,no,no,False
103367321,METROPOLITAN NASHVILLE POLICE DEPT,20220365205,Davidson,Nashville,7/25/2022 8:04:00 AM,2,0,0,36.098830,-86.924720,OLD HICKORY BLVD,,,,513.00,Feet,North,RIDGELAKE PKWY,,,,0.00,N,Not at Intersection,N,Non-Junction,None,,,         ,Jackson,Smythe,Cloudy,Angle,no,no,no,no,no,False
103367326,METROPOLITAN NASHVILLE POLICE DEPT,20220365173,Davidson,Nashville,7/25/2022 8:25:00 AM,1,1,0,36.151440,-86.863350,TWIN ST,,,,0.00,,,NEWTON AV,,,,0.00,Y,T-Intersection,N,Non-Junction,None,,,         ,Darren,Key,Cloudy,Not Collision with Motor Vehicle in Transport,no,no,no,no,no,False
103367354,METROPOLITAN NASHVILLE POLICE DEPT,20220365262,Davidson,Nashville,7/25/2022 9:22:00 AM,2,0,0,36.054990,-86.759550,TROUSDALE DR,,,,0.00,,,BRENTVIEW HILLS DR,,,,0.00,Y,Four-Way,N,Intersection,None,,,         ,Brent,Bauer,Cloudy,Angle,no,no,no,no,no,False
103367355,METROPOLITAN NASHVILLE POLICE DEPT,20220365335,Davidson,Nashville,7/25/2022 10:15:00 AM,2,0,0,36.203900,-86.741260,E TRINITY LN,,,,47.00,Feet,West,CASPER AV,,,,0.00,N,Not at Intersection, ,Non-Junction,None,,,         ,Jason,Milyaro Lucas,Clear,Angle,no,no,no,no,no,False
103367356,VANDERBILT UNIVERSITY POLICE,20220365266,Davidson,Nashville,7/25/2022 9:02:00 AM,2,0,0,36.142110,-86.804880,24TH AVS,,,,174.00,Feet,South,HIGHLAND AV,,,,0.00,N,Not at Intersection, ,OtherLocation,None,,,         ,Ray,Stanard,,Angle,no,no,no,yes,no,Campus
103367359,METROPOLITAN NASHVILLE POLICE DEPT,20220365107,Davidson,Nashville,7/25/2022 7:30:00 AM,2,0,0,36.235110,-86.765350,I 65,,,,0.00,,,,,,,89.45,N,Not at Intersection,N,Non-Junction,None,,,         ,Benjamin,Williams,Clear,Front to Rear,no,no,no,no,yes,False
103367364,METROPOLITAN NASHVILLE POLICE DEPT,20220365137,Davidson,Not in City Limit,7/25/2022 7:15:00 AM,3,0,0,36.307620,-86.820700,I 24,,,,0.00,,,,,,,38.00,N,Not at Intersection,N,Non-Junction,None,,,         ,Anthony,Butler,Cloudy,Front to Rear,no,no,no,no,no,False
103367376,METROPOLITAN NASHVILLE POLICE DEPT,20220365322,Davidson,Nashville,7/25/2022 10:02:00 AM,2,0,0,36.126440,-86.799290,BEECHWOOD AV,,,,288.00,Feet,East,ALTURA PL,,,,0.00,N,Not at Intersection,N,Non-Junction,None,,,         ,Wyatt,Blacker,Cloudy,Angle,no,no,no,no,no,False
103367403,METROPOLITAN NASHVILLE POLICE DEPT,20220365409,Davidson,Nashville,7/25/2022 10:06:00 AM,2,0,0,36.118810,-86.839150,WOODMONT CIR,,,,172.00,Feet,West,CLEARVIEW DR,,,,0.00,N,Not at Intersection, ,Non-Junction,None,,,         ,Douglas,Atwood,Cloudy,"Sideswipe, Same Direction",no,no,no,no,yes,False
103367420,METROPOLITAN NASHVILLE POLICE DEPT,20220365354,Davidson,Nashville,7/25/2022 10:07:00 AM,2,0,0,36.155590,-86.771070,LEA AV,,,,0.00,,,2ND AVS,,,,0.00,Y,OTHER,N,Intersection,None,,,         ,Kelcey,Bell,Clear,"Sideswipe, Same Direction",no,no,no,no,no,False
103367429,METROPOLITAN NASHVILLE POLICE DEPT,20220365458,Davidson,Nashville,7/25/2022 11:43:00 AM,2,1,0,36.046550,-86.713400,NOLENSVILLE PKE,,,,432.00,Feet,North,OLD HICKORY BLVD,,,,0.00,N,Not at Intersection,N,Non-Junction,None,,,         ,Brent,Bauer,Cloudy,Angle,no,no,no,no,no,False
103367433,BERRY HILL POLICE DEPT,22-2051,Davidson,Berry Hill,7/25/2022 8:50:00 AM,2,0,0,36.127470,-86.777510,FRANKLIN PKE,,,,0.00,,,MELPARK DR,,,,0.00,Y,T-Intersection,N,Intersection-Related,None,,,         ,Larry,Carter,Cloudy,"Sideswipe, Same Direction",no,no,no,no,yes,False
103367441,METROPOLITAN NASHVILLE POLICE DEPT,20220365537,Davidson,Nashville,7/25/2022 12:00:00 AM,2,0,0,36.229560,-86.757580,BROADMOOR DR,,,,384.00,Feet,West,HILLSIDE RD,,,,0.00,N,Not at Intersection,N,Non-Junction,None,,,         ,Goran,Manojlovic,Clear,"Sideswipe, Same Direction",no,no,no,yes,yes,False
103367535,METROPOLITAN NASHVILLE POLICE DEPT,20220365509,Davidson,Nashville,7/25/2022 10:00:00 AM,2,0,0,36.178080,-86.745630,FORREST AV,,,,0.00,Feet,East,N 14TH ST,,,,0.00,N,Not at Intersection,N,Non-Junction,None,,,         ,Faye,Denson,Unknown,"Sideswipe, Same Direction",no,no,no,no,yes,False
103367549,METROPOLITAN NASHVILLE POLICE DEPT,2022-0365461,Davidson,Nashville,7/25/2022 11:45:00 AM,3,0,0,36.129570,-86.714600,MILLWOOD DR,,,,44.00,Feet,North,MURFREESBORO PKE,,,,0.00,N,Not at Intersection,N,Non-Junction,None,,,         ,Calvin,Graham,Cloudy,Angle,no,no,no,no,no,False
103367561,METROPOLITAN NASHVILLE POLICE DEPT,20220365387,Davidson,Nashville,7/25/2022 12:00:00 AM,1,0,0,36.044100,-86.701810,OLD HICKORY BLVD,,,,437.00,Feet,South,BENZING RD,,,,0.00,N,Not at Intersection,N,Non-Junction,None,,,         ,Leonard,Cato,Unknown,Not Collision with Motor Vehicle in Transport,no,no,no,no,yes,False
103367605,METROPOLITAN NASHVILLE POLICE DEPT,20220365098,Davidson,Nashville,7/25/2022 7:36:00 AM,5,2,0,36.086910,-86.648680,MURFREESBORO PKE,,,,0.00,Feet,East,NASHBORO BLVD,,,,0.00,N,Not at Intersection,N,Non-Junction,None,,,         ,Beri,Scott,Clear,Angle,no,no,no,no,no,False
103367641,METROPOLITAN NASHVILLE POLICE DEPT,20220365564,Davidson,Nashville,7/25/2022 10:07:00 AM,2,0,0,36.162000,-86.774910,BROADWAY,,,,86.00,Feet,East,2ND AVN,,,,0.00,N,Not at Intersection,N,Non-Junction,None,,,         ,Kelcey,Bell,Clear,Angle,no,no,no,no,no,False
103367660,METROPOLITAN NASHVILLE POLICE DEPT,20220365739,Davidson,Nashville,7/25/2022 3:01:00 PM,2,3,0,36.241270,-86.757270,BRILEY PKWYE,,,,0.00,,,DICKERSON PKE,,,,0.00,Y,T-Intersection,N,Entrance/Exit Ramp Related,None,,,         ,Melina,Tamborella,Clear,Angle,no,no,no,no,no,False
103367665,METROPOLITAN NASHVILLE POLICE DEPT,20220365735,Davidson,Not in City Limit,7/25/2022 2:54:00 PM,2,0,0,36.091780,-86.979900,CHARLOTTE PKE,,,,382.00,Feet,East,HIGHWAY 70S,,,,0.00,N,Not at Intersection,N,Non-Junction,None,,,         ,Brandon,Pedigo,Cloudy,Front to Rear,no,no,no,no,no,False