master_record_number,agency,agency_tracking_number,county,city,collision_date,vehicles_involved,number_injured,number_dead,latitude,longitude,roadway_name,roadway_suffix,roadway_number,roadway_local_id,distance_from_reference,miles-feet_indicator,direction_from_reference,intersection_road_name,intersection_road_name_suffix,intersection_road_number,intersection_local_id,mile_marker,intersection_indicator,intersect_type,interchange_related_indicator,relation_to_junction,work_zone_type,construction_maintenance_zone,construction_maintenance_zone_location,fatal_case_number,officer_first_name,officer_last_name,weather_condition(s),manner_of_crash,pedestrian,bicycle,scooter,parking,hitrun,mou
103368690,METROPOLITAN NASHVILLE POLICE DEPT,20220368273,Davidson,Nashville,7/26/2022 8:53:00 PM,2,0,0,36.106540,-86.764560,POWELL AV,,,,0.00,,,POWELL PL,,,,0.00,Y,Four-Way,N,Intersection,None,,,         ,Steven,Powers,Clear,Front to Rear,no,no,no,no,yes,False
103368691,METROPOLITAN NASHVILLE POLICE DEPT,20220323120,Davidson,Nashville,7/2/2022 12:00:00 AM,2,0,0,36.124360,-86.792680,SWEETBRIAR AV,,,,213.00,Feet,West,15TH AVS,,,,0.00,N,Not at Intersection, ,Non-Junction,None,,,         ,Jeremy,Crisp,Clear,"Sideswipe, Same Direction",no,no,no,no,yes,False
103368716,METROPOLITAN NASHVILLE POLICE DEPT,20220368009,Davidson,Nashville,7/26/2022 5:55:00 PM,2,1,0,36.080370,-86.685700,ANTIOCH PKE,,,,0.00,,,FRANKLIN LIMESTONE RD,,,,0.00,Y,Four-Way,N,Intersection,None,,,         ,Keith,Parlato,Cloudy,Front to Rear,no,no,no,no,yes,False
103368717,METROPOLITAN NASHVILLE POLICE DEPT,20220368353,Davidson,Nashville,7/26/2022 9:45:00 PM,2,0,0,36.141880,-86.778700,8TH AVS,,,,57.00,Feet,North,CHESTNUT ST,,,,0.00,N,Not at Intersection, ,Non-Junction,None,,,         ,Jeremy,Crisp,Clear,Front to Rear,no,no,no,no,no,False
103368719,METROPOLITAN NASHVILLE POLICE DEPT,20220368082,Davidson,Nashville,7/26/2022 6:26:00 PM,2,1,0,36.152960,-86.842250,46TH AVN,,,,126.00,Feet,South,I40 E ENT RAMP,,,,0.00,N,Not at Intersection,N,Non-Junction,None,,,         ,Steven,Begley,Clear,Angle,no,no,no,no,no,False
103368763,METROPOLITAN NASHVILLE POLICE DEPT,20220368360,Davidson,Nashville,7/26/2022 9:49:00 PM,2,1,0,36.220710,-86.705790,PENNINGTON BEND RD,,,,1380.00,Feet,North,MCGAVOCK PKE,,,,0.00,N,Not at Intersection,N,Non-Junction,None,,,         ,Thomas,Vasquez,,Angle,no,no,no,no,no,False
103368764,METROPOLITAN NASHVILLE POLICE DEPT,20220368157,Davidson,Nashville,7/26/2022 6:09:00 PM,3,1,0,36.168490,-86.766130,I 24,,,,0.00,,,,,,,48.80,N,Not at Intersection,N,Non-Junction,None,,,         ,James,Hill,Clear,Front to Rear,no,no,no,no,yes,False
103368765,METROPOLITAN NASHVILLE POLICE DEPT,20220368245,Davidson,Nashville,7/26/2022 8:30:00 PM,3,0,0,36.144270,-86.748790,MURFREESBORO PKE,,,,216.00,Feet,East,NANCE LN,,,,0.00,N,Not at Intersection, ,Non-Junction,None,,,         ,Dalton,Crum,Clear,Angle,no,no,no,no,no,False
103368783,METROPOLITAN NASHVILLE POLICE DEPT,20220368326,Davidson,Nashville,7/26/2022 9:34:00 PM,2,1,0,36.028750,-86.636750,I 24,,,,0.00,,,,,,,61.10,N,Not at Intersection,N,Non-Junction,None,,,         ,Lisa,Beck,Clear,Front to Rear,no,no,no,no,no,False
103368784,METROPOLITAN NASHVILLE POLICE DEPT,20220368374,Davidson,Nashville,7/26/2022 9:54:00 PM,1,0,0,36.151890,-86.820050,CITY BLVD,,,,0.00,,,CITY AV,,,,0.00,Y,T-Intersection,N,Non-Junction,None,,,         ,Brady,Reynolds,Clear,Not Collision with Motor Vehicle in Transport,no,no,no,no,no,False
103368785,METROPOLITAN NASHVILLE POLICE DEPT,20220368115,Davidson,Nashville,7/26/2022 3:45:00 PM,2,0,0,36.125130,-86.733460,I24 E ENT RAMP,,,,0.00,Feet,East,I 440,,,,0.00,N,Not at Intersection, ,Non-Junction,None,,,         ,Sean,McConnell,Clear,Front to Rear,no,no,no,no,no,False
103368790,METROPOLITAN NASHVILLE POLICE DEPT,20220368469,Davidson,Nashville,7/26/2022 10:30:00 PM,2,0,0,36.133760,-86.785090,10TH AVS,,,,107.00,Feet,North,ACKLEN AV,,,,0.00,N,Not at Intersection,N,Non-Junction,None,,,         ,Jeremy,Crisp,Clear,Front to Rear,no,no,no,no,no,False
103368798,METROPOLITAN NASHVILLE POLICE DEPT,20220368489,Davidson,Nashville,7/26/2022 6:00:00 PM,2,0,0,36.176220,-86.785560,3RD AVN,,,,0.00,,,,,,,0.00,,,N,Non-Junction,None,,,         ,Brian,DeMarce,Clear,Angle,no,no,no,yes,yes,False
103368801,METROPOLITAN NASHVILLE POLICE DEPT,20220368439,Davidson,Nashville,7/26/2022 10:20:00 PM,2,2,0,36.186030,-86.758440,ELLINGTON PKWYN,,,,250.00,Feet,West,ELLINGTON PKWY N ENT RAMP,,,,0.00,N,Not at Intersection,Y,Entrance/Exit Ramp Related,None,,,         ,Justen,Ogle,Clear,Angle,no,no,no,no,no,False
103368802,METROPOLITAN NASHVILLE POLICE DEPT,20220368121,Davidson,Nashville,7/26/2022 7:17:00 PM,1,1,0,36.054530,-86.652850,RURAL HILL RD,,,,839.00,Feet,North,WILLOW POINTE PVTDR,,,,0.00,N,Not at Intersection,N,Non-Junction,None,,,         ,Nathaniel,Myers,Cloudy,Not Collision with Motor Vehicle in Transport,no,no,no,no,no,False
103368811,METROPOLITAN NASHVILLE POLICE DEPT,20220366196,Davidson,Nashville,7/25/2022 8:30:00 PM,2,3,0,36.137200,-86.699670,BRILEY PKWY,,,,0.00,Feet,,GLASTONBURY RD,,,,0.00,Y,T-Intersection,Y,Intersection,None,,,         ,Charles,Wakefield,Rain,Angle,no,no,no,no,no,False
103368813,METROPOLITAN NASHVILLE POLICE DEPT,20220368612,Davidson,Nashville,7/26/2022 12:00:00 AM,1,0,0,36.134630,-86.723450,MURFREESBORO PKE,,,,336.00,Feet,East,I24 W EXT RAMP,,,,0.00,N,Not at Intersection,N,Non-Junction,None,,,         ,Samuel,Fredericks,,Not Collision with Motor Vehicle in Transport,no,no,no,no,yes,False
103368814,METROPOLITAN NASHVILLE POLICE DEPT,20220368356,Davidson,Nashville,7/26/2022 8:06:00 PM,2,0,0,36.218480,-86.804050,WHITES CREEK PKE,,,,185.00,Feet,North,MOORMANS ARM RD,,,,0.00,,Not at Intersection,N,Non-Junction,None,,,         ,Emelie,Skye,Clear,Front to Rear,no,no,no,yes,yes,False
103368830,METROPOLITAN NASHVILLE POLICE DEPT,20220368594,Davidson,Nashville,7/26/2022 11:24:00 PM,1,1,0,36.134760,-86.723630,MURFREESBORO PKE,,,,265.00,Feet,East,I24 W EXT RAMP,,,,0.00,N,Not at Intersection,N,Non-Junction,None,,,         ,Corey,Ethridge,,Not Collision with Motor Vehicle in Transport,no,no,no,no,no,False
103368831,METROPOLITAN NASHVILLE POLICE DEPT,20220368543,Davidson,Nashville,7/26/2022 10:55:00 PM,2,0,0,36.043740,-86.661610,CANE RIDGE RD,,,,99.00,Feet,North,CANEWOOD DR,,,,0.00,N,Not at Intersection,N,Non-Junction,None,,,         ,William,Williams,Clear,"Sideswipe, Same Direction",no,no,no,no,yes,False
103368833,METROPOLITAN NASHVILLE POLICE DEPT,20220368513,Davidson,Nashville,7/26/2022 11:07:00 PM,2,3,0,36.049980,-86.649500,BELL RD,,,,0.00,Feet,,MT VIEW RD,,,,0.00,Y,Four-Way,N,Intersection,None,,,         ,Kurt,Lewton,Clear,Angle,no,no,no,no,yes,False
103368848,METROPOLITAN NASHVILLE POLICE DEPT,20220368692,Davidson,Nashville,7/27/2022 12:00:00 AM,2,0,0,36.035710,-86.639930,CROSSINGS BLVD,,,,472.00,Feet,West,OLD FRANKLIN RD,,,,0.00,N,Not at Intersection,N,OtherLocation,None,,,         ,William,Williams,Clear,Unknown,no,no,no,yes,yes,False
103368950,METROPOLITAN NASHVILLE POLICE DEPT,20220367876,Davidson,Nashville,7/26/2022 4:28:00 PM,2,0,0,36.111080,-86.754470,THOMPSON LN,,,,0.00,,,EUGENIA AV,,,,0.00,Y,Four-Way,N,Intersection,None,,,         ,Donald,Davidson,Cloudy,HeadOn,no,no,no,no,no,False
103368953,METROPOLITAN NASHVILLE POLICE DEPT,20220368978,Davidson,Nashville,7/27/2022 7:24:00 AM,2,0,0,36.037460,-86.786160,OLD HICKORY BLVD,,,,96.00,Feet,West,WILSON PIKE CIR,,,,0.00,N,Not at Intersection, ,Non-Junction,None,,,         ,Brent,Bauer,Clear,Angle,no,no,no,no,no,False
103368972,METROPOLITAN NASHVILLE POLICE DEPT,20220368986,Davidson,Nashville,7/27/2022 7:28:00 AM,2,0,0,36.154680,-86.788460,I 40,,,,0.00,,,,,,,209.20,N,Not at Intersection,N,Non-Junction,None,,,         ,Shedie,Herbert III,Clear,Front to Rear,no,no,no,no,yes,False
103369011,METROPOLITAN NASHVILLE POLICE DEPT,20220369029,Davidson,Nashville,7/27/2022 7:54:00 AM,2,0,0,36.227450,-86.772690,I65 N ENT RAMP,,,,0.00,Feet,East,I 65,,,,0.00,N,Not at Intersection, ,Non-Junction,None,,,         ,Broderick,Jones,Cloudy,Front to Rear,no,no,no,no,no,False
103369021,METROPOLITAN NASHVILLE POLICE DEPT,20220369151,Davidson,Nashville,7/27/2022 12:00:00 AM,2,0,0,36.108020,-86.766340,POWELL AV,,,,753.00,Feet,North,POWELL PL,,,,0.00,N,Not at Intersection, ,Non-Junction,None,,,         ,Jennifer,Liquori,Clear,Unknown,no,no,no,yes,yes,False
103369024,METROPOLITAN NASHVILLE POLICE DEPT,20220369115,Davidson,Nashville,7/27/2022 8:56:00 AM,2,0,0,36.040070,-86.766370,OLD HICKORY BLVD,,,,293.00,Feet,West,HEARTHSTONE MANOR LN,,,,0.00,N,Not at Intersection,N,Non-Junction,None,,,         ,Brent,Bauer,Clear,Angle,no,no,no,no,no,False
103369025,METROPOLITAN NASHVILLE POLICE DEPT,20220369132,Davidson,Nashville,7/27/2022 9:07:00 AM,2,0,0,36.139830,-86.666320,DONELSON PKE,,,,0.00,,,I40 E ENT RAMP,,,,0.00,Y,OTHER, ,Entrance/Exit Ramp Related,None,,,         ,Dillon,Hanna,Cloudy,Angle,no,no,no,no,no,False
103369038,METROPOLITAN NASHVILLE POLICE DEPT,20220369041,Davidson,Nashville,7/27/2022 8:06:00 AM,3,1,0,36.099200,-86.710510,I 24,,,,0.00,,,,,,,54.60,N,Not at Intersection,N,Non-Junction,None,,,         ,Michael,Schlegel,Clear,"Sideswipe, Same Direction",no,no,no,no,no,False
103369043,METROPOLITAN NASHVILLE POLICE DEPT,20220368558,Davidson,Nashville,7/26/2022 11:05:00 PM,2,0,0,36.157930,-86.791610,14TH AVN,,,,0.00,,,CHURCH ST,,,,0.00,Y,Four-Way, ,,None,,,         ,Alexander,Perry,,,no,no,no,no,no,False
103369058,METROPOLITAN NASHVILLE POLICE DEPT,20220369111,Davidson,Nashville,7/27/2022 8:53:00 AM,2,0,0,36.175610,-86.754870,WOODLAND ST,,,,53.00,Feet,West,MCFERRIN AV,,,,0.00,N,Not at Intersection, ,,None,,,         ,Steven,Meador,,,no,no,no,no,no,False
103369060,METROPOLITAN NASHVILLE POLICE DEPT,20220369147,Davidson,Nashville,7/27/2022 9:11:00 AM,2,2,0,36.126830,-86.908440,CHARLOTTE PKE,,,,261.00,Feet,North,LILLY VALLEY WAY,,,,0.00,N,Not at Intersection,Y,"Driveway, Alley Access, etc",None,,,         ,Jack,Crouch,Cloudy,Angle,no,no,no,no,no,False
103369066,METROPOLITAN NASHVILLE POLICE DEPT,20220369214,Davidson,Nashville,7/27/2022 10:18:00 AM,2,1,0,36.139500,-86.700200,KNIGHTS OF COLUMBUS BLVD,,,,0.00,,,I40 E ENT RAMP,,,,0.00,Y,Four-Way,N,Intersection,None,,,         ,Dillon,Hanna,Cloudy,Angle,no,no,no,no,yes,False
103369103,METROPOLITAN NASHVILLE POLICE DEPT,20220369229,Davidson,Nashville,7/27/2022 8:40:00 AM,2,0,0,36.245990,-86.745530,I65 S EXT RAMP,,,,0.00,Feet,East,I 65,,,,0.00,N,Not at Intersection, ,Non-Junction,None,,,         ,Broderick,Jones,Clear,"Sideswipe, Same Direction",no,no,no,no,no,False
103369123,METROPOLITAN NASHVILLE POLICE DEPT,20220369244,Davidson,Nashville,7/27/2022 10:41:00 AM,2,1,0,36.234830,-86.724370,BRILEY PKWYE,,,,30.00,Feet,West,BRILEY PKWY E EXT RAMP,,,,0.00,N,Not at Intersection,N,Non-Junction,None,,,         ,Michael,Agee,Clear,Front to Rear,no,no,no,no,no,False
103369144,METROPOLITAN NASHVILLE POLICE DEPT,20220369347,Davidson,Nashville,7/27/2022 11:20:00 AM,2,0,0,36.132940,-86.796400,PORTLAND AV,,,,157.00,Feet,West,BELMONT BLVD,,,,0.00,N,Not at Intersection, ,Non-Junction,None,,,         ,Michael,Moss,Clear,Rear to Side,no,no,no,no,no,False
103369164,METROPOLITAN NASHVILLE POLICE DEPT,20220369418,Davidson,Nashville,7/27/2022 11:27:00 AM,2,0,0,36.153260,-86.792180,16TH AVS,,,,0.00,Feet,East,MCGAVOCK ST,,,,0.00,N,Not at Intersection,N,Non-Junction,None,,,         ,Megan,Lamon,Clear,"Sideswipe, Same Direction",no,no,no,no,no,False
103369188,VANDERBILT UNIVERSITY POLICE,20220369346,Davidson,Nashville,7/27/2022 11:27:00 AM,2,0,0,36.146690,-86.799490,21ST AVS,,,,0.00,,,,,,,0.00,,, ,Non-Junction,None,,,         ,Adam,Dorris,,Angle,no,no,no,no,no,Campus
103369243,BERRY HILL POLICE DEPT,22-2067,Davidson,Berry Hill,7/26/2022 10:24:00 AM,1,0,0,36.121830,-86.770780,FESSEY PARK RD,,,,395.00,Feet,West,BUCHI CT,,,,0.00,N,Not at Intersection, ,"Driveway, Alley Access, etc",None,,,         ,Ronnie,Hill,Cloudy,Not Collision with Motor Vehicle in Transport,no,no,no,yes,no,False
103369244,BERRY HILL POLICE DEPT,22-2063,Davidson,Berry Hill,7/26/2022 7:13:00 AM,1,0,0,36.120330,-86.775730,FRANKLIN PKE,,,,180.00,Feet,West,GALE LN,,,,0.00,N,Not at Intersection, ,"Driveway, Alley Access, etc",None,,,         ,Ronnie,Hill,Clear,Not Collision with Motor Vehicle in Transport,no,no,no,yes,no,False
103369252,BERRY HILL POLICE DEPT,22-2086,Davidson,Berry Hill,7/27/2022 12:00:00 AM,2,0,0,36.119760,-86.770470,BERRY RD,,,,0.00,,,BERRY RD,,,,0.00,,Not at Intersection,N,OtherLocation,None,,,         ,Monty,Sands,Clear,Unknown,no,no,no,yes,yes,False
103369255,METROPOLITAN NASHVILLE POLICE DEPT,20220369130,Davidson,Nashville,7/27/2022 8:30:00 AM,2,0,0,36.087810,-86.723330,VALLEY RIDGE DR,,,,41.00,Feet,West,PARAGON MILLS RD,,,,0.00,N,Not at Intersection,N,Non-Junction,None,,,         ,James,Thomas,Clear,Angle,no,no,no,no,no,False
103369289,METROPOLITAN NASHVILLE POLICE DEPT,20220369429,Davidson,Nashville,7/27/2022 10:59:00 AM,2,0,0,36.116530,-86.836780,WOODMONT BLVD,,,,84.00,Feet,West,ESTES RD,,,,0.00,N,Not at Intersection, ,Non-Junction,None,,,         ,Darren,Key,Clear,Front to Rear,no,no,no,no,no,False
103369297,METROPOLITAN NASHVILLE POLICE DEPT,20220369508,Davidson,Nashville,7/27/2022 2:00:00 PM,2,0,0,36.108710,-86.812110,HILLSBORO PKE,,,,10.00,Feet,North,GLEN ECHO RD,,,,0.00,N,Not at Intersection, ,Non-Junction,None,,,         ,Jennifer,Liquori,Clear,Angle,no,no,no,no,no,False
103369367,METROPOLITAN NASHVILLE POLICE DEPT,20220369506,Davidson,Not in City Limit,7/27/2022 1:54:00 PM,2,0,0,36.263600,-86.684270,LARKIN SPRINGS RD,,,,0.00,Feet,,STATE RT 45,,,,0.00,Y,T-Intersection,N,Intersection,None,,,         ,Michelle,Steidl,Clear,Angle,no,no,no,no,no,False
103369375,METROPOLITAN NASHVILLE POLICE DEPT,20220369514,Davidson,Nashville,7/27/2022 1:41:00 PM,2,0,0,36.144430,-86.698400,I40 W ENT RAMP,,,,0.00,,,I 40,,,,0.00,Y,OTHER,N,Non-Junction,None,,,         ,Terry,Denton,Clear,"Sideswipe, Same Direction",no,no,no,no,yes,False
103369389,METROPOLITAN NASHVILLE POLICE DEPT,20220368345,Davidson,Nashville,7/26/2022 9:42:00 PM,2,2,1,36.051510,-86.714360,NOLENSVILLE PKE,,,,0.00,,,OCALA DR,,,,0.00,Y,Four-Way,N,Intersection,None,,,         ,Russell,Ward,Clear,Angle,no,no,no,no,no,False
103369402,METROPOLITAN NASHVILLE POLICE DEPT,20220369657,Davidson,Nashville,7/27/2022 12:00:00 AM,1,0,0,36.186090,-86.764580,LISCHEY AV,,,,215.00,Feet,South,CLEVELAND ST,,,,0.00,N,Not at Intersection, ,Non-Junction,None,,,         ,Justen,Ogle,Clear,Not Collision with Motor Vehicle in Transport,no,no,no,no,no,False
103369408,METROPOLITAN NASHVILLE POLICE DEPT,20220369551,Davidson,Nashville,7/27/2022 2:25:00 PM,2,2,0,36.088580,-86.717060,JONQUIL DR,,,,0.00,,,BENITA DR,,,,0.00,Y,Four-Way,N,Non-Junction,None,,,         ,Gary,Anderson,Clear,HeadOn,no,no,no,no,no,False
103369412,METROPOLITAN NASHVILLE POLICE DEPT,20220369554,Davidson,Nashville,7/27/2022 2:27:00 PM,2,0,0,36.165700,-86.764390,I 24,,,,0.00,,,,,,,49.00,N,Not at Intersection, ,Non-Junction,None,,,         ,Katelyn,Argeroplos,Clear,Front to Rear,no,no,no,no,no,False
103369442,VANDERBILT UNIVERSITY POLICE,20220369525,Davidson,Nashville,7/27/2022 3:08:00 PM,2,0,0,36.107650,-86.763360,POWELL AV,,,,0.00,,,,,,,0.00,,, ,Non-Junction,None,,,         ,Garrett,Bennett,Clear,Rear to Side,no,no,no,yes,no,OHO
103369449,METROPOLITAN NASHVILLE POLICE DEPT,20220369682,Davidson,Nashville,7/27/2022 3:57:00 PM,3,1,0,36.109540,-86.836360,ABBOTT MARTIN RD,,,,0.00,,,CHELMSFORD PL,,,,0.00,Y,T-Intersection,N,Intersection,None,,,         ,Steven,Begley,Clear,Front to Rear,no,no,no,no,no,False
103369456,METROPOLITAN NASHVILLE POLICE DEPT,20220369748,Davidson,Nashville,7/27/2022 4:37:00 PM,3,1,0,36.094950,-86.737040,NOLENSVILLE PKE,,,,343.00,Feet,South,WHEELER AV,,,,0.00,N,Not at Intersection,N,Non-Junction,None,,,         ,Steven,Powers,Clear,Front to Rear,no,no,no,no,yes,False
103369466,METROPOLITAN NASHVILLE POLICE DEPT,20220369639,Davidson,Nashville,7/27/2022 12:00:00 AM,2,0,0,36.154140,-86.757780,I 40,,,,0.00,,,,,,,211.10,N,Not at Intersection, ,Non-Junction,None,,,         ,Esther,Poysti,Clear,Angle,no,no,no,no,no,False
103369469,METROPOLITAN NASHVILLE POLICE DEPT,20220369729,Davidson,Nashville,7/27/2022 4:20:00 PM,2,0,0,36.151200,-86.691840,BRILEY PKWY S EXT RAMP,,,,0.00,,,ELM HILL PKE,,,,0.00,Y,T-Intersection, ,,None,,,         ,Donovan,Coble,,,no,no,no,no,no,False
103369509,METROPOLITAN NASHVILLE POLICE DEPT,20220369774,Davidson,Nashville,7/27/2022 4:38:00 PM,2,0,0,36.109000,-86.721360,I 24,,,,0.00,,,,,,,53.75,N,Not at Intersection, ,Non-Junction,None,,,         ,Megan,Arnett,Clear,"Sideswipe, Same Direction",no,no,no,no,no,False
103369512,METROPOLITAN NASHVILLE POLICE DEPT,20220369806,Davidson,Not in City Limit,7/27/2022 5:23:00 PM,2,3,0,36.050830,-86.935660,HIGHWAY 100,,,,1571.00,Feet,East,HARPETH RIV HARPETH BEND GRNWY,,,,0.00,N,Not at Intersection,N,Non-Junction,None,,,         ,Eric,Westbrook,Cloudy,Front to Rear,no,no,no,no,no,False
103369535,METROPOLITAN NASHVILLE POLICE DEPT,20220369908,Davidson,Nashville,7/27/2022 6:23:00 PM,2,1,0,36.044820,-86.686470,BELL RD,,,,11.00,Feet,West,HARRIS HILLS LN,,,,0.00,N,Not at Intersection,N,Non-Junction,None,,,         ,Brandon,Simpkins,Clear,Angle,no,no,no,no,no,False
103369575,METROPOLITAN NASHVILLE POLICE DEPT,20220369752,Davidson,Nashville,7/27/2022 4:47:00 PM,3,0,0,36.149240,-86.773650,I 40,,,,0.00,,,,,,,210.15,N,Not at Intersection,N,Non-Junction,None,,,         ,Brady,Reynolds,Clear,Front to Rear,no,no,no,no,no,False
103369582,METROPOLITAN NASHVILLE POLICE DEPT,20220369812,Davidson,Nashville,7/27/2022 5:25:00 PM,1,1,0,36.063130,-86.916930,OLD HICKORY BLVD,,,,0.00,,,BELLEVUE RD,,,,0.00,Y,T-Intersection,N,Intersection,None,,,         ,Benjamin,Cantrell,Clear,Not Collision with Motor Vehicle in Transport,no,no,no,no,yes,False
103369589,METROPOLITAN NASHVILLE POLICE DEPT,2022-0369576,Davidson,Nashville,7/27/2022 2:31:00 PM,5,4,0,36.100780,-86.740000,NOLENSVILLE PKE,,,,0.00,Feet,East,HIGH ST,,,,0.00,N,Not at Intersection,N,Non-Junction,None,,,         ,Sean,Williams,Clear,"Sideswipe, Same Direction",no,no,no,no,no,False
103369605,METROPOLITAN NASHVILLE POLICE DEPT,20220369898,Davidson,Nashville,7/27/2022 6:04:00 PM,2,0,0,36.111420,-86.811270,HILLSBORO PKE,,,,77.00,Feet,North,GRAYBAR LN,,,,0.00,N,Not at Intersection,N,Non-Junction,None,,,         ,Tony,Folad,Clear,Angle,no,no,no,no,no,False
103369612,METROPOLITAN NASHVILLE POLICE DEPT,20220369886,Davidson,Nashville,7/27/2022 6:05:00 PM,2,1,0,36.231400,-86.773470,CREEKWOOD DR,,,,0.00,,,RICHMOND HILL DR,,,,0.00,Y,Four-Way,Y,Intersection-Related,None,,,         ,Luke,Steigerwalt,Clear,Angle,no,no,no,no,yes,False
103369613,METROPOLITAN NASHVILLE POLICE DEPT,20220369849,Davidson,Nashville,7/27/2022 5:49:00 PM,2,0,0,36.152350,-86.769000,LINDSLEY AV,,,,1.00,Feet,East,2ND AVS,,,,0.00,N,Not at Intersection, ,Non-Junction,None,,,         ,Michael,Foster,Clear,Front to Rear,no,no,no,no,yes,False
103369629,METROPOLITAN NASHVILLE POLICE DEPT,20220369875,Davidson,Nashville,7/27/2022 3:52:00 PM,2,0,0,36.157930,-86.791610,14TH AVN,,,,0.00,Feet,West,CHURCH ST,,,,0.00,N,Not at Intersection,N,Non-Junction,None,,,         ,Michael,Suagua,Clear,Front to Rear,no,no,no,no,yes,False
103369638,METROPOLITAN NASHVILLE POLICE DEPT,20220370009,Davidson,Nashville,7/27/2022 5:48:00 PM,2,0,0,36.273030,-86.735820,I 65,,,,0.00,,,,,,,92.85,N,Not at Intersection, ,Non-Junction,None,,,         ,Kyle,Eicholtz,Cloudy,Front to Rear,no,no,no,no,no,False
103369674,METROPOLITAN NASHVILLE POLICE DEPT,20220369746,Davidson,Nashville,7/27/2022 4:45:00 PM,4,0,0,36.044800,-86.662130,BELL RD,,,,179.00,Feet,West,CANE RIDGE RD,,,,0.00,N,Not at Intersection, ,Non-Junction,None,,,         ,Samantha,Held,Clear,Front to Rear,no,no,no,no,no,False
103369675,METROPOLITAN NASHVILLE POLICE DEPT,20220369892,Davidson,Nashville,7/27/2022 5:27:00 PM,2,0,0,36.038980,-86.734570,OLD HICKORY BLVD,,,,367.00,Feet,West,MONTELLE LN,,,,0.00,N,Not at Intersection,N,Non-Junction,None,,,         ,Samantha,Held,Clear,"Sideswipe, Same Direction",no,no,no,no,yes,False
103369691,METROPOLITAN NASHVILLE POLICE DEPT,20220369971,Davidson,Nashville,7/27/2022 12:00:00 AM,2,0,0,36.170710,-86.623340,HOGGETT FORD RD,,,,211.00,Feet,West,FERN VALLEY RD,,,,0.00,N,Not at Intersection, ,Non-Junction,None,,,         ,Keenan,McCann,Clear,"Sideswipe, Same Direction",no,no,no,no,no,False
103369698,METROPOLITAN NASHVILLE POLICE DEPT,20220369881,Davidson,Nashville,7/27/2022 6:09:00 PM,4,1,0,36.135450,-86.759970,NOLENSVILLE PKE,,,,0.00,,,WINGROVE ST,,,,0.00,Y,T-Intersection,N,Non-Junction,None,,,         ,Brady,Reynolds,Clear,Angle,no,no,no,no,no,False
103369699,METROPOLITAN NASHVILLE POLICE DEPT,20220369995,Davidson,Nashville,7/27/2022 12:00:00 AM,2,0,0,36.205910,-86.680890,KIMBERLY DR,,,,78.00,Feet,East,MELBOURNE DR,,,,0.00,N,Not at Intersection,N,Non-Junction,None,,,         ,Esther,Poysti,Clear,HeadOn,no,no,no,yes,no,False
103369756,METROPOLITAN NASHVILLE POLICE DEPT,20220370088,Davidson,Nashville,7/27/2022 12:00:00 PM,2,0,0,36.260950,-86.757590,DICKERSON PKE,,,,74.00,Feet,South,TUCKAHOE DR,,,,0.00,N,Not at Intersection, ,,None,,,         ,Alexander,Hartle,,,no,no,no,no,no,False
103369779,METROPOLITAN NASHVILLE POLICE DEPT,20220370042,Davidson,Nashville,7/27/2022 12:00:00 AM,1,0,0,36.221040,-86.689060,PENNINGTON BEND RD,,,,808.00,Feet,South,VALLEY BEND DR,,,,0.00,N,Not at Intersection,N,Non-Junction,None,,,         ,Esther,Poysti,Clear,Not Collision with Motor Vehicle in Transport,no,no,no,no,yes,False
103369781,METROPOLITAN NASHVILLE POLICE DEPT,20220363128,Davidson,Nashville,7/23/2022 10:17:00 PM,2,0,0,36.077070,-86.734980,HARDING PL,,,,263.00,Feet,West,OVERCREST DR,,,,0.00,N,Not at Intersection,N,Non-Junction,None,,,         ,Sierra,Walker,Clear,Front to Rear,no,no,no,no,no,False
103369831,METROPOLITAN NASHVILLE POLICE DEPT,20220369776,Davidson,Nashville,7/27/2022 5:00:00 PM,1,0,0,36.150110,-86.625410,BELL RD,,,,801.00,Feet,South,STEWARTS FERRY PKE,,,,0.00,N,Not at Intersection,N,Non-Junction,None,,,         ,Theodore,Flick,Clear,Not Collision with Motor Vehicle in Transport,no,no,no,yes,no,False
103369851,METROPOLITAN NASHVILLE POLICE DEPT,20220369884,Davidson,Antioch,7/27/2022 6:26:00 PM,2,0,0,36.047840,-86.612050,MURFREESBORO PKE,,,,1284.00,Feet,North,MOUNTAIN SPRINGS RD,,,,0.00,N,Not at Intersection,N,Non-Junction,None,,,         ,Nathaniel,Myers,Cloudy,Front to Rear,no,no,no,no,yes,False
103369852,METROPOLITAN NASHVILLE POLICE DEPT,20220370253,Davidson,Nashville,7/27/2022 7:13:00 PM,2,0,0,36.154350,-86.791990,BROADWAY,,,,0.00,,,,,,,0.00,,, ,,None,,,         ,Dakota,Davis,,,no,no,no,yes,no,False
103369859,METROPOLITAN NASHVILLE POLICE DEPT,20220370157,Davidson,Nashville,7/27/2022 8:46:00 PM,2,1,0,36.176260,-86.790250,MONROE ST,,,,0.00,Feet,West,6TH AVN,,,,0.00,N,Not at Intersection,N,Non-Junction,None,,,         ,Michael,Suagua,Clear,Not Collision with Motor Vehicle in Transport,no,no,no,no,no,False