master_record_number,agency,agency_tracking_number,county,city,collision_date,vehicles_involved,number_injured,number_dead,latitude,longitude,roadway_name,roadway_suffix,roadway_number,roadway_local_id,distance_from_reference,miles-feet_indicator,direction_from_reference,intersection_road_name,intersection_road_name_suffix,intersection_road_number,intersection_local_id,mile_marker,intersection_indicator,intersect_type,interchange_related_indicator,relation_to_junction,work_zone_type,construction_maintenance_zone,construction_maintenance_zone_location,fatal_case_number,officer_first_name,officer_last_name,weather_condition(s),manner_of_crash,pedestrian,bicycle,scooter,parking,hitrun,mou
103370951,METROPOLITAN NASHVILLE POLICE DEPT,20220372336,Davidson,Nashville,7/28/2022 12:00:00 AM,2,0,0,36.228800,-86.759380,DICKERSON PKE,,,,210.00,Feet,South,BROADMOOR DR,,,,0.00,N,Not at Intersection,N,Non-Junction,None,,,         ,Shaquille,Graham,Clear,Unknown,no,no,no,no,yes,False
103370955,METROPOLITAN NASHVILLE POLICE DEPT,20220372395,Davidson,Nashville,7/28/2022 11:32:00 PM,3,0,0,36.077090,-86.725560,EDMONDSON PKE,,,,0.00,,North,WALLACE RD,,,,0.00,N,Not at Intersection,N,Non-Junction,None,,,         ,Sierra,Walker,Clear,Front to Rear,no,no,no,no,yes,False
103370956,METROPOLITAN NASHVILLE POLICE DEPT,20220372151,Davidson,Not in City Limit,7/28/2022 9:22:00 PM,1,1,0,36.097240,-86.936510,I 40,,,,0.00,,,,,,,198.00,N,Not at Intersection,N,Non-Junction,None,,,         ,Brandon,Pedigo,Cloudy,Unknown,no,no,no,no,no,False
103370966,METROPOLITAN NASHVILLE POLICE DEPT,20220372405,Davidson,Nashville,7/28/2022 11:10:00 PM,2,0,0,36.155350,-86.790730,15TH AVN,,,,46.00,Feet,North,BROADWAY,,,,0.00,N,Not at Intersection,N,Non-Junction,None,,,         ,Jeremy,Crisp,Clear,Front to Rear,no,no,no,no,no,False
103370967,METROPOLITAN NASHVILLE POLICE DEPT,20220372328,Davidson,Nashville,7/28/2022 8:45:00 PM,2,0,0,36.135510,-86.784880,WAVERLY AV,,,,45.00,Feet,West,10TH AVS,,,,0.00,N,Not at Intersection,N,Non-Junction,None,,,         ,Clayton,Cox,Clear,Angle,no,no,no,yes,no,False
103371047,THP District 3 - Nashville,322060608,Davidson,Nashville,7/28/2022 1:11:00 PM,2,0,0,36.040900,-86.779380,STONE BROOK DR,,,,0.00,,,OLD HICKORY BLVD,,,,0.00,Y,Four-Way,N,Intersection,None,,,         ,Roberto,Pineda,Clear,Other,no,no,no,no,no,False
103371084,METROPOLITAN NASHVILLE POLICE DEPT,20220372726,Davidson,Antioch,7/28/2022 4:16:00 PM,2,0,0,36.004910,-86.621970,OLD HICKORY BLVD,,,,45.00,Feet,West,BURKITT RD,,,,0.00,N,Not at Intersection,N,Non-Junction,None,,,         ,Beri,Scott,Clear,Front to Rear,no,no,no,no,yes,False
103371106,METROPOLITAN NASHVILLE POLICE DEPT,20220372694,Davidson,Antioch,7/28/2022 3:00:00 PM,2,0,0,36.041270,-86.615370,SUNSET RIDGE LN,,,,212.00,Feet,South,CENTRAL GROVE SQ,,,,0.00,N,Not at Intersection, ,Non-Junction,None,,,         ,William,Hudson,Clear,Angle,no,no,no,no,no,False
103371136,THP District 3 - Nashville,322060218,Davidson,Nashville,7/27/2022 9:59:00 AM,2,0,0,36.092620,-86.705420,I 24,,,,0.00,,,,,,,55.15,N,Not at Intersection, ,Non-Junction,Construction Zone,,,         ,Alexander,Campbell,Clear,"Sideswipe, Same Direction",no,no,no,no,no,False
103371201,THP District 9 - Administrative,322059883,Davidson,Nashville,7/26/2022 9:45:00 AM,2,0,0,36.170940,-86.785230,5TH AVE N,,,,333.00,Feet,North,HARRISON ST,,,,0.00,N,Not at Intersection, ,"Driveway, Alley Access, etc",None,,,         ,Shane,Moore,Clear,Angle,no,no,no,no,no,False
103371295,THP District 3 - Nashville,322060230,Davidson,Nashville,7/27/2022 10:31:00 AM,2,0,0,36.016020,-86.620080,OLD HICKORY BLVD,,,,173.00,Feet,North,I24 W EXT RAMP,,,,0.00,N,Not at Intersection, ,Non-Junction,None,,,         ,Nicholas,Lang,Clear,Angle,no,no,no,no,no,False
103371349,METROPOLITAN NASHVILLE POLICE DEPT,2022-0369182,Davidson,Nashville,7/27/2022 12:00:00 AM,2,0,0,36.145010,-86.667900,SHACKLETT DR,,,,0.00,,,CLARIDGE DR,,,,0.00,Y,OTHER, ,Non-Junction,None,,,         ,Frank,Walker,Clear,Rear to Side,no,no,no,no,no,False
103371396,METROPOLITAN NASHVILLE POLICE DEPT,20220372982,Davidson,Nashville,7/25/2022 11:05:00 PM,1,0,0,36.153520,-86.774470,LEA AV,,,,174.00,Feet,West,5TH AVS,,,,0.00,N,Not at Intersection,N,Non-Junction,None,,,         ,Eric,Ziegler,Clear,Not Collision with Motor Vehicle in Transport,no,no,no,yes,yes,False
103371433,METROPOLITAN NASHVILLE POLICE DEPT,20220373251,Davidson,Nashville,7/28/2022 1:29:00 PM,2,0,0,36.135070,-86.889420,CHARLOTTE PKE,,,,476.00,Feet,North,HILLWOOD PRIVATE CV,,,,0.00,N,Not at Intersection,N,OtherLocation,None,,,         ,Jackson,Smythe,Clear,"Sideswipe, Same Direction",no,no,no,yes,yes,False
103371506,Nashville Airport Police,2022-03140,Davidson,Nashville,7/26/2022 9:25:00 PM,2,1,0,36.136340,-86.664270,TERMINAL DR,,,,0.00,,,SATELLITE WAY ENT RAMP,,,,0.00,Y,T-Intersection,N,Intersection,None,,,         ,Megan,Vetter,Cloudy,HeadOn,no,no,no,no,no,False
103371671,METROPOLITAN NASHVILLE POLICE DEPT,20220373355,Davidson,Nashville,7/28/2022 3:00:00 PM,2,0,0,36.042330,-86.607470,STATE HWY 171,,,,96.00,Feet,West,RAMP,,,,0.00,N,Not at Intersection,N,Non-Junction,None,,,         ,Parker,Vegas,Clear,Front to Rear,no,no,no,no,yes,False
103371801,METROPOLITAN NASHVILLE POLICE DEPT,20220364726,Davidson,Nashville,7/18/2022 2:35:00 AM,2,0,0,36.217160,-86.697800,MCGAVOCK PKE,,,,262.00,Feet,East,AUTOMATED COLLECTION SERVICES,,,,0.00,N,Not at Intersection, ,,None,,,         ,Zacarias,Brito Jr.,,,no,no,no,no,no,False
103372237,VANDERBILT UNIVERSITY POLICE,20220369456,Davidson,Nashville,7/27/2022 12:45:00 PM,1,0,0,36.141630,-86.800200,21ST AVS,,,,324.00,Feet,North,MEDICAL CENTER DR,,,,0.00,N,Not at Intersection, ,,None,,,         ,Harlan,Jones,,,no,no,no,yes,no,Campus
103374107,METROPOLITAN NASHVILLE POLICE DEPT,20220368699,Davidson,Nashville,7/27/2022 2:06:00 AM,1,0,1,36.299790,-86.696600,GALLATIN PKEN,,,,0.00,,,CUDE LN,,,,0.00,Y,Four-Way,N,Intersection,None,,,         ,Kevin,Coleman,Clear,Not Collision with Motor Vehicle in Transport,yes,no,no,no,no,False
103374171,THP District 3 - Nashville,322060648,Davidson,Nashville,7/28/2022 3:06:00 PM,2,0,0,36.118310,-86.700400,BRILEY PKWY S ENT RAMP,,,,0.00,Feet,East,BRILEY PKWYS,,,,0.00,N,Not at Intersection,Y,Entrance/Exit Ramp Related,None,,,         ,Nicholas,Lang,Cloudy,Angle,no,no,no,no,no,False
103374463,METROPOLITAN NASHVILLE POLICE DEPT,20220370217,Davidson,Nashville,7/27/2022 12:00:00 AM,2,0,0,36.089090,-86.689280,HARDING PL,,,,288.00,Feet,West,EZELL PKE,,,,0.00,N,Not at Intersection,N,Non-Junction,None,,,         ,Antoine,Maghamez,Clear,Front to Rear,no,no,no,no,yes,False
103374981,METROPOLITAN NASHVILLE POLICE DEPT,20220371777,Davidson,Nashville,7/28/2022 4:10:00 PM,3,2,0,36.121110,-86.773490,I 65,,,,0.00,,,,,,,80.45,N,Not at Intersection,N,Non-Junction,None,,,         ,Samantha,Held,Rain,Front to Rear,no,no,no,no,no,False
103376506,METROPOLITAN NASHVILLE POLICE DEPT,20220360777,Davidson,Nashville,7/22/2022 12:00:00 PM,2,0,0,36.143720,-86.769280,CHESTNUT ST,,,,95.00,Feet,East,MARTIN ST,,,,0.00,N,Not at Intersection, ,Non-Junction,None,,,         ,Ryan,Hampton,Clear,"Sideswipe, Same Direction",no,no,no,no,no,False
103377204,METROPOLITAN NASHVILLE POLICE DEPT,20220334263,Davidson,Nashville,7/8/2022 1:10:00 AM,1,0,0,36.087000,-86.706790,PARAGON MILLS RD,,,,0.00,Feet,,LINBAR DR,,,,0.00,Y,T-Intersection,N,Intersection-Related,None,,,         ,William,Hudson,Clear,Not Collision with Motor Vehicle in Transport,no,no,no,no,yes,False
103384532,METROPOLITAN NASHVILLE POLICE DEPT,20220362253,Davidson,Joelton,7/23/2022 12:00:00 AM,1,1,0,36.386020,-86.899490,WHITES CREEK PIKE,,,,0.00,,North,,,,,431.00,N,Not at Intersection,N,Non-Junction,None,,,         ,Tristan,Krausman,Clear,Not Collision with Motor Vehicle in Transport,no,no,no,no,no,False
103441197,VANDERBILT UNIVERSITY POLICE,20220325660,Davidson,Nashville,7/3/2022 2:10:00 PM,2,0,0,36.146840,-86.808630,WEST END AV,,,,0.00,,,25TH AVN,,,,0.00,Y,Four-Way, ,Non-Junction,None,,,         ,Michael,Wyers,,"Sideswipe, Same Direction",no,no,no,no,no,Campus
103370950,METROPOLITAN NASHVILLE POLICE DEPT,20220372462,Davidson,Nashville,7/29/2022 12:30:00 AM,2,2,0,36.046580,-86.713410,NOLENSVILLE PKE,,,,445.00,Feet,North,OLD HICKORY BLVD,,,,0.00,N,Not at Intersection,N,Non-Junction,None,,,         ,Jonathan,Handley,Clear,Angle,no,no,no,no,no,False
103370965,METROPOLITAN NASHVILLE POLICE DEPT,20220372473,Davidson,Not in City Limit,7/29/2022 12:40:00 AM,2,5,0,36.299180,-86.811600,I 24,,,,0.00,,,,,,,38.80,N,Not at Intersection,N,Non-Junction,None,,,         ,Nathan,Sizemore,Clear,Front to Rear,no,no,no,no,no,False
103370998,METROPOLITAN NASHVILLE POLICE DEPT,20220372622,Davidson,Nashville,7/29/2022 3:31:00 AM,1,0,0,36.142310,-86.680840,I 40,,,,0.00,,,,,,,215.80,N,Not at Intersection,N,Non-Junction,None,,,         ,Jeffrey,Palomino-Gonzalez,Rain,Not Collision with Motor Vehicle in Transport,no,no,no,no,no,False
103371004,METROPOLITAN NASHVILLE POLICE DEPT,20220372604,Davidson,Nashville,7/29/2022 3:33:00 AM,2,1,0,36.156870,-86.780840,8TH AVS,,,,0.00,Feet,,DEMONBREUN ST,,,,0.00,Y,Four-Way,N,Intersection,None,,,         ,Brenton,Adcox,Rain,"Sideswipe, Opposite Direction",no,no,no,no,no,False
103371008,METROPOLITAN NASHVILLE POLICE DEPT,20220372636,Davidson,Nashville,7/29/2022 4:15:00 AM,1,1,0,36.232410,-86.826110,BRILEY PKWYW,,,,269.00,Feet,West,BRILEY PKWYE,,,,0.00,N,Not at Intersection,N,Non-Junction,None,,,         ,Nathan,Sizemore,Rain,Not Collision with Motor Vehicle in Transport,no,no,no,no,no,False
103371015,METROPOLITAN NASHVILLE POLICE DEPT,20220372640,Davidson,Antioch,7/29/2022 4:33:00 AM,1,0,0,36.032250,-86.612000,OLD HICKORY BLVD,,,,152.00,Feet,South,PRESERVE BLVD,,,,0.00,N,Not at Intersection,N,Non-Junction,None,,,         ,William,Hudson,Rain,Not Collision with Motor Vehicle in Transport,no,no,no,no,yes,False
103371023,METROPOLITAN NASHVILLE POLICE DEPT,20220372668,Davidson,Nashville,7/29/2022 5:11:00 AM,1,0,0,36.150820,-86.749880,I 40,,,,0.00,,,,,,,211.60,N,Not at Intersection, ,Non-Junction,None,,,         ,Jacob,Snyder,"Cloudy, Rain",Not Collision with Motor Vehicle in Transport,no,no,no,no,no,False
103371024,METROPOLITAN NASHVILLE POLICE DEPT,20220372658,Davidson,Nashville,7/29/2022 12:00:00 AM,1,0,0,36.141030,-86.660520,I 40,,,,0.00,,,,,,,270.00,N,Not at Intersection, ,Non-Junction,None,,,         ,John,Braxton,Rain,Not Collision with Motor Vehicle in Transport,no,no,no,no,no,False
103371026,METROPOLITAN NASHVILLE POLICE DEPT,20220372666,Davidson,Nashville,7/29/2022 5:10:00 AM,1,1,0,36.106200,-86.718820,I 24,,,,0.00,,,,,,,54.00,N,Not at Intersection,N,Non-Junction,None,,,         ,Jonathan,Handley,Rain,Not Collision with Motor Vehicle in Transport,no,no,no,no,no,False
103371028,METROPOLITAN NASHVILLE POLICE DEPT,20220372624,Davidson,Nashville,7/29/2022 12:00:00 AM,1,0,0,36.121778,-86.762910,I440W,,,,0.00,,West,,,,,56.00,N,Not at Intersection,N,Non-Junction,None,,,         ,Clayton,Cox,Rain,Not Collision with Motor Vehicle in Transport,no,no,no,no,no,False
103371036,METROPOLITAN NASHVILLE POLICE DEPT,20220372645,Davidson,Nashville,7/29/2022 4:30:00 AM,2,0,0,36.070700,-86.769980,I 65,,,,0.00,,,,,,,77.00,N,Not at Intersection,N,Non-Junction,None,,,         ,Ricardo,Cruz,Rain,Not Collision with Motor Vehicle in Transport,no,no,no,no,no,False
103371069,METROPOLITAN NASHVILLE POLICE DEPT,20220372647,Davidson,Nashville,7/29/2022 4:44:00 AM,2,1,0,36.121930,-86.761940,I 440,,,,0.00,,,,,,,5.70,N,Not at Intersection,N,Non-Junction,None,,,         ,Lynsey,Fish,"Cloudy, Rain",Angle,no,no,no,no,no,False
103371085,METROPOLITAN NASHVILLE POLICE DEPT,20220372716,Davidson,Nashville,7/29/2022 6:30:00 AM,2,1,0,36.121710,-86.727380,I 24,,,,0.00,,,,,,,52.80,N,Not at Intersection,N,Non-Junction,None,,,         ,Mitchell,Bazzano,Clear,Front to Rear,no,no,no,no,yes,False
103371095,METROPOLITAN NASHVILLE POLICE DEPT,20220372732,Davidson,Nashville,7/29/2022 6:45:00 AM,1,1,0,36.058040,-86.645880,RURAL HILL RD,,,,1154.00,Feet,East,TOOK LN,,,,0.00,N,Not at Intersection,N,Non-Junction,None,,,         ,Zachary,Wilbanks,"Cloudy, Rain",Not Collision with Motor Vehicle in Transport,no,no,no,no,no,False
103371104,METROPOLITAN NASHVILLE POLICE DEPT,20220372711,Davidson,Nashville,7/29/2022 6:24:00 AM,3,0,0,36.142800,-86.744360,MURFREESBORO PKE,,,,0.00,,,FESSLERS LN,,,,0.00,Y,Four-Way,N,Intersection,None,,,         ,Patrick,Lancaster,Rain,Front to Rear,no,no,no,no,no,False
103371120,METROPOLITAN NASHVILLE POLICE DEPT,20220372722,Davidson,Nashville,7/29/2022 6:35:00 AM,1,0,0,36.238280,-86.783210,I24 W ENT RAMP,,,,0.00,,,BRILEY PKWYW,,,,0.00,Y,Y-Intersection,N,Entrance/Exit Ramp Related,None,,,         ,Michael,Reid,Cloudy,Not Collision with Motor Vehicle in Transport,no,no,no,no,no,False
103371143,METROPOLITAN NASHVILLE POLICE DEPT,202203728651,Davidson,Not in City Limit,7/29/2022 8:30:00 AM,2,0,0,36.044160,-86.957800,HIGHWAY 100,,,,343.00,Feet,East,LEARNING LN,,,,0.00,N,Not at Intersection, ,Non-Junction,None,,,         ,Wesley,Tilley,Rain,Front to Rear,no,no,no,no,no,False
103371160,METROPOLITAN NASHVILLE POLICE DEPT,20220372823,Davidson,Nashville,7/29/2022 7:44:00 AM,3,0,0,36.172100,-86.767290,JAMES ROBERTSON PKWY,,,,48.00,Feet,West,ELLINGTON PKWY N ENT RAMP,,,,0.00,N,Not at Intersection,N,Non-Junction,None,,,         ,Brandon,O'Guin,Rain,Front to Rear,no,no,no,no,no,False
103371162,METROPOLITAN NASHVILLE POLICE DEPT,20220372940,Davidson,Nashville,7/29/2022 9:20:00 AM,2,0,0,36.058830,-86.670450,MT VIEW RD,,,,0.00,,,HICKORY HOLLOW PKWY,,,,0.00,Y,T-Intersection, ,Non-Junction,None,,,         ,Steven,Williams,Rain,Front to Rear,no,no,no,no,no,False
103371174,METROPOLITAN NASHVILLE POLICE DEPT,20220372787,Davidson,Nashville,7/29/2022 7:28:00 AM,2,0,0,36.136050,-86.726930,I24E,,,,268.00,Feet,South,I24 W ENT RAMP,,,,0.00,N,Not at Intersection,N,Non-Junction,None,,,         ,David,Rehm,Cloudy,Front to Rear,no,no,no,no,no,False
103371175,METROPOLITAN NASHVILLE POLICE DEPT,20220372866,Davidson,Nashville,7/29/2022 8:20:00 AM,2,1,0,36.134130,-86.727100,I 24,,,,0.00,,,,,,,52.00,N,Not at Intersection,N,Non-Junction,None,,,         ,David,Rehm,"Cloudy, Rain",Front to Rear,no,no,no,no,no,False
103371184,METROPOLITAN NASHVILLE POLICE DEPT,20220372965,Davidson,Nashville,7/29/2022 9:43:00 AM,2,0,0,36.140510,-86.731810,I 24,,,,0.00,,,,,,,51.50,N,Not at Intersection,N,Non-Junction,None,,,         ,Patrick,Lancaster,Rain,Front to Rear,no,no,no,no,no,False
103371192,METROPOLITAN NASHVILLE POLICE DEPT,20220373007,Davidson,Nashville,7/29/2022 10:21:00 AM,2,0,0,36.112150,-86.687250,MURFREESBORO PKE,,,,528.00,Feet,West,AIR FREIGHT BLVD,,,,0.00,N,Not at Intersection,N,Non-Junction,None,,,         ,Beri,Scott,"Cloudy, Rain",Front to Rear,no,no,no,no,yes,False
103371194,THP District 3 - Nashville,322060868,Davidson,Nashville,7/29/2022 8:42:00 AM,2,0,0,36.104430,-86.716070,I 24,,,,0.00,,,,,,,54.20,N,Not at Intersection,N,Non-Junction,None,,,         ,Matthew,Priest,"Cloudy, Rain",Front to Rear,no,no,no,no,no,False
103371208,METROPOLITAN NASHVILLE POLICE DEPT,20220372921,Davidson,Nashville,7/29/2022 9:00:00 AM,2,4,0,36.142040,-86.678610,I 40,,,,0.00,,,,,,,215.90,N,Not at Intersection,N,Non-Junction,None,,,         ,Alexandra,Herring,Rain,Angle,no,no,no,no,no,False
103371238,METROPOLITAN NASHVILLE POLICE DEPT,20220373049,Davidson,Nashville,7/29/2022 11:02:00 AM,2,0,0,36.070410,-86.689770,I24 W ENT RAMP,,,,0.00,Feet,East,I 24,,,,0.00,N,Not at Intersection,N,Entrance/Exit Ramp Related,None,,,         ,Joe,Hooper,Rain,Angle,no,no,no,no,no,False
103371260,METROPOLITAN NASHVILLE POLICE DEPT,20220372969,Davidson,Nashville,7/29/2022 9:40:00 AM,1,0,0,36.171210,-86.803240,I 40,,,,0.00,,,,,,,207.50,N,Not at Intersection,N,Non-Junction,None,,,         ,Billy,Price,Rain,Not Collision with Motor Vehicle in Transport,no,no,no,no,yes,False
103371319,METROPOLITAN NASHVILLE POLICE DEPT,20220373135,Davidson,Nashville,7/29/2022 12:13:00 PM,2,2,0,36.181130,-86.774500,I 24,,,,0.00,,,,,,,47.60,N,Not at Intersection,N,Non-Junction,None,,,         ,Ian,Wilson,Clear,Front to Rear,no,no,no,no,yes,False
103371334,METROPOLITAN NASHVILLE POLICE DEPT,20220373160,Davidson,Nashville,7/29/2022 12:36:00 PM,1,0,0,36.180520,-86.774230,N 1ST ST,,,,6.00,Feet,East,DICKERSON PKE ENT RAMP,,,,0.00,N,Not at Intersection,N,Non-Junction,None,,,         ,Miranda,Vaughn,Cloudy,Not Collision with Motor Vehicle in Transport,no,no,no,no,no,False
103371336,METROPOLITAN NASHVILLE POLICE DEPT,20220373147,Davidson,Not in City Limit,7/29/2022 11:50:00 AM,2,1,0,36.000240,-86.635890,OLD HICKORY BLVD,,,,0.00,,,CANE RIDGE RD,,,,0.00,Y,T-Intersection,N,Intersection,None,,,         ,Tavin,Emlund,Cloudy,Angle,no,no,no,no,no,False
103371338,METROPOLITAN NASHVILLE POLICE DEPT,20220373136,Davidson,Nashville,7/29/2022 12:12:00 PM,2,0,0,36.167920,-86.765790,I 24,,,,0.00,,,,,,,48.85,N,Not at Intersection, ,,None,,,         ,Joseph,Santana,,,no,no,no,no,no,False
103371347,METROPOLITAN NASHVILLE POLICE DEPT,20220373167,Davidson,Nashville,7/29/2022 4:15:00 AM,1,0,0,36.195110,-86.725180,CAHAL AV,,,,50.00,Feet,West,PORTER RD,,,,0.00,N,Not at Intersection,N,Non-Junction,None,,,         ,Ryan,Papp,Clear,Not Collision with Motor Vehicle in Transport,no,no,no,yes,yes,False
103371404,METROPOLITAN NASHVILLE POLICE DEPT,20220373129,Davidson,Goodlettsville,7/29/2022 12:00:00 AM,2,0,0,36.298250,-86.699890,RIVERGATE PKWY,,,,41.00,Feet,North,GLEAVES ST,,,,0.00,N,Not at Intersection,N,Non-Junction,None,,,         ,David,Williford,Cloudy,Front to Rear,no,no,no,no,no,False
103371424,METROPOLITAN NASHVILLE POLICE DEPT,20220373225,Davidson,Nashville,7/29/2022 12:03:00 PM,2,0,0,36.126790,-86.710780,THOMPSON PL,,,,95.00,Feet,East,MURFREESBORO PKE,,,,0.00,N,Not at Intersection, ,Non-Junction,None,,,         ,Dillon,Hanna,Cloudy,Angle,no,no,no,no,no,False
103371436,METROPOLITAN NASHVILLE POLICE DEPT,20220373055,Davidson,Nashville,7/29/2022 10:03:00 AM,3,0,0,36.191710,-86.785770,I 65,,,,0.00,,,,,,,86.00,N,Not at Intersection,N,Non-Junction,None,,,         ,Zachary,Akers,Cloudy,Front to Rear,no,no,no,no,yes,False
103371438,METROPOLITAN NASHVILLE POLICE DEPT,20220373148,Davidson,Nashville,7/29/2022 12:09:00 PM,2,0,0,36.211830,-86.715180,ARDEE AV,,,,553.00,Feet,North,INGLEWOOD CIRN,,,,0.00,N,Not at Intersection,N,Non-Junction,None,,,         ,Zera,Ntahonirukiye,Cloudy,Rear to Side,no,no,no,no,yes,False
103371463,VANDERBILT UNIVERSITY POLICE,20220373214,Davidson,Nashville,7/29/2022 12:00:00 AM,2,0,0,36.142610,-86.800800,MEDICAL CENTER DR,,,,0.00,,,,,,,0.00,,, ,,None,,,         ,Scott,Johnson,,,no,no,no,yes,no,Campus
103371521,METROPOLITAN NASHVILLE POLICE DEPT,20220373205,Davidson,Not in City Limit,7/29/2022 1:15:00 PM,2,0,0,36.262210,-86.712210,GALLATIN PKES,,,,0.00,,,E OLD HICKORY BLVD,,,,0.00,Y,T-Intersection,N,Intersection,None,,,         ,Michael,Reid,Clear,Angle,no,no,no,no,no,False
103371522,METROPOLITAN NASHVILLE POLICE DEPT,20220373104,Davidson,Not in City Limit,7/29/2022 11:50:00 AM,2,0,0,36.265100,-86.711220,GALLATIN PKEN,,,,279.00,Feet,South,DULING AV,,,,0.00,N,Not at Intersection,N,Non-Junction,None,,,         ,Wesley,Mcclelland,Cloudy,Angle,no,no,no,no,no,False
103371578,METROPOLITAN NASHVILLE POLICE DEPT,20220373323,Davidson,Nashville,7/29/2022 3:05:00 PM,2,1,0,36.156940,-86.780880,8TH AVS,,,,26.00,Feet,North,DEMONBREUN ST,,,,0.00,N,Not at Intersection,Y,Non-Junction,None,,,         ,Eric,Ziegler,Clear,Angle,no,no,no,no,no,False
103371604,METROPOLITAN NASHVILLE POLICE DEPT,20220373353,Davidson,Nashville,7/29/2022 3:28:00 PM,2,2,0,36.054230,-86.642940,BELL RD,,,,323.00,Feet,South,THE OVERLOOK PVTDR,,,,0.00,N,Not at Intersection,N,Non-Junction,None,,,         ,Steven,Bowler,Cloudy,Front to Rear,no,no,no,no,no,False
103371616,METROPOLITAN NASHVILLE POLICE DEPT,20220373396,Davidson,Nashville,7/29/2022 10:55:00 AM,2,0,0,36.073320,-86.724410,NOLENSVILLE PKE,,,,37.00,Feet,South,PROVIDENCE HTS,,,,0.00,N,Not at Intersection,N,Non-Junction,None,,,         ,Gary,Anderson,Clear,Angle,no,no,no,no,no,False
103371619,VANDERBILT UNIVERSITY POLICE,20220373197,Davidson,Nashville,7/29/2022 12:42:00 PM,2,0,0,36.142070,-86.796960,APPLETON PL,,,,286.00,Feet,West,18TH AVS,,,,0.00,N,Not at Intersection, ,Non-Junction,None,,,         ,Alan,Reed,Cloudy,Rear to Rear,no,no,no,yes,no,Campus
103371621,METROPOLITAN NASHVILLE POLICE DEPT,20220373347,Davidson,Nashville,7/29/2022 3:26:00 PM,2,1,0,36.217360,-86.763230,LORRAINE AV,,,,0.00,Feet,West,DICKERSON PKE,,,,0.00,N,Not at Intersection,N,Non-Junction,None,,,         ,Seth,Wilson,Clear,Front to Rear,no,no,no,no,no,False
103371624,METROPOLITAN NASHVILLE POLICE DEPT,20220373407,Davidson,Nashville,7/29/2022 4:20:00 PM,2,0,0,36.172840,-86.765340,S 5TH ST,,,,0.00,,,SPRING ST,,,,0.00,Y,Four-Way,N,Non-Junction,None,,,         ,Daniel,Carney,Clear,Angle,no,no,no,no,no,False
103371629,METROPOLITAN NASHVILLE POLICE DEPT,20220373402,Davidson,Nashville,7/29/2022 3:54:00 PM,2,0,0,36.201450,-86.694210,OPRY MILLS DR,,,,1103.00,Feet,East,SHELBY BOTTOMS GRNWY,,,,0.00,N,Not at Intersection,N,Non-Junction,None,,,         ,Evan,Grace,Clear,Angle,no,no,no,yes,yes,False
103371642,METROPOLITAN NASHVILLE POLICE DEPT,20220373397,Davidson,Nashville,7/29/2022 3:40:00 PM,2,0,0,36.169870,-86.673640,LEBANON PKE,,,,0.00,,,SHADY GROVE RD,,,,0.00,Y,T-Intersection,Y,Intersection,None,,,         ,Michael,Hunnicutt,Clear,Angle,no,no,no,no,yes,False
103371648,METROPOLITAN NASHVILLE POLICE DEPT,20220373398,Davidson,Nashville,7/29/2022 4:09:00 PM,2,1,0,36.156920,-86.798980,18TH AVN,,,,0.00,,,PATTERSON ST,,,,0.00,Y,Four-Way,N,Non-Junction,None,,,         ,Brady,Reynolds,Clear,Angle,no,no,no,no,no,False
103371665,METROPOLITAN NASHVILLE POLICE DEPT,20220373435,Davidson,Nashville,7/29/2022 1:21:00 PM,2,0,0,36.250040,-86.741490,I 65,,,,0.00,,,,,,,91.20,N,Not at Intersection, ,Non-Junction,None,,,         ,Christopher,Valdez,Clear,"Sideswipe, Same Direction",no,no,no,no,yes,False
103371666,METROPOLITAN NASHVILLE POLICE DEPT,20220373511,Davidson,Antioch,7/29/2022 3:44:00 PM,2,0,0,36.042010,-86.574100,PEPPERTREE DR,,,,167.00,Feet,South,CHUTNEY DR,,,,0.00,N,Not at Intersection, ,Non-Junction,None,,,         ,Michael,Hones,Clear,Angle,no,no,no,no,no,False
103371675,METROPOLITAN NASHVILLE POLICE DEPT,20220373422,Davidson,Nashville,7/29/2022 3:29:00 PM,2,0,0,36.134120,-86.889550,CHARLOTTE PKE,,,,187.00,Feet,East,HILLWOOD PRIVATE CV,,,,0.00,N,Not at Intersection, ,Non-Junction,None,,,         ,Cameron,Van Der Merwe,Clear,Front to Rear,no,no,no,no,no,False
103371686,BERRY HILL POLICE DEPT,22-2111,Davidson,Berry Hill,7/29/2022 4:09:00 PM,2,0,0,36.126390,-86.771720,CRAIGHEAD ST,,,,172.00,Feet,West,MCKEAND AV,,,,0.00,N,Not at Intersection, ,Non-Junction,None,,,         ,Darren,Jenkins,Clear,Angle,no,no,no,no,no,False
103371687,METROPOLITAN NASHVILLE POLICE DEPT,20220373501,Davidson,Nashville,7/29/2022 5:03:00 PM,2,0,0,36.151280,-86.801860,21ST AVN,,,,68.00,Feet,South,HAYES ST,,,,0.00,N,Not at Intersection,N,Non-Junction,None,,,         ,Samantha,Held,Clear,Front to Rear,no,no,no,no,no,Campus