master_record_number,agency,agency_tracking_number,county,city,collision_date,vehicles_involved,number_injured,number_dead,latitude,longitude,roadway_name,roadway_suffix,roadway_number,roadway_local_id,distance_from_reference,miles-feet_indicator,direction_from_reference,intersection_road_name,intersection_road_name_suffix,intersection_road_number,intersection_local_id,mile_marker,intersection_indicator,intersect_type,interchange_related_indicator,relation_to_junction,work_zone_type,construction_maintenance_zone,construction_maintenance_zone_location,fatal_case_number,officer_first_name,officer_last_name,weather_condition(s),manner_of_crash,pedestrian,bicycle,scooter,parking,hitrun,mou
103375570,METROPOLITAN NASHVILLE POLICE DEPT,20220373211,Davidson,Nashville,7/29/2022 1:21:00 PM,2,3,1,36.249770,-86.741660,I 65,,,,0.00,,,,,,,91.15,N,Not at Intersection,N,Non-Junction,None,,,         ,Christopher,Augustin,Cloudy,Front to Rear,no,no,no,no,no,False
103375580,METROPOLITAN NASHVILLE POLICE DEPT,20220381135,Davidson,Nashville,8/3/2022 7:30:00 AM,2,0,0,36.110450,-86.717910,BRILEY PKWYN,,,,281.00,Feet,East,BRILEY PKWYS,,,,0.00,N,Not at Intersection,N,Non-Junction,None,,,         ,Todd,Watson,Clear,"Sideswipe, Same Direction",no,no,no,no,yes,False
103375586,METROPOLITAN NASHVILLE POLICE DEPT,20220381206,Davidson,Nashville,8/3/2022 8:00:00 AM,2,0,0,36.138580,-86.819890,WEST END AV,,,,312.00,Feet,South,MURPHY RD,,,,0.00,N,Not at Intersection, ,Non-Junction,None,,,         ,William,McDaniel,Clear,"Sideswipe, Same Direction",no,no,no,no,no,False
103375594,METROPOLITAN NASHVILLE POLICE DEPT,20220381202,Davidson,Nashville,8/3/2022 8:14:00 AM,2,1,0,36.062320,-86.904630,HIGHWAY 100,,,,0.00,,,OLD HICKORY BLVD,,,,0.00,Y,Four-Way,N,Intersection,None,,,         ,Douglas,Atwood,Clear,Angle,no,no,no,no,no,False
103375625,METROPOLITAN NASHVILLE POLICE DEPT,20220381370,Davidson,Not in City Limit,8/3/2022 10:24:00 AM,2,1,0,36.263070,-86.711920,STATE RT 45,,,,0.00,,,GALLATIN PKEN,,,,0.00,Y,Four-Way,N,Intersection,None,,,         ,Brian,Otto,Clear,Angle,no,no,no,no,yes,False
103375628,METROPOLITAN NASHVILLE POLICE DEPT,20220381378,Davidson,Nashville,8/3/2022 10:27:00 AM,2,0,0,36.248340,-86.720130,GALLATIN PKES,,,,119.00,Feet,North,DUE WEST AVE,,,,0.00,N,Not at Intersection, ,,None,,,         ,Wesley,Mcclelland,,,no,no,no,no,no,False
103375629,METROPOLITAN NASHVILLE POLICE DEPT,20220381290,Davidson,Nashville,8/3/2022 9:07:00 AM,2,0,0,36.233560,-86.725440,JOYCE LN,,,,184.00,Feet,West,GALLATIN PKE,,,,0.00,N,Not at Intersection, ,,None,,,         ,Faye,Denson,,,no,no,no,no,no,False
103375662,METROPOLITAN NASHVILLE POLICE DEPT,20220381372,Davidson,Nashville,8/3/2022 9:43:00 AM,2,0,0,36.143770,-86.814110,WEST END AV,,,,185.00,Feet,South,29TH AVS,,,,0.00,N,Not at Intersection, ,,None,,,         ,Earl,Davis,,,no,no,no,no,no,Campus
103375683,METROPOLITAN NASHVILLE POLICE DEPT,20220381469,Davidson,Nashville,8/3/2022 10:36:00 AM,1,0,0,36.082440,-86.883540,HIGHWAY 100,,,,1397.00,Feet,North,VAUGHNS GAP RD,,,,0.00,N,Not at Intersection, ,Non-Junction,None,,,         ,Brent,Bauer,Cloudy,Not Collision with Motor Vehicle in Transport,no,no,no,no,no,False
103375698,METROPOLITAN NASHVILLE POLICE DEPT,20220381544,Davidson,Not in City Limit,8/3/2022 12:17:00 PM,2,0,0,36.270780,-86.706610,ROOSEVELT AV,,,,0.00,,,BROOKS AV,,,,0.00,Y,T-Intersection,N,Intersection,None,,,         ,Christopher,Littles,Clear,Angle,no,no,no,no,no,False
103375745,METROPOLITAN NASHVILLE POLICE DEPT,20220381504,Davidson,Nashville,8/3/2022 9:50:00 AM,2,0,0,36.209280,-86.834520,HAYNES PARK DR,,,,0.00,,,EVE CIR,,,,0.00,Y,T-Intersection, ,Intersection,None,,,         ,Dennis,Diesel,Clear,"Sideswipe, Same Direction",no,no,no,no,no,False
103375746,METROPOLITAN NASHVILLE POLICE DEPT,20220381240,Davidson,Nashville,8/3/2022 8:20:00 AM,1,1,0,36.074700,-86.920230,HIGHWAY 70S,,,,83.00,Feet,West,BELLE FOREST SHOPPING CENTER P,,,,0.00,N,Not at Intersection,N,Non-Junction,None,,,         ,Jack,Crouch,Clear,Not Collision with Motor Vehicle in Transport,yes,no,no,no,no,False
103375752,METROPOLITAN NASHVILLE POLICE DEPT,20220379600,Davidson,Nashville,8/2/2022 1:17:00 PM,2,1,0,36.176330,-86.785540,3RD AVN,,,,0.00,,,MADISON ST,,,,0.00,Y,Four-Way,N,Intersection,None,,,         ,David,Hazzard,Clear,Angle,no,no,no,no,no,False
103375874,METROPOLITAN NASHVILLE POLICE DEPT,20220381622,Davidson,Nashville,8/3/2022 1:25:00 PM,2,0,0,36.164000,-86.779170,4TH AVN,,,,128.00,Feet,North,CHURCH ST,,,,0.00,N,Not at Intersection, ,,Maintenance Zone,,,         ,Michael,Schlegel,,,no,no,no,no,no,False
103375902,METROPOLITAN NASHVILLE POLICE DEPT,20220381677,Davidson,Nashville,8/3/2022 1:55:00 PM,2,1,0,36.040300,-86.816400,GRANNY WHITE PKE,,,,14.00,Feet,West,OLD HICKORY BLVD,,,,0.00,N,Not at Intersection,N,Non-Junction,None,,,         ,Jennifer,Liquori,Clear,Front to Rear,no,no,no,no,no,False
103375910,METROPOLITAN NASHVILLE POLICE DEPT,20220381557,Davidson,Nashville,8/3/2022 11:55:00 AM,2,0,0,36.146820,-86.869860,CHARLOTTE PKE,,,,178.00,Feet,West,MARCIA AV,,,,0.00,N,Not at Intersection,N,Non-Junction,None,,,         ,George,Spencer,Clear,Angle,no,no,no,no,no,False
103375940,METROPOLITAN NASHVILLE POLICE DEPT,20220381663,Davidson,Nashville,8/3/2022 1:52:00 PM,3,1,0,36.162670,-86.761470,I 24,,,,0.00,,,,,,,49.30,N,Not at Intersection,N,Non-Junction,None,,,         ,Johnathan,Carlisle,Clear,Front to Rear,no,no,no,no,yes,False
103375974,METROPOLITAN NASHVILLE POLICE DEPT,20220381734,Davidson,Nashville,8/3/2022 1:50:00 PM,2,0,0,36.086860,-86.695950,HARDING PL,,,,0.00,Feet,East,METROPLEX DR,,,,0.00,N,Not at Intersection, ,,None,,,         ,Gregory,Scott,,,no,no,no,no,no,False
103375982,METROPOLITAN NASHVILLE POLICE DEPT,20220381499,Davidson,Nashville,8/3/2022 11:58:00 AM,2,4,0,36.228900,-86.724670,GALLATIN PIKE,,,,0.00,Feet,,GALLATIN PIKE,,US,,0.00,Y,Four-Way,N,Intersection,None,,,         ,Faye,Denson,Clear,Front to Rear,no,no,no,no,no,False
103375983,METROPOLITAN NASHVILLE POLICE DEPT,20220381676,Davidson,Nashville,8/3/2022 2:15:00 PM,2,0,0,36.206590,-86.776470,I 65,,,,0.00,,,,,,,87.30,N,Not at Intersection, ,Non-Junction,None,,,         ,Joel,Bennett,Clear,Front to Rear,no,no,no,no,no,False
103375992,METROPOLITAN NASHVILLE POLICE DEPT,20220381623,Davidson,Nashville,8/3/2022 1:00:00 PM,2,0,0,36.142800,-86.744360,FESSLERS LN,,,,0.00,,,MURFREESBORO PKE,,,,0.00,Y,Four-Way, ,Intersection,None,,,         ,Todd,Watson,Clear,"Sideswipe, Same Direction",no,no,no,no,no,False
103376001,METROPOLITAN NASHVILLE POLICE DEPT,20220381635,Davidson,Nashville,8/3/2022 12:21:00 PM,2,0,0,36.152120,-86.772230,LAFAYETTE ST,,,,0.00,,,ASH ST,,,,0.00,Y,Four-Way,N,Intersection-Related,None,,,         ,Garrett,Short,Clear,Angle,no,no,no,no,no,False
103376007,METROPOLITAN NASHVILLE POLICE DEPT,20220381590,Davidson,Nashville,8/3/2022 12:30:00 PM,2,0,0,36.044640,-86.713170,NOLENSVILLE PKE,,,,143.00,Feet,North,BRENTWOOD EAST DR,,,,0.00,N,Not at Intersection, ,Non-Junction,None,,,         ,Leonard,Cato,Clear,"Sideswipe, Same Direction",no,no,no,no,no,False
103376026,METROPOLITAN NASHVILLE POLICE DEPT,20220381815,Davidson,Nashville,8/3/2022 3:25:00 PM,2,0,0,36.087670,-86.714900,TAMPA DR,,,,0.00,Feet,,PARAGON MILLS RD,,,,0.00,Y,Four-Way,Y,Intersection,None,,,         ,Laura,Williams,Clear,Angle,no,no,no,no,no,False
103376053,METROPOLITAN NASHVILLE POLICE DEPT,20220381843,Davidson,Nashville,8/3/2022 1:55:00 PM,1,0,0,36.170880,-86.789860,ROSA L PARKS BLVD,,,,220.00,Feet,South,LOCKLAYER ST,,,,0.00,N,Not at Intersection,N,Non-Junction,None,,,         ,Gabriel,Centeno,Clear,Not Collision with Motor Vehicle in Transport,no,no,no,no,no,False
103376074,METROPOLITAN NASHVILLE POLICE DEPT,20220381929,Davidson,Nashville,8/3/2022 4:40:00 PM,2,0,0,36.158760,-86.789910,CHURCH ST,,,,243.00,Feet,East,12TH AVN,,,,0.00,N,Not at Intersection, ,,None,,,         ,Brent,Morris,,,no,no,no,no,no,False
103376075,METROPOLITAN NASHVILLE POLICE DEPT,20220381759,Davidson,Nashville,8/3/2022 2:50:00 PM,2,1,0,36.154090,-86.757650,I 40,,,,0.00,,,,,,,211.10,N,Not at Intersection,N,Non-Junction,None,,,         ,Larry,Benz,Clear,Front to Rear,no,no,no,no,no,False
103376079,METROPOLITAN NASHVILLE POLICE DEPT,20220381802,Davidson,Nashville,8/3/2022 3:10:00 PM,2,0,0,36.157930,-86.791610,14TH AVN,,,,0.00,,,CHURCH ST,,,,0.00,Y,Four-Way,Y,Intersection,None,,,         ,Cory,Stratton,Clear,Angle,no,no,no,no,no,False
103376082,METROPOLITAN NASHVILLE POLICE DEPT,20220381872,Davidson,Nashville,8/3/2022 4:08:00 PM,2,0,0,36.174580,-86.743800,RUSSELL ST,,,,162.00,Feet,East,S 15TH ST,,,,0.00,N,Not at Intersection, ,Non-Junction,None,,,         ,Andrew,Campbell,Clear,"Sideswipe, Opposite Direction",no,no,no,no,no,False
103376094,METROPOLITAN NASHVILLE POLICE DEPT,20220381781,Davidson,Nashville,8/3/2022 3:17:00 PM,2,2,0,36.074800,-86.757950,BLACKMAN RD,,,,357.00,Feet,East,TROUSDALE DR,,,,0.00,N,Not at Intersection,N,Non-Junction,None,,,         ,Steven,Powers,Clear,HeadOn,no,no,no,no,no,False
103376095,METROPOLITAN NASHVILLE POLICE DEPT,20220381965,Davidson,Nashville,8/3/2022 5:05:00 PM,2,0,0,36.204010,-86.776880,I65 S ENT RAMP,,,,0.00,Feet,East,I 65,,,,0.00,N,Not at Intersection,N,Non-Junction,None,,,         ,Scarlett,Collins,Clear,Front to Rear,no,no,no,no,no,False
103376108,METROPOLITAN NASHVILLE POLICE DEPT,20220381999,Davidson,Nashville,8/3/2022 5:35:00 PM,2,1,0,36.154370,-86.833520,I 40,,,,0.00,,,,,,,205.25,N,Not at Intersection,Y,Non-Junction,None,,,         ,Heather,Fox,Clear,Front to Rear,no,no,no,no,no,False
103376109,METROPOLITAN NASHVILLE POLICE DEPT,20220381886,Davidson,Nashville,8/3/2022 4:20:00 PM,2,0,0,36.070680,-86.636620,BELL RD,,,,453.00,Feet,South,MURFREESBORO PKE,,,,0.00,N,Not at Intersection,N,Non-Junction,None,,,         ,Nathaniel,Myers,Clear,Angle,no,no,no,no,no,False
103376114,METROPOLITAN NASHVILLE POLICE DEPT,20220381932,Davidson,Nashville,8/3/2022 4:16:00 PM,2,0,0,36.132810,-86.818270,LANCASTER AV,,,,267.00,Feet,North,CHESTERFIELD AV,,,,0.00,N,Not at Intersection,N,Non-Junction,None,,,         ,Samuel,Sundra,Clear,"Sideswipe, Same Direction",no,no,no,no,no,False
103376115,METROPOLITAN NASHVILLE POLICE DEPT,20220382018,Davidson,Nashville,8/3/2022 2:15:00 PM,2,0,0,36.175610,-86.792930,ROSA L PARKS BLVD,,,,146.00,Feet,North,MONROE ST,,,,0.00,N,Not at Intersection,N,Non-Junction,None,,,         ,Jackson,Sanders,Clear,Unknown,no,no,no,yes,yes,False
103376131,METROPOLITAN NASHVILLE POLICE DEPT,20220382054,Davidson,Nashville,8/3/2022 6:00:00 AM,2,0,0,36.149140,-86.781160,I 40,,,,0.00,,,,,,,209.70,N,Not at Intersection,N,Non-Junction,None,,,         ,Russell,Freeman,Clear,Front to Rear,no,no,no,no,yes,False
103376134,METROPOLITAN NASHVILLE POLICE DEPT,20220382030,Davidson,Nashville,8/3/2022 4:41:00 PM,2,0,0,36.143960,-86.722580,ELM HILL PKE,,,,2.00,Feet,West,SPENCE LN,,,,0.00,N,Not at Intersection, ,Non-Junction,None,,,         ,Evan,Grace,Clear,Angle,no,no,no,no,no,False
103376137,METROPOLITAN NASHVILLE POLICE DEPT,20220381977,Davidson,Nashville,8/3/2022 5:10:00 PM,2,0,0,36.040590,-86.771070,OLD HICKORY BLVD,,,,0.00,,,SEVEN SPRINGS WAY PVTDR,,,,0.00,Y,Four-Way,N,Intersection,None,,,         ,Jacob,Robbins,Clear,Angle,no,no,no,no,no,False
103376154,METROPOLITAN NASHVILLE POLICE DEPT,20220381854,Davidson,Goodlettsville,8/3/2022 3:55:00 PM,2,0,0,36.305490,-86.693570,CONFERENCE DR,,,,172.00,Feet,South,RIVERGATE MALL PVTDR,,,,0.00,N,Not at Intersection, ,Non-Junction,None,,,         ,Dylan,Bradley,Clear,Front to Rear,no,no,no,no,no,False
103376165,THP District 3 - Nashville,322060991,Davidson,Nashville,7/29/2022 2:56:00 PM,2,0,0,36.251940,-86.734030,FAIROAKS DR,,,,0.00,,,S GRAYCROFT AV,,,,0.00,Y,Four-Way,N,Intersection,None,,,         ,Matthew,Priest,Clear,Angle,no,no,no,no,no,False
103376186,METROPOLITAN NASHVILLE POLICE DEPT,20220382068,Davidson,Nashville,8/3/2022 3:49:00 PM,2,0,0,36.112420,-86.746010,NOLENSVILLE PKE,,,,116.00,Feet,South,MCCLAIN AV,,,,0.00,N,Not at Intersection,N,Non-Junction,None,,,         ,Steven,Powers,Clear,Front to Rear,no,no,no,no,no,False
103376197,METROPOLITAN NASHVILLE POLICE DEPT,20220382083,Davidson,Nashville,8/3/2022 5:50:00 PM,2,0,0,36.121515,-86.758070,,,I440 E,,100.00,Feet,East,,,,,6.00,N,Not at Intersection, ,Non-Junction,None,,,         ,Eric,Modransky,Clear,Angle,no,no,no,no,no,False
103376206,METROPOLITAN NASHVILLE POLICE DEPT,20220381948,Davidson,Nashville,8/3/2022 4:58:00 PM,2,1,0,36.040520,-86.770470,OLD HICKORY BLVD,,,,181.00,Feet,East,SEVEN SPRINGS WAY PVTDR,,,,0.00,N,Not at Intersection,N,Non-Junction,None,,,         ,Samuel,Sundra,Clear,Front to Rear,no,no,no,no,no,False
103376207,METROPOLITAN NASHVILLE POLICE DEPT,20220382071,Davidson,Nashville,8/3/2022 6:25:00 PM,2,1,0,36.127990,-86.695610,BRILEY PKWY,,,,0.00,,,KENTON PL,,,,0.00,Y,T-Intersection,N,Intersection,None,,,         ,Theodore,Flick,Clear,Angle,no,no,no,no,no,False
103376217,METROPOLITAN NASHVILLE POLICE DEPT,20220382130,Davidson,Nashville,8/3/2022 6:51:00 PM,2,1,0,36.077900,-86.731260,HARDING PL,,,,107.00,Feet,East,MILNER DR,,,,0.00,N,Not at Intersection,N,Non-Junction,None,,,         ,Steven,Powers,Clear,Front to Rear,no,no,no,no,no,False
103376219,METROPOLITAN NASHVILLE POLICE DEPT,20220382052,Davidson,Nashville,8/3/2022 6:10:00 PM,2,1,0,36.221140,-86.804900,REVELS DR,,,,0.00,,,WHITES CREEK PKE,,,,0.00,Y,T-Intersection,N,Intersection-Related,None,,,         ,Michael,Suagua,Clear,Angle,no,no,no,no,no,False
103376235,METROPOLITAN NASHVILLE POLICE DEPT,20220382238,Davidson,Nashville,8/3/2022 8:33:00 PM,2,0,0,36.173210,-86.791670,JEFFERSON ST,,,,82.00,Feet,West,ROSA L PARKS BLVD,,,,0.00,N,Not at Intersection,N,Non-Junction,None,,,         ,Michael,Suagua,Clear,Front to Rear,no,no,no,no,yes,False
103376244,METROPOLITAN NASHVILLE POLICE DEPT,20220382245,Davidson,Nashville,8/3/2022 7:30:00 PM,2,0,0,36.112520,-86.746070,NOLENSVILLE PKE,,,,73.00,Feet,South,MCCLAIN AV,,,,0.00,N,Not at Intersection,N,Non-Junction,None,,,         ,Jacob,Robbins,Cloudy,"Sideswipe, Same Direction",no,no,no,no,no,False
103376255,METROPOLITAN NASHVILLE POLICE DEPT,20220382220,Davidson,Nashville,8/3/2022 7:50:00 PM,2,0,0,36.130690,-86.755580,NOLENSVILLE PKE,,,,122.00,Feet,South,WOODYCREST AV,,,,0.00,N,Not at Intersection, ,,None,,,         ,Dalton,Crum,,,no,no,no,no,no,False
103376270,METROPOLITAN NASHVILLE POLICE DEPT,20220382241,Davidson,Not in City Limit,8/3/2022 7:02:00 PM,2,0,0,35.994560,-86.686710,NOLENSVILLE RD,,,,70.00,Feet,South,SOUTHPOINT PKWY,,,,0.00,N,Not at Intersection, ,,None,,,         ,Brian,Sherman,,,no,no,no,no,no,False
103376280,METROPOLITAN NASHVILLE POLICE DEPT,20220382263,Davidson,Nashville,8/3/2022 1:50:00 PM,2,0,0,36.153950,-86.746640,LEBANON PKE,,,,307.00,Feet,East,HERMITAGE AV,,,,0.00,N,Not at Intersection, ,,None,,,         ,Evan,Grace,,,no,no,no,no,no,False
103376290,METROPOLITAN NASHVILLE POLICE DEPT,20220382197,Davidson,Nashville,8/3/2022 7:56:00 PM,1,0,0,36.205010,-86.616150,NEPAL DR,,,,126.00,Feet,East,SAMOA DR,,,,0.00,N,Not at Intersection,N,Non-Junction,None,,,         ,Keith,Covert,Clear,Not Collision with Motor Vehicle in Transport,no,no,no,no,yes,False
103376293,METROPOLITAN NASHVILLE POLICE DEPT,20220382204,Davidson,Antioch,8/3/2022 8:02:00 PM,2,1,0,36.023530,-86.699900,SUNNYWOOD DR,,,,0.00,,,ALTERAS DR,,,,0.00,Y,T-Intersection,N,Intersection,None,,,         ,Nathaniel,Myers,Clear,Angle,no,no,no,no,no,False
103376295,GOODLETTSVILLE POLICE DEPT,22-23824,Davidson,Goodlettsville,8/3/2022 9:17:00 PM,1,0,0,36.315310,-86.694350,WINDSOR TRC,,,,0.00,Feet,East,HABERSHAM CT,,,,0.00,N,Not at Intersection,N,Non-Junction,None,,,         ,Wesley,Kinnaird,Clear,Not Collision with Motor Vehicle in Transport,no,no,no,no,yes,False
103376306,METROPOLITAN NASHVILLE POLICE DEPT,20220382118,Davidson,Nashville,8/3/2022 6:12:00 PM,2,1,0,36.229240,-86.759300,DICKERSON PKE,,,,50.00,Feet,South,BROADMOOR DR,,,,0.00,N,Not at Intersection,Y,Non-Junction,None,,,         ,Alexandra,Wall,Clear,Front to Rear,no,no,no,no,no,False
103376331,METROPOLITAN NASHVILLE POLICE DEPT,20220381900,Davidson,Not in City Limit,8/3/2022 4:25:00 PM,1,1,0,36.325140,-86.873890,I 24,,,,0.00,,,,,,,34.60,N,Not at Intersection,N,Non-Junction,None,,,         ,Craig,Paschetti,Clear,Not Collision with Motor Vehicle in Transport,no,no,no,no,no,False
103376333,METROPOLITAN NASHVILLE POLICE DEPT,20220382474,Davidson,Goodlettsville,8/3/2022 9:04:00 PM,2,0,0,36.305230,-86.692690,THE SHOPPES AT RIVERGATE PVTDR,,,,0.00,Feet,East,CONFERENCE DR,,,,0.00,N,Not at Intersection, ,,None,,,         ,Dylan,Bradley,,,no,no,no,no,no,False
103376342,METROPOLITAN NASHVILLE POLICE DEPT,20220382137,Davidson,Nashville,8/3/2022 7:19:00 PM,1,0,0,36.229100,-86.759330,DICKERSON PKE,,,,102.00,Feet,South,BROADMOOR DR,,,,0.00,N,Not at Intersection, ,Non-Junction,None,,,         ,Alexandra,Wall,Clear,Not Collision with Motor Vehicle in Transport,no,no,no,no,no,False
103376343,METROPOLITAN NASHVILLE POLICE DEPT,20220382498,Davidson,Nashville,8/3/2022 8:10:00 PM,2,0,0,36.136080,-86.787690,WEDGEWOOD AV,,,,288.00,Feet,East,12TH AVS,,,,0.00,N,Not at Intersection,N,Non-Junction,None,,,         ,Michael,Hodges,Clear,"Sideswipe, Opposite Direction",no,no,no,yes,yes,False
103376344,METROPOLITAN NASHVILLE POLICE DEPT,20220382448,Davidson,Nashville,8/3/2022 10:20:00 PM,1,0,0,36.170110,-86.766380,I24 W ENT RAMP,,,,0.00,Feet,East,I 24,,,,0.00,N,Not at Intersection,N,Non-Junction,None,,,         ,Jarrett,Ipox,Clear,Not Collision with Motor Vehicle in Transport,no,no,no,no,no,False
103376346,METROPOLITAN NASHVILLE POLICE DEPT,20220382495,Davidson,Nashville,8/3/2022 9:30:00 PM,2,0,0,36.191720,-86.785620,I 65,,,,0.00,,,,,,,86.00,N,Not at Intersection,Y,Non-Junction,None,,,         ,Luke,Steigerwalt,Clear,"Sideswipe, Same Direction",no,no,no,no,yes,False
103376348,METROPOLITAN NASHVILLE POLICE DEPT,20220382525,Davidson,Nashville,8/3/2022 10:33:00 PM,2,0,0,36.141130,-86.664970,I 40,,,,0.00,,,,,,,269.70,N,Not at Intersection, ,Non-Junction,None,,,         ,Mario,Diaz,Clear,"Sideswipe, Same Direction",no,no,no,no,no,False
103376361,METROPOLITAN NASHVILLE POLICE DEPT,20220381901,Davidson,Nashville,8/3/2022 4:33:00 PM,3,3,0,36.145670,-86.696260,I40 E ENT RAMP,,,,0.00,Feet,,BRILEY PKWY S EXT RAMP,,,,0.00,Y,OTHER,Y,Intersection-Related,None,,,         ,Douglas,Mann,Clear,Angle,no,no,no,no,no,False
103376362,METROPOLITAN NASHVILLE POLICE DEPT,2022-0379294,Davidson,Nashville,8/2/2022 12:00:00 AM,2,0,0,36.170640,-86.679680,MCGAVOCK PKE,,,,347.00,Feet,South,PARK DR,,,,0.00,N,Not at Intersection, ,Non-Junction,None,,,         ,Frank,Walker,Clear,Angle,no,no,no,no,no,False
103376365,METROPOLITAN NASHVILLE POLICE DEPT,20220382266,Davidson,Nashville,8/3/2022 4:42:00 PM,2,0,0,36.101500,-86.764710,I 65,,,,0.00,,,,,,,79.15,N,Not at Intersection,N,Non-Junction,None,,,         ,Steven,Powers,Clear,Front to Rear,no,no,no,no,yes,False
103376368,METROPOLITAN NASHVILLE POLICE DEPT,20220382672,Davidson,Nashville,8/4/2022 12:16:00 AM,2,1,0,36.109700,-86.671450,DONELSON PKE,,,,3.00,Feet,North,KNAPP BLVD,,,,0.00,N,Not at Intersection,N,Non-Junction,None,,,         ,Mario,Diaz,Clear,Front to Rear,no,no,no,no,no,False
103376373,METROPOLITAN NASHVILLE POLICE DEPT,20220382713,Davidson,Nashville,8/4/2022 12:00:00 AM,2,0,0,36.187070,-86.768030,MERIDIAN ST,,,,42.00,Feet,North,CLEVELAND ST,,,,0.00,N,Not at Intersection,Y,Non-Junction,None,,,         ,Shaquille,Graham,Clear,Angle,no,no,no,no,yes,False
103376386,METROPOLITAN NASHVILLE POLICE DEPT,20220382696,Davidson,Nashville,8/4/2022 12:32:00 AM,2,2,0,36.180660,-86.749690,ORDWAY PL,,,,0.00,,,GALLATIN AV,,,,0.00,Y,Four-Way,Y,Non-Junction,None,,,         ,Jarrett,Ipox,Clear,Angle,no,no,no,no,no,False
103376413,THP District 3 - Nashville,322062222,Davidson,Nashville,8/3/2022 7:49:00 AM,2,0,0,36.147270,-86.693310,BRILEY PKWYN,,,,201.00,Feet,South,BRILEY PKWYS,,,,0.00,N,Not at Intersection, ,Non-Junction,None,,,         ,Lennart,Schaaf,Clear,"Sideswipe, Same Direction",no,no,no,no,no,False
103376417,METROPOLITAN NASHVILLE POLICE DEPT,20220382994,Davidson,Antioch,8/4/2022 5:06:00 AM,1,0,0,36.080020,-86.582940,SMITH SPRINGS RD,,,,31.00,Feet,West,MILBRIDGE DR,,,,0.00,N,Not at Intersection,N,Non-Junction,None,,,         ,William,Hudson,Clear,Not Collision with Motor Vehicle in Transport,no,no,no,no,yes,False
103376425,METROPOLITAN NASHVILLE POLICE DEPT,20220382977,Davidson,Not in City Limit,8/4/2022 12:00:00 AM,2,0,0,36.275500,-86.695580,MAY DR,,,,221.00,Feet,North,MAYVIEW DR,,,,0.00,N,Not at Intersection,N,Non-Junction,None,,,         ,Zachary,Smith,Clear,Angle,no,no,no,no,no,False
103376438,METROPOLITAN NASHVILLE POLICE DEPT,20220382756,Davidson,Nashville,8/4/2022 1:11:00 AM,4,3,0,36.084750,-86.647650,MURFREESBORO PKE,,,,420.00,Feet,North,BROOKSBORO PL,,,,0.00,N,Not at Intersection,N,Non-Junction,None,,,         ,Corey,Ethridge,Clear,Other,no,no,no,no,no,False
103376445,METROPOLITAN NASHVILLE POLICE DEPT,20220383029,Davidson,Nashville,8/4/2022 5:40:00 AM,2,2,0,36.148810,-86.666280,ELM HILL PKE,,,,0.00,,,DONELSON PKE,,,,0.00,Y,Four-Way,Y,Intersection,None,,,         ,Randall,Ward,Clear,Angle,no,no,no,no,no,False
103376475,METROPOLITAN NASHVILLE POLICE DEPT,20220383036,Davidson,Nashville,8/4/2022 5:39:00 AM,1,1,0,36.160820,-86.589170,BELL RD,,,,0.00,,,LAKE CHATEAU DR,,,,0.00,Y,OTHER,N,Non-Junction,None,,,         ,Keith,Covert,Clear,Not Collision with Motor Vehicle in Transport,no,no,no,no,no,False
103376477,METROPOLITAN NASHVILLE POLICE DEPT,20220381865,Davidson,Nashville,8/3/2022 3:49:00 PM,2,0,0,36.150460,-86.856690,CHARLOTTE PKE,,,,211.00,Feet,East,ORLANDO AV,,,,0.00,N,Not at Intersection,N,Non-Junction,None,,,         ,Alexandra,Herring,Clear,Angle,no,no,no,no,no,False
103376482,METROPOLITAN NASHVILLE POLICE DEPT,20220383042,Davidson,Not in City Limit,8/4/2022 12:00:00 AM,2,2,0,35.995480,-86.687860,NOLENSVILLE RD,,,,1.00,Feet,South,PETTUS RD,,,,0.00,N,Not at Intersection,N,Non-Junction,None,,,         ,John,Braxton,Clear,HeadOn,no,no,no,no,no,False
103376496,METROPOLITAN NASHVILLE POLICE DEPT,20220383138,Davidson,Nashville,8/4/2022 7:21:00 AM,3,0,0,36.255960,-86.711910,NEELYS BEND RD,,,,264.00,Feet,East,ARGLE AV,,,,0.00,N,Not at Intersection, ,Non-Junction,None,,,         ,Christopher,Littles,Clear,Front to Rear,no,no,no,no,no,False
103376501,METROPOLITAN NASHVILLE POLICE DEPT,20220383134,Davidson,Nashville,8/4/2022 7:05:00 AM,2,1,0,36.142540,-86.709170,I 40,,,,0.00,,,,,,,214.25,N,Not at Intersection,N,Non-Junction,None,,,         ,David,Kmosko,Clear,Front to Rear,no,no,no,no,no,False
103376530,METROPOLITAN NASHVILLE POLICE DEPT,20220383208,Davidson,Nashville,8/4/2022 12:00:00 AM,2,0,0,36.158890,-86.782110,8TH AVS,,,,0.00,,,ROSA L PARKS BLVD,,,,0.00,Y,Four-Way, ,,None,,,         ,James,Thornton,,,no,no,no,no,no,False
103376545,GOODLETTSVILLE POLICE DEPT,22-23808,Davidson,Goodlettsville,8/3/2022 4:36:00 PM,1,0,0,36.332690,-86.716890,N MAIN ST,,,,560.00,Feet,South,FANNIN DR,,,,0.00,N,Not at Intersection,N,Non-Junction,None,,,         ,Daniel,Knalls,Clear,Not Collision with Motor Vehicle in Transport,no,no,no,no,no,False