master_record_number,agency,agency_tracking_number,county,city,collision_date,vehicles_involved,number_injured,number_dead,latitude,longitude,roadway_name,roadway_suffix,roadway_number,roadway_local_id,distance_from_reference,miles-feet_indicator,direction_from_reference,intersection_road_name,intersection_road_name_suffix,intersection_road_number,intersection_local_id,mile_marker,intersection_indicator,intersect_type,interchange_related_indicator,relation_to_junction,work_zone_type,construction_maintenance_zone,construction_maintenance_zone_location,fatal_case_number,officer_first_name,officer_last_name,weather_condition(s),manner_of_crash,pedestrian,bicycle,scooter,parking,hitrun,mou
103376552,METROPOLITAN NASHVILLE POLICE DEPT,20220383232,Davidson,Nashville,8/4/2022 8:30:00 AM,2,1,0,36.150260,-86.857500,CHARLOTTE PKE,,,,39.00,Feet,West,ORLANDO AV,,,,0.00,N,Not at Intersection,N,Non-Junction,None,,,         ,Douglas,Atwood,,Front to Rear,no,no,no,no,no,False
103376553,METROPOLITAN NASHVILLE POLICE DEPT,20220383168,Davidson,Nashville,8/4/2022 7:45:00 AM,2,0,0,36.140040,-86.814660,32ND AVS,,,,0.00,,,DUDLEY AV,,,,0.00,Y,T-Intersection, ,Intersection,None,,,         ,Lee,Davis,Clear,Not Collision with Motor Vehicle in Transport,no,no,no,no,no,Campus
103376555,METROPOLITAN NASHVILLE POLICE DEPT,20220383106,Davidson,Nashville,8/4/2022 12:00:00 AM,2,0,0,36.249580,-86.686580,NEELYS BEND RD,,,,0.00,,,LARKIN SPRINGS RD,,,,0.00,Y,T-Intersection,N,Intersection,None,,,         ,Wesley,Mcclelland,Clear,Front to Rear,no,no,no,no,yes,False
103376559,METROPOLITAN NASHVILLE POLICE DEPT,20220383210,Davidson,Nashville,8/4/2022 8:13:00 AM,1,0,0,36.211410,-86.691150,BRILEY PKWYN,,,,441.00,Feet,South,BRILEY PKWYS,,,,0.00,N,Not at Intersection,N,Non-Junction,None,,,         ,Larry,Benz,Clear,Not Collision with Motor Vehicle in Transport,no,no,no,no,no,False
103376560,METROPOLITAN NASHVILLE POLICE DEPT,20220383098,Davidson,Nashville,8/4/2022 6:40:00 AM,2,0,0,36.085340,-86.702130,HARDING PL,,,,221.00,Feet,West,I24 E EXT RAMP,,,,0.00,N,Not at Intersection,N,Non-Junction,None,,,         ,Gerald,Gomes,Clear,Front to Rear,no,no,no,no,yes,False
103376561,METROPOLITAN NASHVILLE POLICE DEPT,20220383246,Davidson,Nashville,8/4/2022 7:15:00 AM,2,0,0,36.133840,-86.722290,MURFREESBORO PKE,,,,104.00,Feet,East,PLUS PARK BLVD,,,,0.00,N,Not at Intersection, ,,None,,,         ,David,Kmosko,,,no,no,no,no,no,False
103376563,METROPOLITAN NASHVILLE POLICE DEPT,20220383161,Davidson,Nashville,8/4/2022 7:05:00 AM,2,0,0,36.124040,-86.848970,ROYAL OAKS CONDOS PVTDR,,,,0.00,Feet,,HARDING PKE,,,,0.00,Y,Four-Way,N,Intersection,None,,,         ,Darren,Key,,Angle,no,no,no,no,no,False
103376573,METROPOLITAN NASHVILLE POLICE DEPT,20220383234,Davidson,Nashville,8/4/2022 7:07:00 AM,2,0,0,36.076640,-86.640800,MURFREESBORO PKE,,,,265.00,Feet,East,LAKEVILLA DR,,,,0.00,N,Not at Intersection, ,Non-Junction,None,,,         ,Stanley,Collins,Clear,Angle,no,no,no,no,no,False
103376574,VANDERBILT UNIVERSITY POLICE,20220383184,Davidson,Nashville,8/4/2022 7:50:00 AM,1,1,0,36.142780,-86.800020,21ST AVS,,,,0.00,,,MEDICAL CENTER DR,,,,0.00,Y,Four-Way,N,Intersection,None,,,         ,Cheryl,Bradley,,Not Collision with Motor Vehicle in Transport,yes,no,no,no,no,Campus
103376583,METROPOLITAN NASHVILLE POLICE DEPT,20220383315,Davidson,Nashville,8/4/2022 9:40:00 AM,2,1,0,36.155040,-86.797520,18TH AVN,,,,0.00,Feet,,CHURCH ST,,,,0.00,Y,Four-Way,N,Intersection,None,,,         ,Bianca,Crawford,Clear,Angle,no,no,no,no,no,False
103376587,METROPOLITAN NASHVILLE POLICE DEPT,20220383294,Davidson,Nashville,8/4/2022 9:00:00 AM,2,0,0,36.074030,-86.919920,BELLEVUE VALLEY PLAZA PVTDR,,,,0.00,Feet,East,HIGHWAY 70S,,,,0.00,N,Not at Intersection, ,,None,,,         ,Nathan,Mayo,,,no,no,no,yes,no,False
103376596,METROPOLITAN NASHVILLE POLICE DEPT,20220383377,Davidson,Nashville,8/4/2022 10:19:00 AM,2,1,0,36.052210,-86.644910,EAGLE VIEW BLVD,,,,0.00,,,BELL RD,,,,0.00,Y,T-Intersection,N,Intersection,None,,,         ,Tavin,Emlund,Cloudy,Front to Rear,no,no,no,no,no,False
103376647,METROPOLITAN NASHVILLE POLICE DEPT,20220383312,Davidson,Nashville,8/4/2022 9:35:00 AM,2,0,0,36.209010,-86.776160,I 65,,,,0.00,,,,,,,87.45,N,Not at Intersection,N,Non-Junction,None,,,         ,Joel,Bennett,Clear,Front to Rear,no,no,no,no,yes,False
103376700,METROPOLITAN NASHVILLE POLICE DEPT,20220383485,Davidson,Nashville,8/4/2022 11:30:00 AM,2,1,0,36.159910,-86.821690,I 40,,,,0.00,,,,,,,206.10,N,Not at Intersection,N,Non-Junction,None,,,         ,Jean,McCormack,Cloudy,Angle,no,no,no,no,no,False
103376721,METROPOLITAN NASHVILLE POLICE DEPT,20220383481,Davidson,Not in City Limit,8/4/2022 11:36:00 AM,2,0,0,36.267030,-86.690120,MYATT DR,,,,182.00,Feet,North,N DUPONT AV,,,,0.00,N,Not at Intersection, ,Non-Junction,None,,,         ,Christopher,Littles,Cloudy,Front to Rear,no,no,no,no,no,False
103376723,METROPOLITAN NASHVILLE POLICE DEPT,20220383493,Davidson,Nashville,8/4/2022 11:50:00 AM,3,3,0,36.240070,-86.757480,DICKERSON PKE,,,,247.00,Feet,South,BRILEY PKWY E EXT RAMP,,,,0.00,N,Not at Intersection,N,Non-Junction,None,,,         ,Christopher,Littles,Cloudy,Front to Rear,no,no,no,no,no,False
103376737,VANDERBILT UNIVERSITY POLICE,220383562,Davidson,Nashville,8/4/2022 12:30:00 PM,2,0,0,36.140820,-86.802390,23RD AVS,,,,0.00,,,,,,,0.00,,Not at Intersection, ,Non-Junction,None,,,         ,Tannas,Knox,Clear,"Sideswipe, Same Direction",no,no,no,yes,no,Campus
103376797,METROPOLITAN NASHVILLE POLICE DEPT,20220383602,Davidson,Nashville,8/4/2022 1:06:00 PM,1,2,0,36.047070,-86.647990,MT VIEW RD,,,,0.00,,,BELL FORGE LNE,,,,0.00,Y,T-Intersection,N,Non-Junction,None,,,         ,Steven,Williams,Cloudy,Not Collision with Motor Vehicle in Transport,yes,no,no,no,no,False
103376810,GOODLETTSVILLE POLICE DEPT,22-23886,Davidson,Goodlettsville,8/4/2022 1:06:00 PM,2,1,0,36.307840,-86.704920,I 65,,,,0.00,,,,,,,95.80,N,Not at Intersection,N,Non-Junction,None,,,         ,Romario,Santiago-Lloyd,Clear,"Sideswipe, Same Direction",no,no,no,no,no,False
103376818,METROPOLITAN NASHVILLE POLICE DEPT,20220383443,Davidson,Nashville,8/4/2022 10:27:00 AM,2,1,0,36.151220,-86.750770,I 40,,,,0.00,,,,,,,211.55,N,Not at Intersection,N,Non-Junction,None,,,         ,Kaytlin,huyler,Clear,"Sideswipe, Same Direction",no,no,no,no,yes,False
103376827,METROPOLITAN NASHVILLE POLICE DEPT,2022-0838632,Davidson,Nashville,8/4/2022 1:25:00 PM,3,0,0,36.197020,-86.621020,LEBANON PKE,,,,52.00,Feet,South,LEBANON PKE EB EXT RAMP,,,,0.00,N,Not at Intersection, ,Non-Junction,None,,,         ,Calvin,Graham,Cloudy,Front to Rear,no,no,no,no,yes,False
103376840,METROPOLITAN NASHVILLE POLICE DEPT,20220383694,Davidson,Nashville,8/4/2022 2:09:00 PM,1,1,0,36.189160,-86.838070,COUNTY HOSPITAL RD,,,,174.00,Feet,South,HYDES FERRY RD,,,,0.00,N,Not at Intersection,N,Non-Junction,None,,,         ,Michael,Richardson,Clear,Not Collision with Motor Vehicle in Transport,no,no,no,no,no,False
103376854,METROPOLITAN NASHVILLE POLICE DEPT,20220383626,Davidson,Nashville,8/4/2022 12:00:00 AM,1,1,0,36.136090,-86.727260,I24 E EXT RAMP,,,,0.00,,,I 24,,,,0.00,Y,OTHER,Y,Entrance/Exit Ramp Related,None,,,         ,James,Thornton,Cloudy,Not Collision with Motor Vehicle in Transport,no,no,no,no,no,False
103376857,METROPOLITAN NASHVILLE POLICE DEPT,20220383664,Davidson,Nashville,8/4/2022 12:00:00 AM,2,0,0,36.084700,-86.653970,MT HOOD DR,,,,114.00,Feet,South,BLACK MOUNTAIN DR,,,,0.00,N,Not at Intersection,N,Non-Junction,None,,,         ,Gerald,Gomes,Unknown,"Sideswipe, Same Direction",no,no,no,no,yes,False
103376894,METROPOLITAN NASHVILLE POLICE DEPT,20220383701,Davidson,Madison,8/4/2022 2:10:00 PM,2,0,0,36.271310,-86.689650,MYATT DR,,,,294.00,Feet,South,ANDERSON LN,,,,0.00,N,Not at Intersection,N,Non-Junction,None,,,         ,Broderick,Jones,Clear,Angle,no,no,no,no,no,False
103376898,METROPOLITAN NASHVILLE POLICE DEPT,20220383730,Davidson,Nashville,8/4/2022 12:00:00 AM,2,1,0,36.172710,-86.793650,JEFFERSON ST,,,,357.00,Feet,East,10TH AVN,,,,0.00,N,Not at Intersection,N,Non-Junction,None,,,         ,Kiana,Perry,Clear,Angle,no,no,no,no,no,False
103376901,WILLIAMSON CO SHERIFFS OFFICE,2217034,Davidson,Nashville,8/3/2022 10:25:00 AM,3,0,0,36.028750,-86.876550,HILLSBORO RD,,,,943.00,Feet,South,MURRAY LN,,,,0.00,N,Not at Intersection, ,Non-Junction,None,,,         ,Greg,Wilhelm,Clear,Front to Rear,no,no,no,no,no,False
103376911,METROPOLITAN NASHVILLE POLICE DEPT,20220383649,Davidson,Antioch,8/4/2022 1:38:00 PM,3,0,0,36.050060,-86.606150,PIN HOOK RD,,,,0.00,,,GROVEDALE TRC,,,,0.00,Y,T-Intersection,N,Intersection-Related,None,,,         ,Patrick,Martin,Cloudy,Not Collision with Motor Vehicle in Transport,no,no,no,no,no,False
103376912,METROPOLITAN NASHVILLE POLICE DEPT,20220383816,Davidson,Not in City Limit,8/4/2022 3:43:00 PM,2,0,0,36.263690,-86.704760,STATE RT 45,,,,84.00,Feet,West,DELAWARE AV,,,,0.00,N,Not at Intersection,N,Non-Junction,None,,,         ,Christopher,Littles,Clear,Front to Rear,no,no,no,no,yes,False
103376958,METROPOLITAN NASHVILLE POLICE DEPT,20220383785,Davidson,Nashville,8/4/2022 3:18:00 PM,2,0,0,36.140570,-86.723700,I 40,,,,0.00,,,,,,,213.55,N,Not at Intersection,N,Non-Junction,None,,,         ,Evan,Grace,Clear,Front to Rear,no,no,no,no,no,False
103376963,METROPOLITAN NASHVILLE POLICE DEPT,20220383371,Davidson,Nashville,8/4/2022 10:15:00 AM,1,1,0,36.059780,-86.622970,MURFREESBORO PKE,,,,1567.00,Feet,South,HAMILTON GLEN PL,,,,0.00,N,Not at Intersection,N,Non-Junction,None,,,         ,Todd,Watson,Clear,Not Collision with Motor Vehicle in Transport,no,no,no,no,no,False
103377019,GOODLETTSVILLE POLICE DEPT,22-23907,Davidson,Goodlettsville,8/4/2022 4:15:00 PM,3,0,0,36.330980,-86.715940,N MAIN ST,,,,195.00,Feet,North,TINNIN AV,,,,0.00,N,Not at Intersection,N,Non-Junction,None,,,         ,George,Forbes,Clear,Front to Rear,no,no,no,no,no,False
103377057,METROPOLITAN NASHVILLE POLICE DEPT,20220383790,Davidson,Nashville,8/4/2022 12:00:00 AM,2,0,0,36.215120,-86.597670,LEBANON PKE,,,,0.00,Feet,West,ANDREW JACKSON PKWY,,,,0.00,N,Not at Intersection, ,,None,,,         ,Esther,Poysti,,,no,no,no,no,no,False
103377058,METROPOLITAN NASHVILLE POLICE DEPT,20220383917,Davidson,Nashville,8/4/2022 4:03:00 PM,2,0,0,36.150650,-86.767850,LAFAYETTE ST,,,,32.00,Feet,East,2ND AVS,,,,0.00,N,Not at Intersection, ,Non-Junction,None,,,         ,Evan,Grace,Clear,Angle,no,no,no,no,no,False
103377062,METROPOLITAN NASHVILLE POLICE DEPT,20220383863,Davidson,Nashville,8/4/2022 4:16:00 PM,2,1,0,36.207920,-86.777750,BRICK CHURCH PKE,,,,10.00,Feet,South,I65 S EXT RAMP,,,,0.00,N,Not at Intersection,N,Non-Junction,None,,,         ,Austin,Bowles,Clear,Angle,no,no,no,no,yes,False
103377063,METROPOLITAN NASHVILLE POLICE DEPT,20220383848,Davidson,Nashville,8/4/2022 4:07:00 PM,2,0,0,36.150650,-86.749480,I 40,,,,0.00,,,,,,,211.60,N,Not at Intersection, ,Non-Junction,None,,,         ,Douglas,Mann,Clear,Front to Rear,no,no,no,no,no,False
103377064,METROPOLITAN NASHVILLE POLICE DEPT,20220383926,Davidson,Nashville,8/4/2022 5:02:00 PM,2,1,0,36.157650,-86.773410,KOREAN VETERANS BLVD,,,,0.00,,,3RD AVS,,,,0.00,Y,Four-Way,N,Intersection,None,,,         ,Kency,Le,Clear,Angle,no,no,no,no,no,False
103377066,METROPOLITAN NASHVILLE POLICE DEPT,20220383968,Davidson,Nashville,8/4/2022 5:40:00 PM,2,1,0,36.108900,-86.812010,HILLSBORO PKE,,,,87.00,Feet,North,GLEN ECHO RD,,,,0.00,N,Not at Intersection,N,Non-Junction,None,,,         ,Heather,Fox,Clear,Front to Rear,no,no,no,no,no,False
103377077,Nashville Airport Police,2022-03278,Davidson,Nashville,8/4/2022 12:00:00 AM,2,0,0,36.136340,-86.664270,TERMINAL DR,,,,0.00,,,SATELLITE WAY ENT RAMP,,,,0.00,Y,Y-Intersection, ,Entrance/Exit Ramp Related,None,,,         ,Zachary,Voigts,Clear,Angle,no,no,no,no,no,False
103377095,METROPOLITAN NASHVILLE POLICE DEPT,20220383984,Davidson,Nashville,8/4/2022 5:20:00 PM,3,0,0,36.149670,-86.822480,I 440,,,,0.00,,,I 440,,,,0.00,Y,OTHER,N,Non-Junction,None,,,         ,Steven,Powers,Clear,Front to Rear,no,no,no,no,no,False
103377121,GOODLETTSVILLE POLICE DEPT,22-23916,Davidson,Not in City Limit,8/4/2022 6:00:00 PM,2,0,0,36.259040,-86.678750,WARRIOR RD,,,,0.00,Feet,,CHEYENNE BLVD,,,,0.00,Y,Four-Way,Y,Intersection,None,,,         ,William,Monaghan,Cloudy,Angle,no,no,no,no,no,False
103377130,METROPOLITAN NASHVILLE POLICE DEPT,20220383924,Davidson,Nashville,8/4/2022 4:55:00 PM,4,1,0,36.141260,-86.733580,I 40,,,,0.00,,,,,,,212.70,N,Not at Intersection,N,Non-Junction,None,,,         ,Phillip,Burke,Clear,Front to Rear,no,no,no,no,no,False
103377152,METROPOLITAN NASHVILLE POLICE DEPT,20220384034,Davidson,Nashville,8/4/2022 6:24:00 PM,2,1,0,36.133460,-86.785150,ACKLEN AV,,,,0.00,,,10TH AVS,,,,0.00,Y,T-Intersection,Y,Non-Junction,None,,,         ,Nicholas,Carroll,Clear,HeadOn,no,no,no,no,no,False
103377170,METROPOLITAN NASHVILLE POLICE DEPT,20220384038,Davidson,Nashville,8/4/2022 12:00:00 AM,2,2,0,36.077150,-86.734090,OVERCREST DR,,,,0.00,,,HARDING PL,,,,0.00,Y,T-Intersection,Y,Intersection,None,,,         ,Trevor,Taylor,Cloudy,Angle,no,no,no,no,no,False
103377230,METROPOLITAN NASHVILLE POLICE DEPT,20220383992,Davidson,Nashville,8/4/2022 5:52:00 PM,2,0,0,36.174920,-86.793880,MONROE ST,,,,15.00,Feet,West,9TH AVN,,,,0.00,N,Not at Intersection,N,Non-Junction,None,,,         ,Lucas,Thomas,Clear,Angle,no,no,no,no,yes,False
103377236,METROPOLITAN NASHVILLE POLICE DEPT,20220383780,Davidson,Nashville,8/4/2022 3:12:00 PM,2,0,0,36.064300,-86.627930,MURFREESBORO PKE,,,,243.00,Feet,South,HAMILTON CHURCH RD,,,,0.00,N,Not at Intersection, ,Non-Junction,None,,,         ,Nathaniel,Myers,Clear,Front to Rear,no,no,no,no,no,False
103377237,METROPOLITAN NASHVILLE POLICE DEPT,20220383958,Davidson,Nashville,8/4/2022 5:30:00 PM,3,2,0,36.045580,-86.705860,OLD HICKORY BLVD,,,,18.00,Feet,West,PINECREST DR,,,,0.00,N,Not at Intersection,N,Non-Junction,None,,,         ,Nathaniel,Myers,Clear,Front to Rear,no,no,no,no,no,False
103377238,METROPOLITAN NASHVILLE POLICE DEPT,20220384230,Davidson,Nashville,8/4/2022 8:57:00 PM,1,1,0,36.180590,-86.796350,GARFIELD ST,,,,0.00,Feet,West,ROSA L PARKS BLVD,,,,0.00,N,Not at Intersection,N,Non-Junction,None,,,         ,Michael,Suagua,Clear,Not Collision with Motor Vehicle in Transport,yes,no,no,no,yes,False
103377282,BELLE MEADE POLICE DEPT,22-0179,Davidson,Belle Meade,8/4/2022 6:08:00 PM,1,1,0,36.084410,-86.867020,PAGE RD,,,,423.00,Feet,North,BELLE MEADE BLVD,,,,0.00,N,Not at Intersection,N,Non-Junction,None,,,         ,Hayley,Doty,Clear,Not Collision with Motor Vehicle in Transport,no,no,no,no,no,False
103377312,METROPOLITAN NASHVILLE POLICE DEPT,20220384234,Davidson,Not in City Limit,8/4/2022 9:00:00 PM,1,0,0,36.053270,-86.940660,HARPETH BEND DR,,,,115.00,Feet,East,HARPETH RIV HARPETH BEND GRNWY,,,,0.00,N,Not at Intersection, ,Non-Junction,None,,,         ,Brandon,Pedigo,Cloudy,Not Collision with Motor Vehicle in Transport,no,no,no,no,no,False
103377314,METROPOLITAN NASHVILLE POLICE DEPT,20220384169,Davidson,Nashville,8/4/2022 8:00:00 PM,2,2,0,36.144050,-86.882050,I 40,,,,0.00,,,,,,,202.40,N,Not at Intersection,Y,Non-Junction,None,,,         ,Heather,Fox,Clear,"Sideswipe, Same Direction",no,no,no,no,no,False
103377324,METROPOLITAN NASHVILLE POLICE DEPT,20220384254,Davidson,Nashville,8/4/2022 5:57:00 PM,2,0,0,36.162380,-86.778080,4TH AVN,,,,0.00,Feet,East,COMMERCE ST,,,,0.00,N,Not at Intersection,N,Non-Junction,None,,,         ,Brenton,Adcox,Clear,"Sideswipe, Same Direction",no,no,no,no,yes,False
103377325,METROPOLITAN NASHVILLE POLICE DEPT,20220384118,Davidson,Nashville,8/4/2022 6:00:00 PM,2,1,0,36.045360,-86.658130,I24 W EXT RAMP,,,,0.00,Feet,East,I 24,,,,0.00,N,Not at Intersection,N,Non-Junction,None,,,         ,Nadine,Klemenz,Clear,Front to Rear,no,no,no,no,yes,False
103377330,METROPOLITAN NASHVILLE POLICE DEPT,20220384177,Davidson,Nashville,8/4/2022 7:52:00 PM,2,0,0,36.190720,-86.745320,GALLATIN AV,,,,26.00,Feet,South,GREENWOOD AV,,,,0.00,N,Not at Intersection, ,Non-Junction,None,,,         ,Zachary,Carter,Clear,Angle,no,no,no,no,no,False
103377331,METROPOLITAN NASHVILLE POLICE DEPT,20220384098,Davidson,Nashville,8/4/2022 7:03:00 PM,5,1,0,36.158060,-86.760430,I 24,,,,0.00,,,,,,,49.75,N,Not at Intersection,N,Non-Junction,None,,,         ,James,Hill,Clear,Front to Rear,no,no,no,no,yes,False
103377332,METROPOLITAN NASHVILLE POLICE DEPT,20220383782,Davidson,Nashville,8/4/2022 3:18:00 PM,2,0,0,36.148230,-86.857910,WHITE BRIDGE PKE,,,,80.00,Feet,South,LENOX AV,,,,0.00,N,Not at Intersection,N,Non-Junction,None,,,         ,Andrew,McCarron,Clear,HeadOn,no,no,no,no,no,False
103377344,METROPOLITAN NASHVILLE POLICE DEPT,20220384412,Davidson,Nashville,8/4/2022 10:50:00 PM,2,1,0,36.045430,-86.703610,OLD HICKORY BLVD,,,,0.00,,,EULALA DR,,,,0.00,Y,Four-Way,N,Intersection,None,,,         ,Jonathan,Handley,Clear,Angle,no,no,no,no,no,False
103377354,METROPOLITAN NASHVILLE POLICE DEPT,20220384209,Davidson,Nashville,8/4/2022 8:39:00 PM,1,1,0,36.200880,-86.769730,DICKERSON PKE,,,,257.00,Feet,North,GATEWOOD AV,,,,0.00,N,Not at Intersection,N,Non-Junction,None,,,         ,Alexandra,Wall,Clear,Not Collision with Motor Vehicle in Transport,no,no,no,no,no,False
103377355,METROPOLITAN NASHVILLE POLICE DEPT,20220384229,Davidson,Nashville,8/4/2022 8:50:00 PM,1,0,0,36.202360,-86.739190,GALLATIN PKE,,,,22.00,Feet,South,LITTON AV,,,,0.00,N,Not at Intersection,N,Non-Junction,None,,,         ,Joao,Pinho,Clear,Not Collision with Motor Vehicle in Transport,no,no,no,no,no,False
103377357,METROPOLITAN NASHVILLE POLICE DEPT,20220384442,Davidson,Nashville,8/4/2022 10:08:00 PM,2,0,0,36.178000,-86.751570,CLEARVIEW AV,,,,0.00,,,S 10TH ST,,,,0.00,Y,OTHER,Y,Intersection-Related,None,,,         ,Jarrett,Ipox,Clear,"Sideswipe, Same Direction",no,no,no,no,yes,False
103377358,METROPOLITAN NASHVILLE POLICE DEPT,20220384475,Davidson,Nashville,8/4/2022 11:30:00 PM,2,0,0,36.131240,-86.706400,HAROLD DR,,,,0.00,,,PATRICIA DR,,,,0.00,Y,Four-Way,N,Intersection,None,,,         ,Theodore,Flick,Clear,Angle,no,no,no,no,yes,False
103377362,METROPOLITAN NASHVILLE POLICE DEPT,20220384410,Davidson,Nashville,8/4/2022 10:50:00 PM,2,0,0,36.142460,-86.743300,US HWY 41,,,,152.00,Feet,West,POLK AVE,,,,0.00,N,Not at Intersection,N,Non-Junction,None,,,         ,Timothy,Lehnert,Clear,"Sideswipe, Same Direction",no,no,no,no,yes,False
103377364,METROPOLITAN NASHVILLE POLICE DEPT,20220384516,Davidson,Not in City Limit,8/4/2022 11:50:00 PM,1,1,0,36.282510,-86.805670,I 24,,,,0.00,,,,,,,40.00,N,Not at Intersection,N,Non-Junction,None,,,         ,Nathan,Sizemore,Clear,Not Collision with Motor Vehicle in Transport,no,no,no,no,no,False
103377367,METROPOLITAN NASHVILLE POLICE DEPT,20220384406,Davidson,Nashville,8/4/2022 10:51:00 PM,3,1,0,36.161480,-86.792040,CHARLOTTE AV,,,,94.00,Feet,West,12TH AVN,,,,0.00,N,Not at Intersection,N,Non-Junction,None,,,         ,Tyler,Lewis,Clear,Front to Rear,no,no,no,no,no,False
103377368,METROPOLITAN NASHVILLE POLICE DEPT,20220384336,Davidson,Nashville,8/4/2022 9:51:00 PM,2,0,0,36.159290,-86.782350,ROSA L PARKS BLVD,,,,161.00,Feet,North,BROADWAY,,,,0.00,N,Not at Intersection, ,,None,,,         ,Kevin,Steiner,,,no,no,no,no,no,False
103377375,METROPOLITAN NASHVILLE POLICE DEPT,20220384392,Davidson,Nashville,8/4/2022 11:30:00 PM,4,0,0,36.033440,-86.667220,SHIRE DR,,,,516.00,Feet,East,OLD FOREST RD,,,,0.00,N,Not at Intersection,N,Non-Junction,None,,,         ,Phillip,Lovell,Clear,Front to Rear,no,no,no,no,no,False
103377378,METROPOLITAN NASHVILLE POLICE DEPT,20220384582,Davidson,Nashville,8/5/2022 12:30:00 AM,1,0,0,36.079810,-86.697440,LINBAR DR,,,,1001.00,Feet,South,LUNA DR,,,,0.00,N,Not at Intersection,N,Non-Junction,None,,,         ,Kurt,Lewton,Clear,Not Collision with Motor Vehicle in Transport,no,no,no,no,yes,False
103377379,METROPOLITAN NASHVILLE POLICE DEPT,20220384593,Davidson,Nashville,8/5/2022 12:29:00 AM,1,0,0,36.077790,-86.666750,BILLINGSGATE RD,,,,0.00,,,EVERSHOLT CT,,,,0.00,Y,T-Intersection,N,Intersection,None,,,         ,Jason,Lyons,Clear,Not Collision with Motor Vehicle in Transport,no,no,no,no,no,False
103377380,METROPOLITAN NASHVILLE POLICE DEPT,20220384655,Davidson,Nashville,8/5/2022 2:06:00 AM,2,0,0,36.096510,-86.642960,SMITH SPRINGS RD,,,,578.00,Feet,West,UNA RECREATION RD,,,,0.00,N,Not at Intersection,N,Non-Junction,None,,,         ,Jeffrey,Palomino-Gonzalez,Clear,HeadOn,no,no,no,no,no,False
103377392,METROPOLITAN NASHVILLE POLICE DEPT,20220384514,Davidson,Nashville,8/4/2022 11:58:00 PM,1,1,0,36.067410,-86.631250,MURFREESBORO PKE,,,,0.00,Feet,West,FOREST VIEW DR,,,,0.00,N,Not at Intersection,N,Non-Junction,None,,,         ,William,Hudson,Clear,Not Collision with Motor Vehicle in Transport,yes,no,no,no,no,False
103377393,METROPOLITAN NASHVILLE POLICE DEPT,20220384621,Davidson,Nashville,8/5/2022 1:25:00 AM,2,1,0,36.139850,-86.825200,GREENWAY AV,,,,48.00,Feet,South,MURPHY RD,,,,0.00,N,Not at Intersection,N,Non-Junction,None,,,         ,Theodore,Meskers,Clear,"Sideswipe, Same Direction",no,no,no,no,no,False
103377400,METROPOLITAN NASHVILLE POLICE DEPT,20220384592,Davidson,Nashville,8/5/2022 12:32:00 AM,1,0,0,36.166250,-86.611750,EXIT 221A,,,,0.00,Feet,East,I 40,,,,0.00,N,Not at Intersection, ,Entrance/Exit Ramp Related,None,,,         ,Dylan,Motes,Clear,Not Collision with Motor Vehicle in Transport,no,no,no,no,no,False
103377411,METROPOLITAN NASHVILLE POLICE DEPT,20220384457,Davidson,Nashville,8/2/2022 12:00:00 AM,2,0,0,36.050130,-86.676990,SAXONY LAKE DR,,,,321.00,Feet,West,BLUE LAKE TRL,,,,0.00,N,Not at Intersection,N,Non-Junction,None,,,         ,Theodore,Meskers,Clear,Unknown,no,no,no,yes,yes,False
103377415,METROPOLITAN NASHVILLE POLICE DEPT,20220384702,Davidson,Nashville,8/5/2022 3:22:00 AM,2,1,0,36.148810,-86.666280,ELM HILL PKE,,,,0.00,Feet,,DONELSON PKE,,,,0.00,Y,Four-Way,Y,Intersection,None,,,         ,Zachary,Nichols,Clear,Angle,no,no,no,no,no,False
103377427,METROPOLITAN NASHVILLE POLICE DEPT,20220384703,Davidson,Nashville,8/5/2022 3:02:00 AM,2,0,0,36.161020,-86.777200,BROADWAY,,,,0.00,,,4TH AVN,,,,0.00,Y,Four-Way, ,Intersection,None,,,         ,Brenton,Adcox,Clear,Front to Rear,no,no,no,no,no,False
103377449,METROPOLITAN NASHVILLE POLICE DEPT,20220384750,Davidson,Nashville,8/5/2022 3:03:00 AM,1,0,0,36.154910,-86.776670,PEABODY ST,,,,0.00,Feet,East,6TH AVS,,,,0.00,N,Not at Intersection,N,Non-Junction,None,,,         ,Brenton,Adcox,Clear,Not Collision with Motor Vehicle in Transport,no,no,no,yes,yes,False
103377459,METROPOLITAN NASHVILLE POLICE DEPT,20220384662,Davidson,Nashville,8/5/2022 1:40:00 AM,3,0,0,36.179510,-86.795620,ROSA L PARKS BLVD,,,,270.00,Feet,North,HUME ST,,,,0.00,N,Not at Intersection,N,Non-Junction,None,,,         ,Martin,Brown,Clear,HeadOn,no,no,no,no,no,False
103377486,METROPOLITAN NASHVILLE POLICE DEPT,20220384689,Davidson,Nashville,8/5/2022 2:30:00 AM,1,0,0,36.162670,-86.768560,S 1ST ST,,,,132.00,Feet,South,DAVIDSON STREET BIKE CNCTR,,,,0.00,N,Not at Intersection,N,Non-Junction,None,,,         ,John,Jones,Clear,Not Collision with Motor Vehicle in Transport,no,no,no,no,yes,False