master_record_number,agency,agency_tracking_number,county,city,collision_date,vehicles_involved,number_injured,number_dead,latitude,longitude,roadway_name,roadway_suffix,roadway_number,roadway_local_id,distance_from_reference,miles-feet_indicator,direction_from_reference,intersection_road_name,intersection_road_name_suffix,intersection_road_number,intersection_local_id,mile_marker,intersection_indicator,intersect_type,interchange_related_indicator,relation_to_junction,work_zone_type,construction_maintenance_zone,construction_maintenance_zone_location,fatal_case_number,officer_first_name,officer_last_name,weather_condition(s),manner_of_crash,pedestrian,bicycle,scooter,parking,hitrun,mou
103377501,METROPOLITAN NASHVILLE POLICE DEPT,20220384861,Davidson,Antioch,8/4/2022 1:00:00 AM,1,0,0,36.079630,-86.594820,PHILHALL PKWY,,,,0.00,,,DAISY TRL,,,,0.00,Y,T-Intersection,N,Non-Junction,None,,,         ,Steven,Williams,Clear,Not Collision with Motor Vehicle in Transport,no,no,no,no,yes,False
103377524,METROPOLITAN NASHVILLE POLICE DEPT,20220384898,Davidson,Nashville,8/5/2022 7:11:00 AM,2,0,0,36.158910,-86.776080,DEMONBREUN ST,,,,63.00,Feet,West,4TH AVS,,,,0.00,N,Not at Intersection, ,Non-Junction,None,,,         ,Brandon,O'Guin,Clear,Other,no,no,no,no,no,False
103377554,METROPOLITAN NASHVILLE POLICE DEPT,20220383557,Davidson,Nashville,8/4/2022 12:34:00 PM,2,1,0,36.168420,-86.687960,LEBANON PKE,,,,0.00,,,BRILEY PKWY N ENT RAMP,,,,0.00,Y,Four-Way,N,Intersection,None,,,         ,Kaytlin,huyler,Clear,Angle,no,no,no,no,no,False
103377555,METROPOLITAN NASHVILLE POLICE DEPT,20220383654,Davidson,Nashville,8/4/2022 1:30:00 PM,2,0,0,36.155650,-86.789720,BROADWAY,,,,0.00,,,I40 E EXT RAMP,,,,0.00,Y,Four-Way, ,Unknown,None,,,         ,Kaytlin,huyler,Clear,Unknown,no,no,no,no,yes,False
103377565,METROPOLITAN NASHVILLE POLICE DEPT,20220385029,Davidson,Nashville,8/5/2022 8:10:00 AM,2,0,0,36.182840,-86.761520,ELLINGTON PKWYS,,,,0.00,,,ELLINGTON PKWY S ENT RAMP,,,,0.00,Y,OTHER, ,Entrance/Exit Ramp Related,None,,,         ,Lindsey,Anderson,Cloudy,Front to Rear,no,no,no,no,no,False
103377567,METROPOLITAN NASHVILLE POLICE DEPT,20220384973,Davidson,Nashville,8/5/2022 8:10:00 AM,2,0,0,36.217250,-86.774960,I 65,,,,0.00,,,,,,,88.05,N,Not at Intersection, ,Non-Junction,None,,,         ,Dennis,Diesel,Clear,Front to Rear,no,no,no,no,no,False
103377570,METROPOLITAN NASHVILLE POLICE DEPT,20220385048,Davidson,Nashville,8/5/2022 12:00:00 AM,1,0,0,36.181940,-86.797250,ROSA L PARKS BLVD,,,,177.00,Feet,South,BUCHANAN ST,,,,0.00,N,Not at Intersection, ,Non-Junction,Construction Zone,,,         ,Anthony,Butler,Unknown,Unknown,no,no,no,no,yes,False
103377574,METROPOLITAN NASHVILLE POLICE DEPT,20220384871,Davidson,Nashville,8/5/2022 6:45:00 AM,3,1,0,36.051520,-86.622740,MT VIEW CIR,,,,0.00,,,MT VIEW RD,,,,0.00,Y,Y-Intersection,N,Intersection,None,,,         ,Gerald,Gomes,Cloudy,Angle,no,no,no,no,no,False
103377581,BELLE MEADE POLICE DEPT,220181,Davidson,Belle Meade,8/5/2022 8:54:00 AM,2,0,0,36.105410,-86.855150,PARK CENTER DR,,,,1123.00,Feet,South,BELLE MEADE BLVD,,,,0.00,N,Not at Intersection, ,Non-Junction,None,,,         ,Michael,Germany,Cloudy,"Sideswipe, Same Direction",no,no,no,no,no,False
103377585,METROPOLITAN NASHVILLE POLICE DEPT,20220384960,Davidson,Not in City Limit,8/5/2022 7:50:00 AM,2,0,0,36.259890,-86.713050,GALLATIN PKES,,,,0.00,,,WOODRUFF ST,,,,0.00,Y,T-Intersection, ,Intersection,None,,,         ,Michael,Reid,Clear,Angle,no,no,no,no,yes,False
103377586,METROPOLITAN NASHVILLE POLICE DEPT,20220384936,Davidson,Nashville,8/5/2022 7:30:00 AM,2,0,0,36.206300,-86.773920,W TRINITY LN,,,,132.00,Feet,West,I65 N ENT RAMP,,,,0.00,N,Not at Intersection,Y,Non-Junction,None,,,         ,Jeanine,Sarno,Clear,"Sideswipe, Same Direction",no,no,no,no,yes,False
103377594,METROPOLITAN NASHVILLE POLICE DEPT,20220385018,Davidson,Nashville,8/5/2022 8:47:00 AM,2,1,0,36.132080,-86.725090,PLUS PARK BLVD,,,,606.00,Feet,West,I24 W EXT RAMP,,,,0.00,N,Not at Intersection,N,Non-Junction,None,,,         ,Beri,Scott,Cloudy,Rear to Rear,no,no,no,yes,no,False
103377610,METROPOLITAN NASHVILLE POLICE DEPT,20220384985,Davidson,Nashville,8/5/2022 8:48:00 AM,2,0,0,36.156380,-86.806910,CHARLOTTE AV,,,,102.00,Feet,East,22ND AVN,,,,0.00,N,Not at Intersection, ,Non-Junction,None,,,         ,Malik,Burriss,Cloudy,"Sideswipe, Same Direction",no,no,no,no,no,False
103377630,METROPOLITAN NASHVILLE POLICE DEPT,20220385067,Davidson,Not in City Limit,8/4/2022 11:42:00 AM,2,0,0,36.073040,-86.992160,WOLFEBORO LN,,,,316.00,Feet,West,AVONDALE PARK BLVD,,,,0.00,N,Not at Intersection, ,Non-Junction,None,,,         ,Wesley,Tilley,Clear,Other,no,no,no,no,yes,False
103377639,METROPOLITAN NASHVILLE POLICE DEPT,20220385117,Davidson,Nashville,8/5/2022 9:10:00 AM,2,0,0,36.086290,-86.699200,HARDING PL,,,,163.00,Feet,West,I24 W EXT RAMP,,,,0.00,N,Not at Intersection, ,Non-Junction,None,,,         ,James,Thomas,Clear,Front to Rear,no,no,no,no,no,False
103377643,VANDERBILT UNIVERSITY POLICE,20220385157,Davidson,Nashville,8/5/2022 10:20:00 AM,2,0,0,36.142440,-86.800680,MEDICAL CENTER DR,,,,0.00,,,,,,,0.00,,, ,,None,,,         ,Scott,Johnson,,,no,no,no,yes,no,Campus
103377653,METROPOLITAN NASHVILLE POLICE DEPT,20220385150,Davidson,Nashville,8/5/2022 9:20:00 AM,2,0,0,36.144550,-86.881150,I 40,,,,0.00,,,,,,,202.45,N,Not at Intersection,N,Non-Junction,None,,,         ,Alexandra,Herring,Cloudy,Front to Rear,no,no,no,no,yes,False
103377654,METROPOLITAN NASHVILLE POLICE DEPT,20220385009,Davidson,Nashville,8/5/2022 7:45:00 AM,2,0,0,36.141740,-86.671320,I 40,,,,0.00,,,,,,,216.30,N,Not at Intersection, ,Non-Junction,None,,,         ,Kaytlin,huyler,Clear,"Sideswipe, Same Direction",no,no,no,no,yes,False
103377658,THP District 3 - Nashville,322062630,Davidson,Nashville,8/4/2022 12:00:00 PM,2,0,0,36.263960,-86.711610,GALLATIN PKEN,,,,55.00,Feet,North,OLD TIME VILLAGE PVTDR,,,,0.00,N,Not at Intersection,N,Non-Junction,None,,,         ,Lennart,Schaaf,Cloudy,Angle,no,no,no,no,yes,False
103377678,METROPOLITAN NASHVILLE POLICE DEPT,20220385188,Davidson,Nashville,8/5/2022 10:00:00 AM,2,0,0,36.156510,-86.848820,51ST AVN,,,,0.00,,,INDIANA AV,,,,0.00,Y,Four-Way,Y,Intersection,None,,,         ,George,Spencer,Clear,Angle,no,no,no,no,no,False
103377698,METROPOLITAN NASHVILLE POLICE DEPT,20220385223,Davidson,Nashville,8/5/2022 11:21:00 AM,2,0,0,36.143780,-86.729640,ELM HILL PKE,,,,238.00,Feet,East,ARLINGTON AV,,,,0.00,N,Not at Intersection,N,Non-Junction,None,,,         ,Brian,Ritz,Cloudy,HeadOn,no,no,no,no,no,False
103377702,METROPOLITAN NASHVILLE POLICE DEPT,20220385237,Davidson,Nashville,8/5/2022 10:00:00 AM,2,0,0,36.150250,-86.779800,8TH AVS,,,,183.00,Feet,West,ALLISON ST,,,,0.00,N,Not at Intersection, ,,Construction Zone,,,         ,Timothy,Mead,,,no,no,no,no,no,False
103377732,METROPOLITAN NASHVILLE POLICE DEPT,20220385231,Davidson,Nashville,8/5/2022 11:27:00 AM,2,1,0,36.169690,-86.677160,LEBANON PKE,,,,357.00,Feet,West,PARK DR,,,,0.00,N,Not at Intersection,N,"Driveway, Alley Access, etc",None,,,         ,Terry,Denton,"Cloudy, Rain",Angle,no,no,no,no,no,False
103377743,METROPOLITAN NASHVILLE POLICE DEPT,20220385267,Davidson,Nashville,8/5/2022 11:31:00 AM,2,0,0,36.072620,-86.769520,I 65,,,,0.00,,,,,,,77.10,N,Not at Intersection, ,Non-Junction,None,,,         ,Bianca,Crawford,Rain,Front to Rear,no,no,no,no,no,False
103377744,BELLE MEADE POLICE DEPT,220182,Davidson,Belle Meade,8/5/2022 12:06:00 PM,3,2,0,36.122320,-86.851300,LYNNWOOD BLVD,,,,0.00,,,US HWY 70S,,,,0.00,Y,Four-Way,N,Intersection,Utility Zone,Lane Shift-Crossover,Activity Area,         ,Michael,Germany,Cloudy,Front to Rear,no,no,no,no,no,False
103377749,METROPOLITAN NASHVILLE POLICE DEPT,20220385236,Davidson,Nashville,8/5/2022 11:00:00 AM,2,1,0,36.045360,-86.713270,OLD HICKORY BLVD,,,,2.00,Feet,West,NOLENSVILLE PKE,,,,0.00,N,Not at Intersection,N,Non-Junction,None,,,         ,Gregory,Scott,Clear,Front to Rear,no,no,no,no,no,False
103377752,METROPOLITAN NASHVILLE POLICE DEPT,20220385287,Davidson,Not in City Limit,8/5/2022 12:10:00 PM,2,0,0,35.995480,-86.687870,NOLENSVILLE RD,,,,0.00,,,PETTUS RD,,,,0.00,Y,T-Intersection, ,,None,,,         ,Steven,Williams,,,no,no,no,no,no,False
103377759,METROPOLITAN NASHVILLE POLICE DEPT,20220385279,Davidson,Nashville,8/5/2022 12:05:00 PM,3,1,0,36.145950,-86.666600,ROYAL PKWY,,,,0.00,,,DONELSON PKE,,,,0.00,Y,Four-Way,N,Intersection-Related,None,,,         ,Dillon,Hanna,"Cloudy, Rain",Angle,no,no,no,no,no,False
103377819,METROPOLITAN NASHVILLE POLICE DEPT,20220385370,Davidson,Nashville,8/5/2022 1:00:00 PM,2,0,0,36.126700,-86.711090,MURFREESBORO PKE,,,,0.00,,,THOMPSON PL,,,,0.00,Y,Four-Way, ,,None,,,         ,Thomas,White,,,no,no,no,no,no,False
103377839,METROPOLITAN NASHVILLE POLICE DEPT,20220385393,Davidson,Nashville,8/5/2022 9:15:00 AM,1,0,0,36.231810,-86.619970,SHUTE LN,,,,845.00,Feet,East,BRANDYWINE DR,,,,0.00,N,Not at Intersection, ,Non-Junction,None,,,         ,Ashley,Kappenmacher,Cloudy,Not Collision with Motor Vehicle in Transport,no,no,no,no,yes,False
103377879,METROPOLITAN NASHVILLE POLICE DEPT,20220385367,Davidson,Nashville,8/5/2022 1:08:00 PM,2,0,0,36.080990,-86.757490,HARDING PL,,,,258.00,Feet,East,TROUSDALE DR,,,,0.00,N,Not at Intersection,N,Non-Junction,None,,,         ,Richard,Gilbert,Clear,Front to Rear,no,no,no,no,no,False
103377896,METROPOLITAN NASHVILLE POLICE DEPT,20220385325,Davidson,Goodlettsville,8/5/2022 12:46:00 PM,2,0,0,36.300500,-86.697510,RIVERGATE MALL PVTDR,,,,33.00,Feet,West,CUDE LN,,,,0.00,N,Not at Intersection,N,Non-Junction,None,,,         ,Melina,Tamborella,Cloudy,"Sideswipe, Same Direction",no,no,no,no,no,False
103377902,THP District 3 - Nashville,322062050,Davidson,Nashville,8/2/2022 1:49:00 PM,2,0,0,36.213580,-86.597550,TRENTON DR,,,,75.00,Feet,East,ANDREW JACKSON PKWY,,,,0.00,N,Not at Intersection,N,Non-Junction,None,,,         ,Keith,Velez,Clear,Front to Rear,no,no,no,no,no,False
103377918,METROPOLITAN NASHVILLE POLICE DEPT,20220385291,Davidson,Nashville,8/5/2022 12:00:00 PM,2,0,0,36.039490,-86.768430,CLOVERLAND DR,,,,204.00,Feet,North,BRENTON PARK CT,,,,0.00,N,Not at Intersection,N,Non-Junction,None,,,         ,William,McDaniel,Cloudy,"Sideswipe, Same Direction",no,no,no,no,yes,False
103377929,METROPOLITAN NASHVILLE POLICE DEPT,20220385373,Davidson,Nashville,8/5/2022 1:30:00 PM,3,0,0,36.191810,-86.782050,I 65,,,,0.00,,,,,,,86.20,N,Not at Intersection,N,Non-Junction,None,,,         ,Daniel,Russett,Clear,Front to Rear,no,no,no,no,yes,False
103378006,GOODLETTSVILLE POLICE DEPT,22-23995,Davidson,Goodlettsville,8/5/2022 12:56:00 PM,2,1,0,36.300810,-86.698880,RIVERGATE MALL PVTDR,,,,450.00,Feet,West,RIVERGATE MALL PVTDR,,,,0.00,N,Not at Intersection,N,Non-Junction,None,,,         ,George,Forbes,Cloudy,Angle,no,no,no,yes,no,False
103378023,METROPOLITAN NASHVILLE POLICE DEPT,20220385445,Davidson,Nashville,8/5/2022 2:36:00 PM,2,1,0,36.205890,-86.768610,E TRINITY LN,,,,0.00,,,DICKERSON PKE,,,,0.00,Y,Four-Way,N,Intersection-Related,None,,,         ,Ryan,Papp,Clear,Angle,no,no,no,no,no,False
103378047,METROPOLITAN NASHVILLE POLICE DEPT,20220385535,Davidson,Nashville,8/5/2022 3:15:00 PM,2,0,0,36.134320,-86.781080,ACKLEN AV,,,,29.00,Feet,West,WEDGEWOOD AV,,,,0.00,N,Not at Intersection,N,Non-Junction,None,,,         ,Dakota,Davis,Cloudy,Front to Rear,no,no,no,no,no,False
103378052,METROPOLITAN NASHVILLE POLICE DEPT,20220385461,Davidson,Nashville,8/5/2022 3:00:00 PM,2,0,0,36.171520,-86.769100,INTERSTATE DR,,,,37.00,Feet,North,JAMES ROBERTSON PKWY,,,,0.00,N,Not at Intersection, ,,None,,,         ,Hunter,Hodge,,,no,no,no,no,no,False
103378117,VANDERBILT UNIVERSITY POLICE,20220385531,Davidson,Nashville,8/5/2022 3:15:00 PM,2,0,0,36.141770,-86.796920,APPLETON PL,,,,0.00,,,,,,,0.00,,, ,Non-Junction,None,,,         ,Michael,Wyers,,HeadOn,no,no,no,yes,no,Campus
103378140,METROPOLITAN NASHVILLE POLICE DEPT,20220385547,Davidson,Nashville,8/5/2022 3:58:00 PM,2,0,0,36.184890,-86.773680,DICKERSON PKE,,,,175.00,Feet,North,HANCOCK ST,,,,0.00,N,Not at Intersection, ,Non-Junction,None,,,         ,Andrew,Campbell,Cloudy,Angle,no,no,no,no,no,False
103378150,METROPOLITAN NASHVILLE POLICE DEPT,2022-0381465,Davidson,Nashville,8/3/2022 12:00:00 AM,5,2,0,36.143630,-86.701580,I40 E EXT RAMP,,,,0.00,Feet,East,I 40,,,,0.00,N,Not at Intersection,N,Entrance/Exit Ramp Related,None,,,         ,Frank,Walker,Clear,Front to Rear,no,no,no,no,no,False
103378154,METROPOLITAN NASHVILLE POLICE DEPT,20220385578,Davidson,Nashville,8/5/2022 4:30:00 PM,2,1,0,36.062950,-86.626460,MURFREESBORO PKE,,,,896.00,Feet,South,HAMILTON CHURCH RD,,,,0.00,N,Not at Intersection,N,Non-Junction,Work Zone,,,         ,Nadine,Klemenz,Cloudy,Front to Rear,no,no,no,no,no,False
103378157,METROPOLITAN NASHVILLE POLICE DEPT,20220385586,Davidson,Nashville,8/5/2022 4:35:00 PM,2,2,0,36.188540,-86.746280,GALLATIN AV,,,,88.00,Feet,North,GRANADA AV,,,,0.00,N,Not at Intersection,N,Non-Junction,None,,,         ,Randy,Puckett,Clear,Front to Rear,no,no,no,no,no,False
103378168,METROPOLITAN NASHVILLE POLICE DEPT,20220385597,Davidson,Nashville,8/5/2022 12:00:00 AM,1,0,0,36.080780,-86.698060,LINBAR DR,,,,860.00,Feet,West,LUNA DR,,,,0.00,N,Not at Intersection,N,Non-Junction,None,,,         ,Taylor,Blackwelder,Clear,Unknown,no,no,no,no,yes,False
103378170,VANDERBILT UNIVERSITY POLICE,20220385602,Davidson,Nashville,8/5/2022 12:00:00 AM,2,0,0,36.109930,-86.764360,POWELL AV,,,,0.00,,,,,,,0.00,,, ,Non-Junction,None,,,         ,Edwin,Melgar,Clear,Unknown,no,no,no,yes,yes,OHO
103378172,METROPOLITAN NASHVILLE POLICE DEPT,20220385630,Davidson,Not in City Limit,8/5/2022 4:58:00 PM,2,1,0,36.282660,-86.877490,CLARKSVILLE PKE,,,,273.00,Feet,South,CANTARUTTI RD,,,,0.00,N,Not at Intersection,N,Non-Junction,None,,,         ,Anna,Clayton,Clear,Front to Rear,no,no,no,no,no,False
103378210,METROPOLITAN NASHVILLE POLICE DEPT,20220385651,Davidson,Nashville,8/5/2022 5:15:00 PM,1,1,0,36.183420,-86.610180,OLD HICKORY BLVD,,,,163.00,Feet,East,ANDREW JACKSON PKWY,,,,0.00,N,Not at Intersection,N,Non-Junction,None,,,         ,Dylan,Colquhoun,Clear,Not Collision with Motor Vehicle in Transport,yes,no,no,no,no,False
103378243,METROPOLITAN NASHVILLE POLICE DEPT,20220385482,Davidson,Nashville,8/5/2022 3:15:00 PM,3,2,0,36.111080,-86.754470,THOMPSON LN,,,,0.00,Feet,,EUGENIA AV,,,,0.00,Y,T-Intersection,N,Intersection,None,,,         ,Samantha,Held,Clear,Angle,no,no,no,no,no,False
103378250,METROPOLITAN NASHVILLE POLICE DEPT,20220385757,Davidson,Nashville,8/5/2022 12:00:00 AM,2,0,0,36.150560,-86.865630,I 40,,,,0.00,,,,,,,203.50,N,Not at Intersection, ,Non-Junction,None,,,         ,Blake,Langford,Clear,"Sideswipe, Same Direction",no,no,no,no,no,False
103378265,METROPOLITAN NASHVILLE POLICE DEPT,20220385735,Davidson,Nashville,8/5/2022 7:03:00 PM,2,2,0,36.236790,-86.794790,BRILEY PKWYW,,,,432.00,Feet,West,BRILEY PKWYE,,,,0.00,N,Not at Intersection,N,Non-Junction,None,,,         ,Michael,Intrieri,Cloudy,"Sideswipe, Same Direction",no,no,no,no,no,False
103378341,METROPOLITAN NASHVILLE POLICE DEPT,20220385625,Davidson,Nashville,8/5/2022 4:50:00 PM,2,0,0,36.168550,-86.773480,WOODLAND ST,,,,400.00,Feet,West,S 1ST ST,,,,0.00,N,Not at Intersection,N,Non-Junction,None,,,         ,Kency,Le,Clear,"Sideswipe, Same Direction",no,no,no,no,yes,False
103378342,METROPOLITAN NASHVILLE POLICE DEPT,20220385589,Davidson,Nashville,8/5/2022 4:39:00 PM,1,1,0,36.169050,-86.772240,S 1ST ST,,,,0.00,,,WOODLAND ST,,,,0.00,Y,Four-Way,N,Intersection-Related,None,,,         ,Kency,Le,Clear,Not Collision with Motor Vehicle in Transport,yes,no,no,no,no,False
103378344,METROPOLITAN NASHVILLE POLICE DEPT,20220385874,Davidson,Nashville,8/5/2022 2:10:00 PM,2,0,0,36.121570,-86.794880,KIRKWOOD AV,,,,0.00,,,BELMONT BLVD,,,,0.00,Y,T-Intersection,Y,Intersection,None,,,         ,Samantha,Held,Clear,Angle,no,no,no,no,yes,False
103378362,METROPOLITAN NASHVILLE POLICE DEPT,20220385723,Davidson,Nashville,8/5/2022 6:21:00 PM,2,1,0,36.172060,-86.767740,I24 W EXT RAMP,,,,0.00,Feet,East,I 24,,,,0.00,N,Not at Intersection,N,Entrance/Exit Ramp Related,None,,,         ,Joseph,Gonzales,Clear,Front to Rear,no,no,no,no,no,False
103378367,METROPOLITAN NASHVILLE POLICE DEPT,20220385823,Davidson,Nashville,8/5/2022 7:32:00 PM,2,1,0,36.169280,-86.757880,S 7TH ST,,,,0.00,,,SHELBY AVE,,,,0.00,Y,Four-Way,N,Intersection-Related,None,,,         ,Daniel,Carney,Clear,Angle,no,no,no,no,no,False
103378395,METROPOLITAN NASHVILLE POLICE DEPT,20220385697,Davidson,Nashville,8/5/2022 5:47:00 PM,1,1,0,36.029790,-86.672380,BLUE HOLE RD,,,,554.00,Feet,North,PETTUS RD,,,,0.00,N,Not at Intersection,N,Non-Junction,None,,,         ,Brian,Sherman,Clear,Not Collision with Motor Vehicle in Transport,no,no,no,no,no,False
103378404,METROPOLITAN NASHVILLE POLICE DEPT,20220385851,Davidson,Goodlettsville,8/5/2022 4:50:00 PM,2,0,0,36.296910,-86.699160,MYATT DR,,,,0.00,,,GALLATIN PKEN,,,,0.00,Y,Four-Way,N,Intersection,None,,,         ,Kimberly,Forsyth,Cloudy,"Sideswipe, Same Direction",no,no,no,no,no,False
103378412,METROPOLITAN NASHVILLE POLICE DEPT,20220385717,Davidson,Nashville,8/5/2022 6:16:00 PM,2,1,0,36.086910,-86.648680,MURFREESBORO PKE,,,,0.00,,,NASHBORO BLVD,,,,0.00,Y,Four-Way,N,Intersection,None,,,         ,Zachary,Aldrich,Clear,Angle,no,no,no,no,no,False
103378436,METROPOLITAN NASHVILLE POLICE DEPT,20220385697,Davidson,Nashville,8/5/2022 5:47:00 PM,1,1,0,36.029310,-86.672420,BLUE HOLE RD,,,,376.00,Feet,North,PETTUS RD,,,,0.00,N,Not at Intersection,N,Non-Junction,None,,,         ,Brian,Sherman,Clear,Not Collision with Motor Vehicle in Transport,no,no,no,no,no,False
103378437,METROPOLITAN NASHVILLE POLICE DEPT,20220385938,Davidson,Nashville,8/5/2022 8:40:00 PM,2,0,0,36.043640,-86.844550,OLD HICKORY BLVD,,,,278.00,Feet,East,BALLEROY DR,,,,0.00,N,Not at Intersection,N,Non-Junction,None,,,         ,Darci,Stechman,Clear,Front to Rear,no,no,no,no,yes,False
103378445,METROPOLITAN NASHVILLE POLICE DEPT,20220383910,Davidson,Nashville,8/4/2022 4:30:00 PM,2,0,0,36.249660,-86.839260,CLARKSVILLE PKE,,,,1169.00,Feet,East,LLOYD RD,,,,0.00,N,Not at Intersection, ,,None,,,         ,Anna,Clayton,,,no,no,no,no,no,False
103378457,BERRY HILL POLICE DEPT,22-2203,Davidson,Berry Hill,8/5/2022 12:25:00 PM,2,0,0,36.112330,-86.767020,THOMPSON LN,,,,0.00,,,BRANSFORD AV,,,,0.00,Y,Four-Way,N,Intersection-Related,None,,,         ,Anthony,Russo,Clear,"Sideswipe, Same Direction",no,no,no,no,yes,False
103378468,METROPOLITAN NASHVILLE POLICE DEPT,20220385496,Davidson,Nashville,8/5/2022 2:10:00 PM,3,1,0,36.047940,-86.648150,MT VIEW RD,,,,320.00,Feet,North,BELL FORGE LNE,,,,0.00,N,Not at Intersection,N,Non-Junction,None,,,         ,Andre,Williams,Clear,Angle,no,no,no,no,no,False
103378470,METROPOLITAN NASHVILLE POLICE DEPT,20220385704,Davidson,Nashville,8/5/2022 12:00:00 AM,3,1,0,36.209280,-86.776160,I65 S EXT RAMP,,,,0.00,Feet,East,I 65,,,,0.00,N,Not at Intersection,N,Non-Junction,None,,,         ,Wallace,Seay III,Clear,Front to Rear,no,no,no,no,no,False
103378478,METROPOLITAN NASHVILLE POLICE DEPT,20220385741,Davidson,Antioch,8/5/2022 6:37:00 PM,6,2,0,36.028310,-86.590420,MURFREESBORO PKE,,,,22.00,Feet,South,LAVERGNE COUCHVILLE PKE,,,,0.00,N,Not at Intersection,N,Non-Junction,None,,,         ,Brandon,Simpkins,Clear,Angle,no,no,no,no,yes,False
103378500,METROPOLITAN NASHVILLE POLICE DEPT,20220384110,Davidson,Nashville,8/5/2022 5:00:00 PM,1,1,0,36.181860,-86.797200,ROSA L PARKS BLVD,,,,210.00,Feet,South,BUCHANAN ST,,,,0.00,N,Not at Intersection,N,Non-Junction,None,,,         ,Anna,Clayton,Clear,Not Collision with Motor Vehicle in Transport,no,no,no,no,no,False
103378514,TENNESSEE STATE UNIVERSITY ,22-TSU-24296,Davidson,Nashville,8/5/2022 12:00:00 AM,2,0,0,36.164770,-86.826390,33RD AVE N,,,,0.00,,,ALAMEDA ST,,,,0.00,Y,OTHER, ,Non-Junction,None,,,         ,Harold,Taylor,Unknown,Unknown,no,no,no,yes,yes,False
103378525,METROPOLITAN NASHVILLE POLICE DEPT,20220385667,Davidson,Nashville,8/5/2022 5:24:00 PM,1,1,0,36.078660,-86.718540,HOPEDALE DR,,,,179.00,Feet,South,WALLACE RD,,,,0.00,N,Not at Intersection,N,Non-Junction,None,,,         ,Keith,Parlato,Cloudy,Not Collision with Motor Vehicle in Transport,no,no,no,no,no,False
103378526,METROPOLITAN NASHVILLE POLICE DEPT,20220385528,Davidson,Nashville,8/5/2022 2:36:00 PM,2,0,0,36.087660,-86.649150,MURFREESBORO PKE,,,,306.00,Feet,North,NASHBORO BLVD,,,,0.00,N,Not at Intersection,N,Non-Junction,None,,,         ,Keith,Parlato,Cloudy,Angle,no,no,no,no,no,False
103378537,METROPOLITAN NASHVILLE POLICE DEPT,20220385808,Davidson,Not in City Limit,8/5/2022 7:27:00 PM,2,1,0,36.264760,-86.712630,OLD TIME VILLAGE PVTDR,,,,388.00,Feet,West,GALLATIN PKEN,,,,0.00,N,Not at Intersection,N,Non-Junction,None,,,         ,Derek,Sibley,Clear,Angle,no,no,no,no,yes,False
103378543,METROPOLITAN NASHVILLE POLICE DEPT,20220385997,Davidson,Nashville,8/5/2022 9:46:00 PM,2,1,0,36.167150,-86.779610,3RD AVN,,,,0.00,,,JAMES ROBERTSON PKWY,,,,0.00,Y,Four-Way,N,Non-Junction,None,,,         ,Brent,Morris,Clear,Angle,no,no,no,no,no,False
103378549,GOODLETTSVILLE POLICE DEPT,22-24032,Davidson,Goodlettsville,8/5/2022 12:00:00 AM,3,2,0,36.322600,-86.703820,I65 N EXT RAMP,,,,0.00,Feet,East,I 65,,,,0.00,N,Not at Intersection,N,Non-Junction,None,,,         ,Sam,Buchanan,Clear,Front to Rear,no,no,no,no,yes,False
103378555,METROPOLITAN NASHVILLE POLICE DEPT,20220385729,Davidson,Nashville,8/5/2022 6:30:00 PM,1,0,0,36.198940,-86.618340,LEBANON PKE PVTDR,,,,367.00,Feet,East,LEBANON PKE,,,,0.00,N,Not at Intersection, ,Non-Junction,None,,,         ,Charis,Holland,Clear,Not Collision with Motor Vehicle in Transport,no,no,no,yes,no,False
103378572,METROPOLITAN NASHVILLE POLICE DEPT,2022-0385951,Davidson,Nashville,8/5/2022 4:45:00 PM,2,0,0,36.167970,-86.658290,LEBANON PKE,,,,444.00,Feet,West,STEWARTS FERRY PKE,,,,0.00,N,Not at Intersection,N,Non-Junction,None,,,         ,Joshua,McGarvey,Clear,"Sideswipe, Same Direction",no,no,no,no,yes,False
103378597,METROPOLITAN NASHVILLE POLICE DEPT,20220386154,Davidson,Nashville,8/5/2022 11:05:00 PM,3,0,0,36.243640,-86.747900,I 65,,,,0.00,,,,,,,90.60,N,Not at Intersection,N,Non-Junction,None,,,         ,Matthew,Herod,Clear,Not Collision with Motor Vehicle in Transport,no,no,no,no,yes,False
103378598,METROPOLITAN NASHVILLE POLICE DEPT,20220386188,Davidson,Nashville,8/5/2022 12:00:00 AM,2,0,0,36.140970,-86.717890,I 40,,,,0.00,,,,,,,213.25,N,Not at Intersection,N,Non-Junction,None,,,         ,Jacob,Snyder,Cloudy,Front to Rear,no,no,no,no,yes,False
103378599,METROPOLITAN NASHVILLE POLICE DEPT,20220386118,Davidson,Nashville,8/5/2022 12:00:00 AM,2,2,0,36.086910,-86.648680,MURFREESBORO PKE,,,,0.00,Feet,West,NASHBORO BLVD,,,,0.00,N,Not at Intersection,N,Non-Junction,None,,,         ,Esther,Poysti,Clear,Angle,no,no,no,no,no,False
103378602,METROPOLITAN NASHVILLE POLICE DEPT,20220385733,Davidson,Nashville,8/5/2022 6:33:00 PM,3,1,0,36.093080,-86.652390,MURFREESBORO PKE,,,,320.00,Feet,South,OLD MURFREESBORO PKE,,,,0.00,N,Not at Intersection,N,Non-Junction,None,,,         ,Cressie,Prill,Clear,Angle,no,no,no,no,no,False