master_record_number,agency,agency_tracking_number,county,city,collision_date,vehicles_involved,number_injured,number_dead,latitude,longitude,roadway_name,roadway_suffix,roadway_number,roadway_local_id,distance_from_reference,miles-feet_indicator,direction_from_reference,intersection_road_name,intersection_road_name_suffix,intersection_road_number,intersection_local_id,mile_marker,intersection_indicator,intersect_type,interchange_related_indicator,relation_to_junction,work_zone_type,construction_maintenance_zone,construction_maintenance_zone_location,fatal_case_number,officer_first_name,officer_last_name,weather_condition(s),manner_of_crash,pedestrian,bicycle,scooter,parking,hitrun,mou
103378605,METROPOLITAN NASHVILLE POLICE DEPT,20220385906,Davidson,Nashville,8/5/2022 8:28:00 PM,1,1,0,36.198060,-86.629920,JACKSONIAN DR,,,,356.00,Feet,North,BONNAMEADE DR,,,,0.00,N,Not at Intersection,N,Non-Junction,None,,,         ,Zachary,Aldrich,Clear,Not Collision with Motor Vehicle in Transport,no,no,no,no,no,False
103378611,METROPOLITAN NASHVILLE POLICE DEPT,20220385692,Davidson,Old Hickory,8/5/2022 5:06:00 PM,2,0,0,36.267440,-86.668800,BRIDGEWAY AV,,,,0.00,,,ROBINSON RD,,,,0.00,Y,T-Intersection,N,Intersection,None,,,         ,Forrest,Punke,Cloudy,Angle,no,no,no,no,no,False
103378617,METROPOLITAN NASHVILLE POLICE DEPT,20220385632,Davidson,Nashville,8/5/2022 4:30:00 PM,2,2,0,36.074000,-86.624870,ANDERSON RD,,,,0.00,Feet,West,CREEKVIEW DR,,,,0.00,N,Not at Intersection,N,Non-Junction,None,,,         ,Nadine,Klemenz,Clear,"Sideswipe, Same Direction",no,no,no,no,yes,False
103378638,METROPOLITAN NASHVILLE POLICE DEPT,20220386112,Davidson,Nashville,8/5/2022 10:45:00 PM,2,0,0,36.229920,-86.747360,ELLINGTON PKWY N ENT RAMP,,,,0.00,,,ELLINGTON PKWYN,,,,0.00,Y,OTHER,N,Unknown,None,,,         ,Jarrett,Ipox,Clear,Unknown,no,no,no,no,yes,False
103378672,METROPOLITAN NASHVILLE POLICE DEPT,20220386297,Davidson,Nashville,8/6/2022 1:04:00 AM,2,1,0,36.164030,-86.779190,4TH AVN,,,,138.00,Feet,North,CHURCH ST,,,,0.00,N,Not at Intersection,N,Non-Junction,None,,,         ,Mena,Mahros,Clear,"Sideswipe, Same Direction",no,no,no,no,yes,False
103378677,METROPOLITAN NASHVILLE POLICE DEPT,20220386386,Davidson,Nashville,8/6/2022 2:35:00 AM,1,1,0,36.109890,-86.770640,I 65,,,,0.00,,,,,,,79.75,N,Not at Intersection,N,Non-Junction,None,,,         ,Ricardo,Cruz,Clear,Not Collision with Motor Vehicle in Transport,no,no,no,no,yes,False
103378682,METROPOLITAN NASHVILLE POLICE DEPT,2022-0386384,Davidson,Nashville,8/6/2022 12:00:00 AM,1,1,0,36.212600,-86.691410,BRILEY PKWYN,,,,0.00,,,BRILEY PKWY N EXT RAMP,,,,0.00,Y,OTHER,N,Entrance/Exit Ramp Related,None,,,         ,Joshua,McGarvey,Clear,Not Collision with Motor Vehicle in Transport,no,no,no,no,no,False
103378687,METROPOLITAN NASHVILLE POLICE DEPT,20220386409,Davidson,Nashville,8/6/2022 3:13:00 AM,1,0,0,36.140990,-86.656900,I 40,,,,0.00,,,,,,,217.20,N,Not at Intersection,N,Non-Junction,None,,,         ,Jeffrey,Palomino-Gonzalez,Clear,Not Collision with Motor Vehicle in Transport,no,no,no,no,no,False
103378697,METROPOLITAN NASHVILLE POLICE DEPT,20220386398,Davidson,Nashville,8/6/2022 2:53:00 AM,2,1,0,36.158780,-86.774150,3RD AVS,,,,0.00,,,MOLLOY ST,,,,0.00,Y,Four-Way,N,Intersection,None,,,         ,Mena,Mahros,Clear,Angle,no,no,no,no,no,False
103378707,METROPOLITAN NASHVILLE POLICE DEPT,20220386361,Davidson,Nashville,8/6/2022 2:10:00 AM,1,0,0,36.208420,-86.861400,ASHLAND CITY HWY,,,,0.00,,,,,,,0.00,,,N,Non-Junction,None,,,         ,Joshua,Asbell,Clear,Not Collision with Motor Vehicle in Transport,no,no,no,no,yes,False
103378724,METROPOLITAN NASHVILLE POLICE DEPT,20220385949,Davidson,Nashville,8/5/2022 12:00:00 AM,2,0,0,36.188370,-86.762620,VERNON WINFREY AV,,,,53.00,Feet,East,N 5TH ST,,,,0.00,N,Not at Intersection,N,Non-Junction,None,,,         ,Vincent,McCrary,Clear,HeadOn,no,no,no,no,yes,False
103378743,BERRY HILL POLICE DEPT,22-2198,Davidson,Berry Hill,8/5/2022 11:30:00 AM,2,0,0,36.125080,-86.765880,BRANSFORD AV,,,,0.00,,,ROSEDALE AV,,,,0.00,Y,T-Intersection, ,Intersection-Related,None,,,         ,Larry,Carter,Cloudy,"Sideswipe, Same Direction",no,no,no,no,no,False
103378744,METROPOLITAN NASHVILLE POLICE DEPT,20220386530,Davidson,Nashville,8/5/2022 11:30:00 PM,2,1,0,36.176910,-86.774580,SPRING ST,,,,0.00,Feet,,N 1ST ST,,,,0.00,Y,Four-Way,N,Intersection-Related,None,,,         ,Ryan,Papp,Unknown,Front to Rear,no,no,no,no,yes,False
103378745,METROPOLITAN NASHVILLE POLICE DEPT,20220386304,Davidson,Nashville,8/5/2022 8:02:00 PM,2,0,0,36.169880,-86.793100,10TH AVN,,,,76.00,Feet,South,LOCKLAYER ST,,,,0.00,N,Not at Intersection,N,Non-Junction,None,,,         ,Martin,Brown,Clear,HeadOn,no,no,no,no,yes,False
103378761,METROPOLITAN NASHVILLE POLICE DEPT,20220386486,Davidson,Nashville,8/6/2022 5:40:00 AM,2,2,0,36.152300,-86.797450,WEST END AV,,,,0.00,,,19TH AVN,,,,0.00,Y,Four-Way,N,Intersection,None,,,         ,Dillon,Deleacaes,Clear,Angle,no,no,no,no,no,False
103378802,METROPOLITAN NASHVILLE POLICE DEPT,20220386634,Davidson,Nashville,8/6/2022 8:19:00 AM,2,0,0,36.235440,-86.758280,DICKERSON PKE,,,,126.00,Feet,North,HOMESTEAD RD,,,,0.00,N,Not at Intersection,N,Non-Junction,None,,,         ,Ryan,Papp,Clear,Angle,no,no,no,no,no,False
103378807,METROPOLITAN NASHVILLE POLICE DEPT,20220386559,Davidson,Nashville,8/6/2022 7:00:00 AM,4,2,0,36.109340,-86.680560,MURFREESBORO PKE,,,,734.00,Feet,East,AIR FREIGHT BLVD,,,,0.00,N,Not at Intersection,Y,"Driveway, Alley Access, etc",None,,,         ,David,Rehm,Clear,Front to Rear,no,no,no,no,no,False
103378815,METROPOLITAN NASHVILLE POLICE DEPT,20220386601,Davidson,Nashville,8/6/2022 8:08:00 AM,2,0,0,36.166580,-86.759320,S 6TH ST,,,,49.00,Feet,North,CAYCE PLACE PVTDR,,,,0.00,N,Not at Intersection, ,Non-Junction,None,,,         ,Theodore,Kenney,Cloudy,"Sideswipe, Same Direction",no,no,no,no,no,False
103378831,METROPOLITAN NASHVILLE POLICE DEPT,20220386607,Davidson,Nashville,8/5/2022 6:00:00 PM,2,0,0,36.104590,-86.811650,RICHARD JONES RD,,,,803.00,Feet,East,HILLSBORO PKE,,,,0.00,N,Not at Intersection,N,Non-Junction,None,,,         ,Alexandra,Herring,Clear,Rear to Rear,no,no,no,yes,yes,False
103378856,METROPOLITAN NASHVILLE POLICE DEPT,20220385648,Davidson,Nashville,8/5/2022 5:13:00 PM,2,4,0,36.170400,-86.768450,INTERSTATE DR,,,,0.00,,,WOODLAND ST,,,,0.00,Y,Four-Way,N,Intersection,None,,,         ,Cory,West,Clear,Angle,yes,no,no,no,no,False
103378864,METROPOLITAN NASHVILLE POLICE DEPT,20220386688,Davidson,Nashville,8/6/2022 9:50:00 AM,2,1,0,36.122020,-86.807090,I440 E ENT RAMP,,,,0.00,Feet,East,I 440,,,,0.00,N,Not at Intersection,N,Non-Junction,None,,,         ,William,McDaniel,Clear,Angle,no,no,no,no,no,False
103378865,METROPOLITAN NASHVILLE POLICE DEPT,20220386710,Davidson,Not in City Limit,8/6/2022 10:15:00 AM,2,0,0,36.281880,-86.732020,I 65,,,,0.00,,,,,,,93.50,N,Not at Intersection,N,Non-Junction,None,,,         ,Melina,Tamborella,Clear,"Sideswipe, Same Direction",no,no,no,no,yes,False
103378884,METROPOLITAN NASHVILLE POLICE DEPT,20220386013,Davidson,Nashville,8/5/2022 9:53:00 PM,2,1,0,36.150480,-86.770350,4TH AVS,,,,0.00,,,I40 E EXT RAMP,,,,0.00,Y,OTHER,N,Entrance/Exit Ramp Related,None,,,         ,Alex,Moore,Clear,Angle,no,no,no,no,yes,False
103378927,METROPOLITAN NASHVILLE POLICE DEPT,20220386729,Davidson,Nashville,8/6/2022 10:18:00 AM,3,2,0,36.040900,-86.779380,STONE BROOK DR,,,,0.00,,,OLD HICKORY BLVD,,,,0.00,Y,Four-Way,N,Intersection,None,,,         ,Travis,Pemberton,Clear,Angle,no,no,no,no,no,False
103378946,METROPOLITAN NASHVILLE POLICE DEPT,20220386813,Davidson,Nashville,8/6/2022 12:08:00 PM,2,0,0,36.068230,-86.710590,HAYWOOD LN,,,,22.00,Feet,East,FAULKNER DR,,,,0.00,N,Not at Intersection, ,,None,,,         ,James,Gilliam,,,no,no,no,no,no,False
103378947,METROPOLITAN NASHVILLE POLICE DEPT,20220386770,Davidson,Nashville,8/6/2022 7:30:00 AM,2,0,0,36.068220,-86.710670,HAYWOOD LN,,,,0.00,,,FAULKNER DR,,,,0.00,Y,T-Intersection,N,Intersection,None,,,         ,Zachary,Wilbanks,Clear,Angle,no,no,no,no,no,False
103378948,METROPOLITAN NASHVILLE POLICE DEPT,20220386847,Davidson,Nashville,8/6/2022 12:43:00 PM,2,0,0,36.193410,-86.753290,ELLINGTON PKWY S EXT RAMP,,,,0.00,,,DOUGLAS AV,,,,0.00,Y,T-Intersection,N,Intersection-Related,None,,,         ,Ryan,Papp,Clear,Front to Rear,no,no,no,no,yes,False
103378961,METROPOLITAN NASHVILLE POLICE DEPT,20220386826,Davidson,Nashville,8/6/2022 12:18:00 PM,2,1,0,36.161100,-86.784980,CHURCH ST,,,,33.00,Feet,West,YMCA WAY,,,,0.00,N,Not at Intersection,N,Non-Junction,None,,,         ,Henry,Perez,Clear,Front to Rear,no,no,no,no,no,False
103379021,METROPOLITAN NASHVILLE POLICE DEPT,20220386811,Davidson,Nashville,8/6/2022 12:03:00 PM,2,1,0,36.163250,-86.617380,I 40,,,,0.00,,,,,,,219.85,N,Not at Intersection,N,Non-Junction,None,,,         ,Cameron,Fritschie,"Cloudy, Rain","Sideswipe, Same Direction",no,no,no,no,no,False
103379030,METROPOLITAN NASHVILLE POLICE DEPT,20220386874,Davidson,Nashville,8/6/2022 12:08:00 PM,2,0,0,36.113700,-86.724180,I 24,,,,0.00,,,,,,,53.35,N,Not at Intersection, ,,None,,,         ,John,Walden,,,no,no,no,no,no,False
103379074,METROPOLITAN NASHVILLE POLICE DEPT,20220386906,Davidson,Nashville,8/6/2022 12:00:00 AM,1,0,0,36.164390,-86.615540,I 40,,,,0.00,,,,,,,220.00,N,Not at Intersection,N,Non-Junction,None,,,         ,Clayton,Smith,Rain,Not Collision with Motor Vehicle in Transport,no,no,no,no,no,False
103379107,METROPOLITAN NASHVILLE POLICE DEPT,20220386902,Davidson,Nashville,8/6/2022 1:20:00 PM,2,0,0,36.244290,-86.756520,DICKERSON PKE,,,,144.00,Feet,North,SKYLINE MEMORIAL CT,,,,0.00,N,Not at Intersection,N,Non-Junction,None,,,         ,Jason,Milyaro Lucas,Clear,"Sideswipe, Same Direction",no,no,no,no,yes,False
103379111,METROPOLITAN NASHVILLE POLICE DEPT,20220386919,Davidson,Nashville,8/6/2022 1:59:00 PM,2,0,0,36.149940,-86.858860,CHARLOTTE PKE,,,,166.00,Feet,East,OCEOLA AV,,,,0.00,N,Not at Intersection,N,Non-Junction,None,,,         ,Alexandra,Herring,Cloudy,Angle,no,no,no,no,no,False
103379113,METROPOLITAN NASHVILLE POLICE DEPT,20220386895,Davidson,Not in City Limit,8/6/2022 12:00:00 AM,2,0,0,36.307230,-86.819760,I 24,,,,0.00,,,,,,,38.05,N,Not at Intersection,N,Non-Junction,None,,,         ,Zachary,Akers,Cloudy,Front to Rear,no,no,no,no,no,False
103379130,METROPOLITAN NASHVILLE POLICE DEPT,20220386892,Davidson,Nashville,8/6/2022 12:30:00 PM,2,0,0,36.132210,-86.894620,CHARLOTTE PKE,,,,155.00,Feet,East,I40 E ENT RAMP,,,,0.00,N,Not at Intersection, ,Non-Junction,None,,,         ,Tony,Folad,Cloudy,Front to Rear,no,no,no,no,no,False
103379138,METROPOLITAN NASHVILLE POLICE DEPT,20220386951,Davidson,Nashville,8/6/2022 2:40:00 PM,2,0,0,36.141740,-86.776610,I 65,,,,0.00,,,,,,,82.00,N,Not at Intersection, ,Non-Junction,None,,,         ,Kyle,Kinsman,Rain,Front to Rear,no,no,no,no,no,False
103379140,METROPOLITAN NASHVILLE POLICE DEPT,20220386943,Davidson,Nashville,8/6/2022 2:36:00 PM,1,1,0,36.198400,-86.680370,VALE LN,,,,399.00,Feet,East,DONNA HILL DR,,,,0.00,N,Not at Intersection,N,Non-Junction,None,,,         ,Terry,Denton,"Cloudy, Rain",Not Collision with Motor Vehicle in Transport,no,no,no,no,no,False
103379146,METROPOLITAN NASHVILLE POLICE DEPT,20220386901,Davidson,Nashville,8/6/2022 1:19:00 PM,1,2,0,36.140650,-86.729300,I 24,,,,0.00,,,,,,,51.45,N,Not at Intersection,N,Non-Junction,None,,,         ,Cameron,Fritschie,"Cloudy, Rain",Not Collision with Motor Vehicle in Transport,no,no,no,no,no,False
103379163,METROPOLITAN NASHVILLE POLICE DEPT,20220386952,Davidson,Nashville,8/6/2022 2:38:00 PM,2,1,0,36.186740,-86.819460,CLARKSVILLE PKE,,,,242.00,Feet,West,26TH AVN,,,,0.00,N,Not at Intersection,N,"Driveway, Alley Access, etc",None,,,         ,Ronald,Bright,Cloudy,Angle,no,no,no,no,no,False
103379169,METROPOLITAN NASHVILLE POLICE DEPT,20220386972,Davidson,Not in City Limit,8/6/2022 2:55:00 PM,3,0,0,36.258960,-86.738280,I 65,,,,0.00,,,,,,,91.85,N,Not at Intersection, ,Non-Junction,None,,,         ,Philip,Claibourne,Rain,Other,no,no,no,no,no,False
103379179,METROPOLITAN NASHVILLE POLICE DEPT,20220386982,Davidson,Nashville,8/6/2022 2:55:00 PM,2,1,0,36.129820,-86.816230,WESTMORELAND DR,,,,142.00,Feet,West,30TH AVS,,,,0.00,N,Not at Intersection,Y,Non-Junction,None,,,         ,Heather,Fox,Rain,Angle,no,no,no,no,no,False
103379208,METROPOLITAN NASHVILLE POLICE DEPT,20220387032,Davidson,Nashville,8/6/2022 4:00:00 PM,3,1,0,36.121969,-86.761284,,,I440W,,0.00,,West,,,,,5.60,N,Not at Intersection,N,Non-Junction,None,,,         ,Garrett,Latham,Rain,Front to Rear,no,no,no,no,yes,False
103379215,METROPOLITAN NASHVILLE POLICE DEPT,20220386981,Davidson,Nashville,8/6/2022 12:00:00 AM,3,0,0,36.147340,-86.625880,TRAILS CIR,,,,0.00,Feet,North,BELL RD,,,,0.00,N,Not at Intersection,N,Non-Junction,None,,,         ,Esther,Poysti,Rain,Front to Rear,no,no,no,no,yes,False
103379252,METROPOLITAN NASHVILLE POLICE DEPT,20220387034,Davidson,Nashville,8/6/2022 4:05:00 PM,2,0,0,36.190630,-86.789510,I 65,,,,0.00,,,,,,,85.75,N,Not at Intersection, ,Non-Junction,None,,,         ,Ralph,Gault,Cloudy,Angle,no,no,no,no,no,False
103379293,METROPOLITAN NASHVILLE POLICE DEPT,20220387145,Davidson,Nashville,8/6/2022 5:08:00 PM,2,0,0,36.209220,-86.922030,OLD HYDES FERRY PKE,,,,1.00,Feet,East,OLD HICKORY BLVD,,,,0.00,N,Not at Intersection,N,Non-Junction,None,,,         ,Tristen,Mayfield,Clear,Angle,no,no,no,no,yes,False
103379295,METROPOLITAN NASHVILLE POLICE DEPT,20220387154,Davidson,Nashville,8/6/2022 5:55:00 PM,2,1,0,36.068500,-86.718530,HAYWOOD LN,,,,202.00,Feet,East,NOLENSVILLE PKE,,,,0.00,N,Not at Intersection,N,Non-Junction,None,,,         ,William,Coy,Clear,Angle,no,no,no,no,yes,False
103379297,METROPOLITAN NASHVILLE POLICE DEPT,20220387187,Davidson,Nashville,8/6/2022 6:30:00 PM,2,0,0,36.133040,-86.766440,WEDGEWOOD AV,,,,196.00,Feet,East,CARVELL AV,,,,0.00,N,Not at Intersection, ,Non-Junction,None,,,         ,Douglas,Meringer,Clear,Front to Rear,no,no,no,no,no,False
103379306,METROPOLITAN NASHVILLE POLICE DEPT,20220386547,Davidson,Nashville,8/6/2022 12:00:00 AM,1,0,0,36.112890,-86.689010,MURFREESBORO PKE,,,,0.00,,,MCGAVOCK PKE,,,,0.00,Y,T-Intersection,N,Intersection-Related,None,,,         ,Alex,Moore,Clear,Not Collision with Motor Vehicle in Transport,no,no,no,no,yes,False
103379308,METROPOLITAN NASHVILLE POLICE DEPT,20220387090,Davidson,Nashville,8/6/2022 4:40:00 PM,2,0,0,36.135840,-86.765730,SOUTHGATE AV,,,,316.00,Feet,East,CARVELL AV,,,,0.00,N,Not at Intersection,N,Non-Junction,None,,,         ,Flynn,Ireland,Clear,Angle,no,no,no,no,yes,False
103379327,METROPOLITAN NASHVILLE POLICE DEPT,20220387243,Davidson,Nashville,8/6/2022 6:41:00 PM,2,0,0,36.171650,-86.765240,WOODLAND ST,,,,155.00,Feet,West,S 5TH ST,,,,0.00,N,Not at Intersection, ,Non-Junction,None,,,         ,Ronald,Bright,Cloudy,Front to Rear,no,no,no,no,no,False
103379336,METROPOLITAN NASHVILLE POLICE DEPT,20220387069,Davidson,Nashville,8/6/2022 12:54:00 PM,2,0,0,36.149940,-86.775290,VINE ST,,,,125.00,Feet,South,DIVISION ST,,,,0.00,N,Not at Intersection, ,Non-Junction,None,,,         ,Zachary,Triano,Cloudy,Angle,no,no,no,no,no,False
103379354,METROPOLITAN NASHVILLE POLICE DEPT,20220387254,Davidson,Nashville,8/6/2022 7:25:00 PM,2,0,0,36.151500,-86.795940,BROADWAY,,,,243.00,Feet,North,19TH AVS,,,,0.00,N,Not at Intersection, ,Non-Junction,None,,,         ,Theodore,Meskers,Clear,Angle,no,no,no,no,no,False
103379364,METROPOLITAN NASHVILLE POLICE DEPT,20220387272,Davidson,Nashville,8/6/2022 7:29:00 PM,2,0,0,36.152730,-86.856240,I 40,,,,0.00,,,,,,,204.00,N,Not at Intersection,Y,Entrance/Exit Ramp Related,None,,,         ,Jared,Dick,Cloudy,Angle,no,no,no,no,no,False
103379365,METROPOLITAN NASHVILLE POLICE DEPT,20220387031,Davidson,Nashville,8/6/2022 3:56:00 PM,4,0,0,36.143150,-86.704790,I 40,,,,0.00,,,,,,,214.50,N,Not at Intersection, ,Non-Junction,None,,,         ,Dylan,Colquhoun,Clear,Front to Rear,no,no,no,no,no,False
103379368,THP District 3 - Nashville,322063408,Davidson,Not in City Limit,8/6/2022 6:43:00 PM,2,0,0,36.339430,-86.916300,I 24,,,,0.00,,,,,,,32.05,N,Not at Intersection, ,Non-Junction,None,,,         ,Vincent,Meaker,Clear,Front to Rear,no,no,no,no,no,False
103379373,METROPOLITAN NASHVILLE POLICE DEPT,20220387105,Davidson,Nashville,8/6/2022 5:07:00 PM,1,0,0,36.221830,-86.693570,BRILEY PKWYN,,,,358.00,Feet,South,BRILEY PKWYS,,,,0.00,N,Not at Intersection,N,Non-Junction,None,,,         ,William,Boler,Clear,Not Collision with Motor Vehicle in Transport,no,no,no,no,no,False
103379414,METROPOLITAN NASHVILLE POLICE DEPT,20220387158,Davidson,Nashville,8/6/2022 12:00:00 AM,2,2,0,36.165130,-86.602780,MILLS RD,,,,3.00,Feet,North,BELL RD,,,,0.00,N,Not at Intersection,N,Non-Junction,None,,,         ,Esther,Poysti,Clear,Angle,no,no,no,no,no,False
103379420,METROPOLITAN NASHVILLE POLICE DEPT,20220387147,Davidson,Nashville,8/6/2022 5:53:00 PM,2,1,0,36.150710,-86.666560,ALLEN RD,,,,0.00,Feet,,DONELSON PKE,,,,0.00,Y,Four-Way,Y,Intersection,None,,,         ,William,Boler,Clear,Angle,no,no,no,no,no,False
103379468,METROPOLITAN NASHVILLE POLICE DEPT,20220387106,Davidson,Nashville,8/6/2022 4:09:00 PM,2,0,0,36.146540,-86.767720,4TH AVS,,,,0.00,,,MILDRED SHUTE AV,,,,0.00,Y,T-Intersection, ,Intersection,None,,,         ,Garrett,Latham,Clear,"Sideswipe, Same Direction",no,no,no,no,no,False
103379471,METROPOLITAN NASHVILLE POLICE DEPT,20220387452,Davidson,Nashville,8/6/2022 12:00:00 AM,4,0,0,36.044790,-86.724870,ENCLAVE CIR,,,,0.00,Feet,,OLD HICKORY BLVD,,,,0.00,Y,Four-Way,Y,Intersection,None,,,         ,Aaron,Brumley,Clear,Angle,no,no,no,no,yes,False
103379476,METROPOLITAN NASHVILLE POLICE DEPT,20220387116,Davidson,Nashville,8/6/2022 6:28:00 PM,2,0,0,36.107320,-86.921810,OLD HICKORY BLVD,,,,0.00,,,,,,,0.00,,,N,Non-Junction,None,,,         ,Cameron,Van Der Merwe,Clear,Rear to Rear,no,no,no,yes,yes,False
103379478,METROPOLITAN NASHVILLE POLICE DEPT,20220387009,Davidson,Nashville,8/6/2022 3:35:00 PM,1,1,0,36.151430,-86.852670,CHARLOTTE AV,,,,178.00,Feet,West,MORROW RD,,,,0.00,N,Not at Intersection,N,Non-Junction,None,,,         ,Mark,Lemieux,Clear,Not Collision with Motor Vehicle in Transport,yes,no,no,no,no,False
103379500,METROPOLITAN NASHVILLE POLICE DEPT,20220387257,Davidson,Nashville,8/6/2022 6:30:00 PM,2,1,0,36.169550,-86.601020,I40 E EXT RAMP,,,,0.00,,,I 40,,,,0.00,Y,Four-Way,N,Non-Junction,None,,,         ,Zachary,Aldrich,Clear,"Sideswipe, Same Direction",no,no,no,no,yes,False
103379515,METROPOLITAN NASHVILLE POLICE DEPT,20220387496,Davidson,Nashville,8/6/2022 10:25:00 PM,2,1,0,36.157980,-86.775230,4TH AVS,,,,109.00,Feet,South,MOLLOY ST,,,,0.00,N,Not at Intersection,N,Non-Junction,None,,,         ,Dakota,Davis,Clear,Front to Rear,no,no,no,no,no,False
103379528,METROPOLITAN NASHVILLE POLICE DEPT,20220387500,Davidson,Nashville,8/6/2022 10:27:00 PM,2,0,0,36.162380,-86.778080,4TH AVN,,,,0.00,,,COMMERCE ST,,,,0.00,Y,OTHER, ,Intersection,None,,,         ,Ralph,Gault,Cloudy,Front to Rear,no,no,no,no,no,False
103379530,METROPOLITAN NASHVILLE POLICE DEPT,20220387569,Davidson,Nashville,8/6/2022 10:35:00 PM,2,0,0,36.218120,-86.699260,OUTLET CENTER DR,,,,311.00,Feet,North,MCGAVOCK PKE,,,,0.00,N,Not at Intersection, ,Non-Junction,None,,,         ,Jacob,Snyder,Cloudy,Angle,no,no,no,yes,no,False
103379552,METROPOLITAN NASHVILLE POLICE DEPT,20220387459,Davidson,Nashville,8/6/2022 9:59:00 PM,3,2,0,36.084320,-86.705380,HARDING PL,,,,158.00,Feet,East,LINBAR DR,,,,0.00,N,Not at Intersection,N,Non-Junction,None,,,         ,Taylor,Blackwelder,Clear,Angle,no,no,no,no,no,False
103379581,METROPOLITAN NASHVILLE POLICE DEPT,20220387012,Davidson,Nashville,8/6/2022 3:24:00 PM,3,0,0,36.111430,-86.757920,THOMPSON LN,,,,24.00,Feet,East,KRAFT DR,,,,0.00,N,Not at Intersection,N,Non-Junction,None,,,         ,David,Harms,Rain,Front to Rear,no,no,no,no,no,False
103379582,METROPOLITAN NASHVILLE POLICE DEPT,20220387184,Davidson,Nashville,8/6/2022 7:00:00 PM,2,0,0,36.079130,-86.913440,FOREST PARK APT PVTDR,,,,0.00,,,,,,,0.00,,Not at Intersection,N,OtherLocation,None,,,         ,Cameron,Van Der Merwe,Clear,Rear to Rear,no,no,no,yes,yes,False
103379583,METROPOLITAN NASHVILLE POLICE DEPT,20220387292,Davidson,Nashville,8/6/2022 7:56:00 PM,1,0,0,36.228170,-86.737600,MAPLEWOOD LN,,,,0.00,Feet,,HUTSON AV,,,,0.00,Y,T-Intersection,N,Non-Junction,None,,,         ,Seth,Wilson,Cloudy,Not Collision with Motor Vehicle in Transport,no,no,no,no,no,False
103379588,METROPOLITAN NASHVILLE POLICE DEPT,20220387700,Davidson,Nashville,8/7/2022 12:25:00 AM,2,1,0,36.068200,-86.719110,NOLENSVILLE PKE,,,,0.00,Feet,,HAYWOOD LN,,,,0.00,Y,Four-Way,N,Intersection,None,,,         ,Sullivan,Souksanh,Clear,Angle,no,no,no,no,yes,False
103379591,METROPOLITAN NASHVILLE POLICE DEPT,20220387566,Davidson,Nashville,8/6/2022 11:15:00 PM,3,0,0,36.165810,-86.778740,3RD AVN,,,,70.00,Feet,North,UNION ST,,,,0.00,N,Not at Intersection,N,Non-Junction,None,,,         ,Tyler,Lewis,Clear,"Sideswipe, Same Direction",no,no,no,no,no,False
103379592,METROPOLITAN NASHVILLE POLICE DEPT,20220387429,Davidson,Nashville,8/6/2022 12:00:00 AM,2,0,0,36.154960,-86.769330,RUTLEDGE ST,,,,21.00,Feet,North,MIDDLETON ST,,,,0.00,N,Not at Intersection,N,Non-Junction,None,,,         ,Mena,Mahros,Clear,Unknown,no,no,no,no,yes,False
103379596,METROPOLITAN NASHVILLE POLICE DEPT,20220387676,Davidson,Nashville,8/7/2022 12:11:00 AM,2,0,0,36.186130,-86.803890,9TH AVE N,,,,160.00,Feet,North,GOFF ST,,,,0.00,N,Not at Intersection,N,Non-Junction,None,,,         ,James,Harben,Clear,Angle,no,no,no,no,no,False
103379601,METROPOLITAN NASHVILLE POLICE DEPT,20220387709,Davidson,Nashville,8/7/2022 12:28:00 AM,2,0,0,36.247120,-86.783770,I 24,,,,0.00,,,,,,,42.75,N,Not at Intersection,N,Non-Junction,None,,,         ,Pamela,Caulder,Cloudy,"Sideswipe, Same Direction",no,no,no,no,no,False
103379611,METROPOLITAN NASHVILLE POLICE DEPT,20220387773,Davidson,Nashville,8/7/2022 1:17:00 AM,2,4,0,36.138910,-86.889020,I 40,,,,0.00,,,,,,,201.90,N,Not at Intersection,N,Non-Junction,None,,,         ,Nicholas,Smith,Clear,Front to Rear,no,no,no,no,yes,False
103379616,METROPOLITAN NASHVILLE POLICE DEPT,20220387883,Davidson,Nashville,8/7/2022 3:12:00 AM,2,2,0,36.169360,-86.679890,LEBANON PKE,,,,0.00,Feet,West,MCGAVOCK PKE,,,,0.00,N,Not at Intersection,N,Non-Junction,None,,,         ,Bryson,Wilkins,Clear,Other,no,no,no,no,yes,False
103379619,METROPOLITAN NASHVILLE POLICE DEPT,20220387876,Davidson,Nashville,8/7/2022 3:03:00 AM,2,0,0,36.160610,-86.778130,BROADWAY,,,,102.00,Feet,East,5TH AVS,,,,0.00,N,Not at Intersection, ,Non-Junction,None,,,         ,Joshua,Belk,Clear,Front to Rear,no,no,no,no,no,False
103379620,METROPOLITAN NASHVILLE POLICE DEPT,20220387820,Davidson,Nashville,8/7/2022 1:40:00 AM,2,0,0,36.192160,-86.777430,I 65,,,,0.00,,,,,,,86.45,N,Not at Intersection,N,Non-Junction,None,,,         ,Pamela,Caulder,Cloudy,"Sideswipe, Same Direction",no,no,no,no,no,False
103379630,METROPOLITAN NASHVILLE POLICE DEPT,20220387827,Davidson,Nashville,8/7/2022 2:00:00 AM,2,1,0,36.139280,-86.822880,,,I440,,0.00,,East,,,,,1.00,N,Not at Intersection,Y,Entrance/Exit Ramp Related,None,,,         ,John,Jones,Clear,"Sideswipe, Same Direction",no,no,no,no,no,False