master_record_number,agency,agency_tracking_number,county,city,collision_date,vehicles_involved,number_injured,number_dead,latitude,longitude,roadway_name,roadway_suffix,roadway_number,roadway_local_id,distance_from_reference,miles-feet_indicator,direction_from_reference,intersection_road_name,intersection_road_name_suffix,intersection_road_number,intersection_local_id,mile_marker,intersection_indicator,intersect_type,interchange_related_indicator,relation_to_junction,work_zone_type,construction_maintenance_zone,construction_maintenance_zone_location,fatal_case_number,officer_first_name,officer_last_name,weather_condition(s),manner_of_crash,pedestrian,bicycle,scooter,parking,hitrun,mou
103380687,METROPOLITAN NASHVILLE POLICE DEPT,20220389280,Davidson,Nashville,8/8/2022 6:22:00 AM,2,1,0,36.070100,-86.685120,HAYWOOD LN,,,,158.00,Feet,East,BAKERTOWN RD,,,,0.00,N,Not at Intersection,N,Non-Junction,None,,,         ,Theodore,Meskers,Clear,Front to Rear,no,no,no,no,no,False
103380693,METROPOLITAN NASHVILLE POLICE DEPT,20220389648,Davidson,Nashville,8/8/2022 8:50:00 AM,2,1,0,36.116570,-86.725280,I 24,,,,0.00,,,,,,,53.15,N,Not at Intersection,N,Non-Junction,None,,,         ,Eric,Burford,Clear,Front to Rear,no,no,no,no,no,False
103380721,METROPOLITAN NASHVILLE POLICE DEPT,20220389614,Davidson,Nashville,8/8/2022 12:00:00 AM,1,0,0,36.084590,-86.655970,ROCKY MOUNTAIN PKWY,,,,124.00,Feet,East,BLUE MOUNTAIN LN,,,,0.00,N,Not at Intersection,N,Non-Junction,Unknown,,,         ,Stanley,Collins,Unknown,Not Collision with Motor Vehicle in Transport,no,no,no,no,yes,False
103380736,METROPOLITAN NASHVILLE POLICE DEPT,20220389749,Davidson,Nashville,8/8/2022 9:30:00 AM,2,0,0,36.079600,-86.726320,HARDING PL,,,,0.00,,,NOLENSVILLE PKE,,,,0.00,Y,Four-Way, ,Intersection,None,,,         ,Sekou,Samassi,Clear,"Sideswipe, Same Direction",no,no,no,no,no,False
103380759,METROPOLITAN NASHVILLE POLICE DEPT,20220389284,Davidson,Nashville,8/8/2022 6:20:00 AM,2,3,0,36.145740,-86.764720,2ND AVS,,,,0.00,,,CHESTNUT ST,,,,0.00,Y,Four-Way,Y,Intersection-Related,None,,,         ,Samuel,White,Clear,Angle,no,no,no,no,no,False
103380768,METROPOLITAN NASHVILLE POLICE DEPT,20220389860,Davidson,Nashville,8/8/2022 10:43:00 AM,2,0,0,36.108680,-86.812130,GLEN ECHO RD,,,,0.00,,,HILLSBORO PKE,,,,0.00,Y,T-Intersection, ,Intersection-Related,None,,,         ,Sekou,Samassi,Clear,"Sideswipe, Same Direction",no,no,no,no,no,False
103380769,METROPOLITAN NASHVILLE POLICE DEPT,20220389817,Davidson,Nashville,8/8/2022 9:04:00 AM,2,0,0,36.149530,-86.773000,I 40,,,,0.00,,,,,,,210.20,N,Not at Intersection, ,Non-Junction,None,,,         ,Brent,Bauer,Cloudy,Angle,no,no,no,no,no,False
103380770,METROPOLITAN NASHVILLE POLICE DEPT,20220389685,Davidson,Nashville,8/8/2022 9:40:00 AM,2,0,0,36.124980,-86.847640,HARDING PKE,,,,0.00,,,WHITE BRIDGE PKE,,,,0.00,Y,Four-Way, ,Intersection-Related,None,,,         ,Douglas,Atwood,Clear,Angle,no,no,no,no,no,False
103380776,GOODLETTSVILLE POLICE DEPT,22-24264,Davidson,Goodlettsville,8/8/2022 8:47:00 AM,2,0,0,36.312150,-86.678600,VIETNAM VETERANS BLVDS,,,,0.96,Miles,East,CONFERENCE DR,,,,0.00,N,Not at Intersection,N,Non-Junction,None,,,         ,Daniel,Knalls,Clear,Front to Rear,no,no,no,no,no,False
103380786,METROPOLITAN NASHVILLE POLICE DEPT,20220389873,Davidson,Nashville,8/8/2022 12:00:00 AM,1,0,0,36.098630,-86.659410,MURFREESBORO PKE,,,,11.00,Feet,West,HARDING PL,,,,0.00,N,Not at Intersection,N,Non-Junction,None,,,         ,Clayton,Smith,Unknown,Unknown,no,no,no,no,yes,False
103380796,METROPOLITAN NASHVILLE POLICE DEPT,20220389790,Davidson,Old Hickory,8/8/2022 10:26:00 AM,2,1,0,36.266220,-86.651970,OLD HICKORY BLVD,,,,544.00,Feet,North,BRYAN ST,,,,0.00,N,Not at Intersection,N,Non-Junction,None,,,         ,Brian,Ritz,Clear,Angle,no,no,no,no,no,False
103380805,METROPOLITAN NASHVILLE POLICE DEPT,20220389918,Davidson,Nashville,8/8/2022 11:00:00 AM,2,0,0,36.194130,-86.831970,CLARKSVILLE PKE,,,,282.00,Feet,West,BUENA VISTA PKE,,,,0.00,N,Not at Intersection, ,Non-Junction,None,,,         ,Jean,McCormack,Cloudy,Front to Rear,no,no,no,no,no,False
103380808,METROPOLITAN NASHVILLE POLICE DEPT,20220389815,Davidson,Nashville,8/8/2022 10:29:00 AM,2,0,0,36.161200,-86.792680,GEORGE L DAVIS BLVD,,,,0.00,,,CHARLOTTE AV,,,,0.00,Y,Four-Way, ,Intersection,None,,,         ,Shawn,Taylor,Clear,"Sideswipe, Same Direction",no,no,no,no,no,False
103380810,METROPOLITAN NASHVILLE POLICE DEPT,20220388391,Davidson,Nashville,8/7/2022 2:36:00 PM,1,1,0,36.118470,-86.768200,I65 ENT RAMP,,,,0.00,Feet,East,I 440,,,,0.00,N,Not at Intersection,N,Non-Junction,None,,,         ,Cherell,Kinchloe,Rain,Not Collision with Motor Vehicle in Transport,no,no,no,no,no,False
103380846,METROPOLITAN NASHVILLE POLICE DEPT,20220389213,Davidson,Antioch,8/7/2022 12:00:00 AM,1,0,0,36.071140,-86.593400,HUNTINGBORO TRL,,,,333.00,Feet,South,QUAILS NEST CT,,,,0.00,N,Not at Intersection,N,Non-Junction,None,,,         ,James,Thomas,Unknown,Not Collision with Motor Vehicle in Transport,no,no,no,no,yes,False
103380868,METROPOLITAN NASHVILLE POLICE DEPT,20220389653,Davidson,Nashville,8/8/2022 12:00:00 AM,2,0,0,36.071580,-86.683940,ANTIOCH PKE,,,,146.00,Feet,North,HAYSTACK LN,,,,0.00,N,Not at Intersection, ,Non-Junction,None,,,         ,James,Gilliam,Clear,"Sideswipe, Same Direction",no,no,no,no,yes,False
103380907,METROPOLITAN NASHVILLE POLICE DEPT,20220389982,Davidson,Nashville,8/8/2022 12:17:00 PM,2,1,0,36.112370,-86.767670,THOMPSON LN,,,,103.00,Feet,East,W IRIS DR,,,,0.00,N,Not at Intersection,N,Non-Junction,None,,,         ,Sekou,Samassi,Clear,Angle,no,no,no,no,no,False
103380908,METROPOLITAN NASHVILLE POLICE DEPT,20220390043,Davidson,Nashville,8/8/2022 1:11:00 PM,2,0,0,36.082100,-86.761700,I65 N EXT RAMP,,,,0.00,,,HARDING PL,,,,0.00,Y,Four-Way, ,Entrance/Exit Ramp Related,None,,,         ,Brent,Bauer,Cloudy,Front to Rear,no,no,no,no,no,False
103380909,METROPOLITAN NASHVILLE POLICE DEPT,20220389807,Davidson,Nashville,8/8/2022 9:13:00 AM,2,0,0,36.147350,-86.785730,SOUTH ST,,,,0.00,Feet,East,12TH AVS,,,,0.00,N,Not at Intersection, ,Non-Junction,Construction Zone,,,         ,Cherell,Kinchloe,Clear,Angle,no,no,no,no,no,False
103380917,METROPOLITAN NASHVILLE POLICE DEPT,20220390027,Davidson,Nashville,8/8/2022 12:30:00 PM,2,0,0,36.139070,-86.880560,CHARLOTTE PKE,,,,0.00,,,HILLWOOD BLVD,,,,0.00,Y,Four-Way,N,Intersection-Related,None,,,         ,Matthew,Carson,Cloudy,Front to Rear,no,no,no,no,yes,False
103380924,METROPOLITAN NASHVILLE POLICE DEPT,202203890060,Davidson,Nashville,8/8/2022 11:52:00 AM,2,0,0,36.165890,-86.855850,56TH AVN,,,,131.00,Feet,South,CENTENNIAL BLVD,,,,0.00,N,Not at Intersection,N,Non-Junction,None,,,         ,Tony,Folad,Cloudy,Angle,no,no,no,no,no,False
103380965,METROPOLITAN NASHVILLE POLICE DEPT,20220390076,Davidson,Not in City Limit,8/8/2022 1:17:00 PM,2,0,0,36.263180,-86.713090,OLD HICKORY BLVDW,,,,0.00,,,OLD TIME VILLAGE PVTDR,,,,0.00,Y,T-Intersection, ,Intersection,None,,,         ,William,Coy,Cloudy,Angle,no,no,no,no,no,False
103380970,METROPOLITAN NASHVILLE POLICE DEPT,20220389999,Davidson,Nashville,8/8/2022 9:50:00 AM,2,0,0,36.205990,-86.870510,BRILEY PKWYN,,,,0.00,,,BRILEY PKWY N EXT RAMP,,,,0.00,Y,Y-Intersection,N,Non-Junction,None,,,         ,Sean,Herman,Clear,"Sideswipe, Same Direction",no,no,no,no,no,False
103380977,METROPOLITAN NASHVILLE POLICE DEPT,20220390147,Davidson,Nashville,8/8/2022 1:35:00 PM,2,0,0,36.208390,-86.766690,QUEEN AV,,,,171.00,Feet,East,DICKERSON PKE,,,,0.00,N,Not at Intersection, ,Non-Junction,None,,,         ,Ronald,Bright,Cloudy,Front to Rear,no,no,no,yes,no,False
103380983,METROPOLITAN NASHVILLE POLICE DEPT,20220390053,Davidson,Nashville,8/8/2022 12:28:00 PM,2,1,0,36.061490,-86.643860,HICKORY HIGHLANDS DR,,,,322.00,Feet,East,RURAL HILL RD,,,,0.00,N,Not at Intersection,N,Non-Junction,None,,,         ,Stanley,Collins,Rain,Angle,no,no,no,no,no,False
103381002,METROPOLITAN NASHVILLE POLICE DEPT,20220389968,Davidson,Nashville,8/8/2022 12:23:00 PM,3,0,0,36.065430,-86.629970,HAMILTON CROSSINGS,,,,185.00,Feet,West,MURFREESBORO PKE,,,,0.00,N,Not at Intersection,N,Non-Junction,None,,,         ,Leonard,Cato,Cloudy,HeadOn,no,no,no,yes,yes,False
103381003,METROPOLITAN NASHVILLE POLICE DEPT,20220390031,Davidson,Nashville,8/8/2022 12:00:00 AM,1,1,0,36.036380,-86.645330,I 24,,,,0.00,,,,,,,60.40,N,Not at Intersection,N,Non-Junction,None,,,         ,Benjamin,Tasto,Cloudy,Not Collision with Motor Vehicle in Transport,no,no,no,no,no,False
103381016,METROPOLITAN NASHVILLE POLICE DEPT,20220389858,Davidson,Nashville,8/8/2022 10:52:00 AM,2,1,0,36.189530,-86.837690,HYDES FERRY RD,,,,0.00,,,COUNTY HOSPITAL RD,,,,0.00,Y,Four-Way,N,Intersection,None,,,         ,Jedidayah,Merriweather,Cloudy,"Sideswipe, Same Direction",no,no,no,no,no,False
103381047,METROPOLITAN NASHVILLE POLICE DEPT,20220390185,Davidson,Nashville,8/8/2022 2:29:00 PM,2,1,0,36.103230,-86.666480,MURFREESBORO PKE,,,,0.00,,,FAIRCLOTH LN,,,,0.00,Y,T-Intersection,N,Non-Junction,None,,,         ,Eric,Burford,Clear,Front to Rear,no,no,no,no,no,False
103381055,METROPOLITAN NASHVILLE POLICE DEPT,2022-0390196,Davidson,Nashville,8/8/2022 2:37:00 PM,2,0,0,36.086870,-86.730230,NOLENSVILLE PKE,,,,0.00,Feet,,ELYSIAN FIELDS CT,,,,0.00,Y,Four-Way,N,Non-Junction,None,,,         ,Sean,Williams,Clear,"Sideswipe, Same Direction",no,no,no,no,no,False
103381073,METROPOLITAN NASHVILLE POLICE DEPT,20220390320,Davidson,Nashville,8/8/2022 3:10:00 PM,2,0,0,36.159260,-86.801010,DR D B TODD JR BLVD,,,,0.00,,,PEARL ST,,,,0.00,Y,T-Intersection,N,Non-Junction,None,,,         ,Hendrik,Kruger,Clear,HeadOn,no,no,no,no,no,False
103381075,METROPOLITAN NASHVILLE POLICE DEPT,20220390298,Davidson,Nashville,8/8/2022 3:25:00 PM,2,1,0,36.068760,-86.716280,HAYWOOD LN,,,,0.00,,,HOPEDALE DR,,,,0.00,Y,T-Intersection,N,Intersection,None,,,         ,Gary,Anderson,Clear,Angle,no,no,no,no,no,False
103381076,GOODLETTSVILLE POLICE DEPT,22-24301,Davidson,Goodlettsville,8/8/2022 3:47:00 PM,2,0,0,36.319280,-86.702600,I 65,,,,0.00,,,,,,,96.65,N,Not at Intersection, ,Non-Junction,None,,,         ,Daniel,Knalls,Clear,"Sideswipe, Same Direction",no,no,no,no,no,False
103381077,METROPOLITAN NASHVILLE POLICE DEPT,20220390221,Davidson,Nashville,8/8/2022 12:00:00 AM,3,3,0,36.126750,-86.710910,THOMPSON PL,,,,55.00,Feet,East,MURFREESBORO PKE,,,,0.00,N,Not at Intersection,Y,Non-Junction,None,,,         ,Clayton,Smith,,Angle,no,no,no,no,no,False
103381078,METROPOLITAN NASHVILLE POLICE DEPT,20220387802,Davidson,Nashville,8/7/2022 1:45:00 AM,3,0,0,36.164600,-86.758150,S 6TH ST,,,,356.00,Feet,North,CAYCE PLACE PVTDR,,,,0.00,N,Not at Intersection, ,Non-Junction,None,,,         ,Jordan,Knight,Clear,HeadOn,no,no,no,no,yes,False
103381108,METROPOLITAN NASHVILLE POLICE DEPT,20220385074,Davidson,Nashville,8/5/2022 9:23:00 AM,2,1,0,36.172840,-86.765340,S 5TH ST,,,,0.00,,,SPRING ST,,,,0.00,Y,Four-Way,N,Intersection,None,,,         ,Russell,Ward,Clear,Angle,no,no,no,no,yes,False
103381120,METROPOLITAN NASHVILLE POLICE DEPT,20220390453,Davidson,Nashville,8/8/2022 3:30:00 PM,2,0,0,36.173020,-86.792390,9TH AVN,,,,4.00,Feet,South,JEFFERSON ST,,,,0.00,N,Not at Intersection,N,Non-Junction,None,,,         ,Jackson,Sanders,Clear,Angle,no,no,no,no,yes,False
103381142,METROPOLITAN NASHVILLE POLICE DEPT,20220390396,Davidson,Nashville,8/8/2022 3:50:00 PM,2,0,0,36.196330,-86.776120,I 65,,,,0.00,,,,,,,86.60,N,Not at Intersection,N,Non-Junction,None,,,         ,Tyler,Jordan,Clear,"Sideswipe, Same Direction",no,no,no,no,no,False
103381145,METROPOLITAN NASHVILLE POLICE DEPT,20220390488,Davidson,Nashville,8/8/2022 5:18:00 PM,2,0,0,36.125490,-86.846940,HARDING PKE,,,,179.00,Feet,West,KENNER AVN,,,,0.00,N,Not at Intersection, ,Non-Junction,None,,,         ,Justin,Wells,Clear,Not Collision with Motor Vehicle in Transport,no,no,no,no,no,False
103381151,METROPOLITAN NASHVILLE POLICE DEPT,20220390467,Davidson,Nashville,8/8/2022 5:08:00 PM,2,1,0,36.167900,-86.765770,I 24,,,,0.00,,,,,,,48.85,N,Not at Intersection,N,Non-Junction,None,,,         ,Michael,Foster,Clear,Front to Rear,no,no,no,no,no,False
103381153,METROPOLITAN NASHVILLE POLICE DEPT,20220390540,Davidson,Nashville,8/8/2022 4:25:00 PM,2,0,0,36.153270,-86.757740,LEWIS ST,,,,30.00,Feet,South,OLD HERMITAGE AV,,,,0.00,N,Not at Intersection, ,,None,,,         ,Reagan,Heath,,,no,no,no,no,no,False
103381154,METROPOLITAN NASHVILLE POLICE DEPT,20220390346,Davidson,Nashville,8/8/2022 3:51:00 PM,2,0,0,36.077710,-86.695060,I 24,,,,0.00,,,,,,,56.35,N,Not at Intersection,N,Non-Junction,None,,,         ,Megan,Arnett,Clear,Front to Rear,no,no,no,no,no,False
103381170,METROPOLITAN NASHVILLE POLICE DEPT,20220390446,Davidson,Nashville,8/8/2022 4:50:00 PM,2,1,0,36.188900,-86.818180,26TH AVN,,,,156.00,Feet,North,DOWLAN ST,,,,0.00,N,Not at Intersection,N,"Driveway, Alley Access, etc",None,,,         ,Gabriel,Centeno,Cloudy,Angle,no,no,no,no,no,False
103381171,METROPOLITAN NASHVILLE POLICE DEPT,20220390225,Davidson,Nashville,8/8/2022 1:34:00 PM,2,0,0,36.045880,-86.689970,BENZING RD,,,,710.00,Feet,East,BROOK DR,,,,0.00,N,Not at Intersection,N,Non-Junction,None,,,         ,Nathaniel,Myers,Cloudy,Angle,no,no,no,no,no,False
103381172,METROPOLITAN NASHVILLE POLICE DEPT,20220390452,Davidson,Nashville,8/8/2022 4:49:00 PM,2,0,0,36.045520,-86.705070,OLD HICKORY BLVD,,,,216.00,Feet,East,PINECREST DR,,,,0.00,N,Not at Intersection, ,,None,,,         ,Nathaniel,Myers,,,no,no,no,no,no,False
103381173,METROPOLITAN NASHVILLE POLICE DEPT,20220390558,Davidson,Nashville,8/8/2022 5:45:00 PM,2,0,0,36.143040,-86.705430,I 40,,,,0.00,,,,,,,214.45,N,Not at Intersection,N,Non-Junction,None,,,         ,Charis,Holland,Clear,Front to Rear,no,no,no,no,yes,False
103381175,METROPOLITAN NASHVILLE POLICE DEPT,20220390522,Davidson,Nashville,8/8/2022 4:02:00 PM,2,0,0,36.065430,-86.685540,I 24,,,,0.00,,,,,,,57.35,N,Not at Intersection, ,Non-Junction,None,,,         ,Steven,Bowler,Cloudy,"Sideswipe, Same Direction",no,no,no,no,no,False
103381194,METROPOLITAN NASHVILLE POLICE DEPT,20220390504,Davidson,Nashville,8/8/2022 5:35:00 PM,3,2,0,36.109480,-86.835640,ABBOTT MARTIN RD,,,,215.00,Feet,East,CHELMSFORD PL,,,,0.00,N,Not at Intersection,N,Non-Junction,None,,,         ,Brandon,Pedigo,Cloudy,Front to Rear,no,no,no,no,no,False
103381222,METROPOLITAN NASHVILLE POLICE DEPT,20220390403,Davidson,Not in City Limit,8/8/2022 6:53:00 PM,2,0,0,36.263160,-86.712130,OLD HICKORY BLVDW,,,,0.00,,,,,,,0.00,,, ,Non-Junction,None,,,         ,Bradley,Campbell,Clear,Angle,no,no,no,yes,yes,False
103381223,METROPOLITAN NASHVILLE POLICE DEPT,20220390684,Davidson,Nashville,8/8/2022 7:38:00 PM,1,1,0,36.151070,-86.784340,DIVISION ST,,,,0.00,,,12TH AVS,,,,0.00,Y,Four-Way,N,Intersection,None,,,         ,Ian,Pearce,Clear,Not Collision with Motor Vehicle in Transport,no,yes,no,no,yes,False
103381240,METROPOLITAN NASHVILLE POLICE DEPT,20220390549,Davidson,Nashville,8/8/2022 6:00:00 PM,2,1,0,36.157650,-86.773410,KOREAN VETERANS BLVD,,,,0.00,,,3RD AVS,,,,0.00,Y,Four-Way,N,Intersection,None,,,         ,Russell,Freeman,Cloudy,Angle,no,no,no,no,no,False
103381241,METROPOLITAN NASHVILLE POLICE DEPT,20220390678,Davidson,Nashville,8/8/2022 7:37:00 PM,1,0,0,36.083390,-86.762950,I65 N ENT RAMP,,,,0.00,Feet,East,I 65,,,,0.00,N,Not at Intersection,N,Entrance/Exit Ramp Related,None,,,         ,Steven,Powers,Cloudy,Not Collision with Motor Vehicle in Transport,no,no,no,no,no,False
103381264,METROPOLITAN NASHVILLE POLICE DEPT,20220390641,Davidson,Nashville,8/8/2022 5:00:00 PM,2,0,0,36.158720,-86.790450,CHURCH ST,,,,0.00,,,,,,,0.00,,,N,OtherLocation,None,,,         ,Russell,Freeman,Cloudy,Angle,no,no,no,yes,yes,False
103381275,METROPOLITAN NASHVILLE POLICE DEPT,20220390565,Davidson,Nashville,8/8/2022 6:15:00 PM,2,0,0,36.037530,-86.785580,OLD HICKORY BLVD,,,,77.00,Feet,East,WILSON PIKE CIR,,,,0.00,N,Not at Intersection, ,Non-Junction,None,,,         ,Tyler,Shanks,Clear,Angle,no,no,no,no,no,False
103381363,METROPOLITAN NASHVILLE POLICE DEPT,20220390856,Davidson,Nashville,8/8/2022 6:42:00 AM,2,0,0,36.050800,-86.708150,ASH GROVE CT,,,,189.00,Feet,North,ASH GROVE DR,,,,0.00,N,Not at Intersection, ,Non-Junction,None,,,         ,William,Williams,Clear,"Sideswipe, Opposite Direction",no,no,no,no,no,False
103381383,METROPOLITAN NASHVILLE POLICE DEPT,20220390816,Davidson,Antioch,8/8/2022 8:58:00 PM,2,1,0,36.057190,-86.592550,HAMILTON CHURCH RD,,,,0.00,,,MARONEY DR,,,,0.00,Y,T-Intersection,Y,Intersection,None,,,         ,John,McDonnell,Clear,Front to Rear,no,no,no,no,no,False
103381384,METROPOLITAN NASHVILLE POLICE DEPT,20220381998,Davidson,Nashville,8/3/2022 3:45:00 PM,2,0,0,36.167720,-86.761900,SHELBY AV,,,,100.00,Feet,East,S 5TH ST,,,,0.00,N,Not at Intersection,N,Non-Junction,None,,,         ,Andrew,Kooshian,Clear,Angle,no,no,no,no,yes,False
103381420,METROPOLITAN NASHVILLE POLICE DEPT,20220391038,Davidson,Nashville,8/7/2022 8:45:00 PM,2,1,0,36.187780,-86.614010,OLD HICKORY BLVD,,,,592.00,Feet,West,OLD LEBANON DIRT RD,,,,0.00,N,Not at Intersection,N,Non-Junction,None,,,         ,Nelson,Hemingway,,Front to Rear,no,no,no,no,yes,False
103381425,METROPOLITAN NASHVILLE POLICE DEPT,20220390665,Davidson,Nashville,8/8/2022 6:27:00 PM,2,0,0,36.039100,-86.649280,I24 E ENT RAMP,,,,0.00,Feet,East,I 24,,,,0.00,N,Not at Intersection,N,Non-Junction,None,,,         ,Nathaniel,Myers,Cloudy,"Sideswipe, Same Direction",no,no,no,no,no,False
103381426,METROPOLITAN NASHVILLE POLICE DEPT,20220390854,Davidson,Antioch,8/8/2022 8:48:00 PM,2,0,0,36.076820,-86.596410,DAISY TRL,,,,0.00,Feet,East,PHILHALL PKWY,,,,0.00,N,Not at Intersection,N,Non-Junction,None,,,         ,Nathaniel,Myers,Clear,Front to Rear,no,no,no,no,no,False
103381434,METROPOLITAN NASHVILLE POLICE DEPT,20220390992,Davidson,Nashville,8/8/2022 9:23:00 PM,2,0,0,36.148810,-86.666280,ELM HILL PKE,,,,0.00,,,DONELSON PKE,,,,0.00,Y,Four-Way,N,Intersection,None,,,         ,Richard,Luellen,,"Sideswipe, Same Direction",no,no,no,no,yes,False
103381439,METROPOLITAN NASHVILLE POLICE DEPT,20220391138,Davidson,Nashville,8/8/2022 11:42:00 PM,1,1,0,36.253080,-86.847180,DRY FORK RD,,,,807.00,Feet,South,CLARKSVILLE PKE,,,,0.00,N,Not at Intersection,N,Non-Junction,None,,,         ,Tyler,Jordan,Clear,Not Collision with Motor Vehicle in Transport,no,no,no,no,no,False
103381456,METROPOLITAN NASHVILLE POLICE DEPT,20220390559,Davidson,Nashville,8/8/2022 3:15:00 PM,2,0,0,36.178150,-86.751660,S 10TH ST,,,,0.00,,,N 10TH ST,,,,0.00,Y,Four-Way,N,Intersection-Related,None,,,         ,Daniel,Carney,Clear,Front to Rear,no,no,no,no,yes,False
103381471,METROPOLITAN NASHVILLE POLICE DEPT,20220391155,Davidson,Nashville,8/8/2022 11:54:00 PM,2,2,0,36.082100,-86.761700,HARDING PL,,,,0.00,,,SIDCO DR,,,,0.00,Y,Four-Way,N,Intersection,None,,,         ,Mitchell,Cook,Cloudy,Angle,no,no,no,no,no,False
103381472,METROPOLITAN NASHVILLE POLICE DEPT,20220390997,Davidson,Nashville,8/8/2022 8:17:00 PM,2,0,0,36.081100,-86.715440,HARDING PL,,,,97.00,Feet,West,HUMBER DR,,,,0.00,N,Not at Intersection,N,Non-Junction,None,,,         ,Sullivan,Souksanh,Clear,"Sideswipe, Same Direction",no,no,no,no,yes,False
103381481,METROPOLITAN NASHVILLE POLICE DEPT,20220391017,Davidson,Nashville,8/8/2022 12:00:00 AM,1,0,0,36.130090,-86.838410,HARDING PKE,,,,79.00,Feet,East,MONTGOMERY BELL AV,,,,0.00,N,Not at Intersection,N,Non-Junction,None,,,         ,William,Vanbergen,Clear,Not Collision with Motor Vehicle in Transport,no,no,no,no,yes,False
103381509,METROPOLITAN NASHVILLE POLICE DEPT,20220391257,Davidson,Nashville,8/9/2022 2:20:00 AM,1,0,0,36.236270,-86.816160,GREEN LN,,,,231.00,Feet,East,WHITES CREEK PKE,,,,0.00,N,Not at Intersection, ,Non-Junction,None,,,         ,Brian,DeMarce,Clear,Not Collision with Motor Vehicle in Transport,no,no,no,no,no,False
103381560,METROPOLITAN NASHVILLE POLICE DEPT,20220391442,Davidson,Nashville,8/9/2022 5:15:00 AM,1,0,0,36.201450,-86.591590,TULIP GROVE RD,,,,215.00,Feet,North,BROOKSIDE PARK PVTDR,,,,0.00,N,Not at Intersection,N,Non-Junction,None,,,         ,Nelson,Hemingway,Clear,Not Collision with Motor Vehicle in Transport,no,no,no,no,no,False
103381571,METROPOLITAN NASHVILLE POLICE DEPT,20220391406,Davidson,Not in City Limit,8/9/2022 4:36:00 AM,2,0,0,36.308980,-86.824060,I 24,,,,0.00,,,,,,,37.80,N,Not at Intersection, ,Non-Junction,None,,,         ,Emelie,Skye,Clear,Front to Rear,no,no,no,no,no,False
103381581,METROPOLITAN NASHVILLE POLICE DEPT,20220391459,Davidson,Nashville,8/9/2022 12:00:00 AM,1,1,0,36.053980,-86.725280,AMALIE DR,,,,202.00,Feet,South,MCMURRAY DR,,,,0.00,N,Not at Intersection,N,Non-Junction,None,,,         ,Aaron,Brumley,Clear,Unknown,yes,no,no,no,yes,False
103381586,METROPOLITAN NASHVILLE POLICE DEPT,20220390260,Davidson,Nashville,8/8/2022 10:30:00 AM,2,0,0,36.139150,-86.665900,DONELSON PKE,,,,60.00,Feet,North,I40 E ENT RAMP,,,,0.00,N,Not at Intersection,N,Non-Junction,None,,,         ,Todd,Watson,Clear,"Sideswipe, Same Direction",no,no,no,no,yes,False
103381599,METROPOLITAN NASHVILLE POLICE DEPT,20220391580,Davidson,Antioch,8/9/2022 6:48:00 AM,1,0,0,36.046300,-86.582500,LAVERGNE COUCHVILLE PKE,,,,0.00,,,PIN HOOK RD,,,,0.00,Y,T-Intersection, ,Intersection,None,,,         ,Michael,Esposito,Clear,Not Collision with Motor Vehicle in Transport,no,no,no,no,no,False
103381602,METROPOLITAN NASHVILLE POLICE DEPT,20220391499,Davidson,Nashville,8/9/2022 6:20:00 AM,1,0,0,36.079680,-86.624120,MOSSDALE DR,,,,70.00,Feet,North,CLEARWATER DR,,,,0.00,N,Not at Intersection,N,Non-Junction,None,,,         ,Cameron,Fritschie,Clear,Not Collision with Motor Vehicle in Transport,no,no,no,no,yes,False
103381609,METROPOLITAN NASHVILLE POLICE DEPT,20220386959,Davidson,Nashville,8/6/2022 2:51:00 PM,1,1,0,36.134610,-86.788930,12TH AVS,,,,58.00,Feet,North,ACKLEN AV,,,,0.00,N,Not at Intersection,N,Non-Junction,Maintenance Zone,Laneclosure,Activity Area,         ,Christopher,Augustin,Rain,Not Collision with Motor Vehicle in Transport,no,no,no,no,no,False
103381644,METROPOLITAN NASHVILLE POLICE DEPT,20220391714,Davidson,Nashville,8/9/2022 7:25:00 AM,2,0,0,36.207950,-86.767590,DICKERSON PKE,,,,117.00,Feet,South,GRIZZARD AV,,,,0.00,N,Not at Intersection, ,Non-Junction,None,,,         ,Jason,Milyaro Lucas,Clear,Angle,no,no,no,no,no,False
103381662,METROPOLITAN NASHVILLE POLICE DEPT,20220391810,Davidson,Nashville,8/9/2022 8:44:00 AM,1,1,0,36.118070,-86.768949,,,I440W,,0.00,,,,,II65,,0.00,Y,OTHER,Y,Entrance/Exit Ramp Related,None,,,         ,Earl,Davis,Clear,Not Collision with Motor Vehicle in Transport,no,no,no,no,no,False
103381674,METROPOLITAN NASHVILLE POLICE DEPT,20220391391,Davidson,Nashville,8/9/2022 12:00:00 AM,1,1,0,36.249340,-86.757050,DICKERSON PKE,,,,120.00,Feet,South,OLD DUE WEST AV,,,,0.00,N,Not at Intersection,N,Non-Junction,None,,,         ,Paul,Hughes II,Clear,Not Collision with Motor Vehicle in Transport,no,no,no,no,yes,False