master_record_number,agency,agency_tracking_number,county,city,collision_date,vehicles_involved,number_injured,number_dead,latitude,longitude,roadway_name,roadway_suffix,roadway_number,roadway_local_id,distance_from_reference,miles-feet_indicator,direction_from_reference,intersection_road_name,intersection_road_name_suffix,intersection_road_number,intersection_local_id,mile_marker,intersection_indicator,intersect_type,interchange_related_indicator,relation_to_junction,work_zone_type,construction_maintenance_zone,construction_maintenance_zone_location,fatal_case_number,officer_first_name,officer_last_name,weather_condition(s),manner_of_crash,pedestrian,bicycle,scooter,parking,hitrun,mou
103382462,METROPOLITAN NASHVILLE POLICE DEPT,20220393503,Davidson,Nashville,8/10/2022 12:00:00 AM,1,0,0,36.221640,-86.726360,GALLATIN PKE,,,,195.00,Feet,North,MCALPINE AV,,,,0.00,N,Not at Intersection,N,Non-Junction,None,,,         ,Shaquille,Graham,Clear,Not Collision with Motor Vehicle in Transport,no,no,no,no,no,False
103382465,METROPOLITAN NASHVILLE POLICE DEPT,20220393519,Davidson,Nashville,8/10/2022 12:57:00 AM,1,1,0,36.048970,-86.775880,I 65,,,,0.00,,,,,,,75.40,N,Not at Intersection,N,Non-Junction,None,,,         ,Tony,Mingsing,Clear,Not Collision with Motor Vehicle in Transport,no,no,no,no,no,False
103382474,METROPOLITAN NASHVILLE POLICE DEPT,20220393577,Davidson,Nashville,8/10/2022 2:15:00 AM,1,0,0,36.209390,-86.713790,COOPER LN,,,,0.00,,,RIVERWOOD DR,,,,0.00,Y,OTHER,Y,Intersection,None,,,         ,Jarrett,Ipox,Clear,Not Collision with Motor Vehicle in Transport,no,no,no,no,yes,False
103382563,METROPOLITAN NASHVILLE POLICE DEPT,2022039829,Davidson,Nashville,8/10/2022 6:55:00 AM,2,0,0,36.012840,-86.620830,OLD HICKORY BLVD,,,,3.00,Feet,North,I24 E ENT RAMP,,,,0.00,N,Not at Intersection, ,Non-Junction,None,,,         ,Leonard,Cato,Cloudy,"Sideswipe, Same Direction",no,no,no,no,no,False
103382564,GOODLETTSVILLE POLICE DEPT,22-24467,Davidson,Goodlettsville,8/10/2022 6:50:00 AM,2,0,0,36.312180,-86.677750,VIETNAM VETERANS BLVDS,,,,1440.00,Feet,West,VIETNAM VETERANS BLVDN,,,,0.00,N,Not at Intersection,N,Non-Junction,None,,,         ,Benny,Alexander,Cloudy,Front to Rear,no,no,no,no,no,False
103382582,METROPOLITAN NASHVILLE POLICE DEPT,20220393955,Davidson,Nashville,8/10/2022 7:25:00 AM,2,0,0,36.111430,-86.811270,HILLSBORO PKE,,,,79.00,Feet,North,GRAYBAR LN,,,,0.00,N,Not at Intersection, ,Non-Junction,None,,,         ,Richard,Gilbert,Clear,Angle,no,no,no,no,no,False
103382616,METROPOLITAN NASHVILLE POLICE DEPT,20220393990,Davidson,Nashville,8/10/2022 7:40:00 AM,2,0,0,36.048790,-86.706710,HICKORY VALLEY CONDOS PVTDR,,,,0.00,Feet,,COUNTRY DR,,,,0.00,Y,T-Intersection, ,Intersection-Related,None,,,         ,Kody,Littles,Clear,Angle,no,no,no,no,no,False
103382618,METROPOLITAN NASHVILLE POLICE DEPT,20220394130,Davidson,Antioch,8/10/2022 7:57:00 AM,2,0,0,36.055150,-86.618110,MOUNT VIEW,RD,,,341.47,Feet,North,MURFREESBORO,PIKE,US,,0.00,N,Not at Intersection,N,Non-Junction,None,,,         ,Joe,Hooper,Clear,"Sideswipe, Same Direction",no,no,no,no,yes,False
103382628,METROPOLITAN NASHVILLE POLICE DEPT,20220394075,Davidson,Nashville,8/10/2022 7:30:00 AM,2,0,0,36.155620,-86.827950,I 40,,,,0.00,,,,,,,205.60,N,Not at Intersection,N,Non-Junction,None,,,         ,Ryan,Caulfield,Cloudy,Front to Rear,no,no,no,no,yes,False
103382629,METROPOLITAN NASHVILLE POLICE DEPT,20220392508,Davidson,Nashville,8/9/2022 12:00:00 AM,2,0,0,36.200670,-86.776740,I 65,,,,0.00,,,,,,,86.90,N,Not at Intersection,N,Non-Junction,None,,,         ,Jean,McCormack,Clear,Angle,no,no,no,no,no,False
103382649,BERRY HILL POLICE DEPT,22-2151,Davidson,Berry Hill,8/1/2022 12:21:00 PM,1,1,0,36.124230,-86.776540,FRANKLIN PKE,,,,275.00,Feet,South,INVERNESS AV,,,,0.00,N,Not at Intersection,N,Non-Junction,None,,,         ,Ronnie,Hill,Cloudy,Not Collision with Motor Vehicle in Transport,yes,no,no,no,no,False
103382661,METROPOLITAN NASHVILLE POLICE DEPT,20220394230,Davidson,Antioch,8/9/2022 1:18:00 PM,2,0,0,36.035440,-86.610700,OLD HICKORY BLVD,,,,212.00,Feet,South,HOBSON PKE,,,,0.00,N,Not at Intersection,N,Non-Junction,None,,,         ,Joe,Hooper,Clear,"Sideswipe, Same Direction",no,no,no,yes,yes,False
103382665,METROPOLITAN NASHVILLE POLICE DEPT,20220394003,Davidson,Madison,8/10/2022 7:55:00 AM,2,0,0,36.256370,-86.717180,MADISON SQ,,,,757.00,Feet,West,GALLATIN PKES,,,,0.00,N,Not at Intersection, ,Non-Junction,None,,,         ,Michael,Reid,Cloudy,Front to Rear,no,no,no,no,no,False
103382667,METROPOLITAN NASHVILLE POLICE DEPT,20220394200,Davidson,Goodlettsville,8/10/2022 9:43:00 AM,2,1,0,36.287950,-86.725700,I 65,,,,0.00,,,,,,,94.00,N,Not at Intersection,N,Non-Junction,None,,,         ,Christopher,Littles,Clear,"Sideswipe, Same Direction",no,no,no,no,no,False
103382674,Nashville Airport Police,2022-03250,Davidson,Nashville,8/3/2022 11:50:00 AM,2,1,0,36.137170,-86.664870,SATELLITE WAY,,,,0.00,,,SATELLITE WAY ENT RAMP,,,,0.00,Y,T-Intersection,Y,Intersection-Related,None,,,         ,Jacob,Webb,Clear,Angle,no,no,no,no,no,False
103382675,METROPOLITAN NASHVILLE POLICE DEPT,20220394259,Davidson,Nashville,8/10/2022 9:14:00 AM,2,0,0,36.181690,-86.607220,OLD HICKORY BLVD,,,,300.00,Feet,East,ANDREW JACKSON WAY,,,,0.00,N,Not at Intersection,N,Non-Junction,None,,,         ,Keith,Covert,Cloudy,Front to Rear,no,no,no,no,yes,False
103382676,VANDERBILT UNIVERSITY POLICE,20220394295,Davidson,Nashville,8/10/2022 12:00:00 AM,1,0,0,36.149690,-86.801220,21ST AVS,,,,0.00,,,,,,,0.00,,Not at Intersection, ,Non-Junction,None,,,         ,Cheryl,Bradley,,Unknown,no,no,no,yes,no,Campus
103382678,METROPOLITAN NASHVILLE POLICE DEPT,20220394189,Davidson,Nashville,8/10/2022 9:31:00 AM,2,1,0,36.149320,-86.782050,I 40,,,,0.00,,,,,,,209.65,N,Not at Intersection,N,Non-Junction,None,,,         ,Johnathan,Carlisle,Clear,Front to Rear,no,no,no,no,no,False
103382683,METROPOLITAN NASHVILLE POLICE DEPT,20220394362,Davidson,Nashville,8/10/2022 11:05:00 AM,2,0,0,36.088850,-86.702090,I 24,,,,0.00,,,,,,,55.50,N,Not at Intersection,Y,Entrance/Exit Ramp Related,None,,,         ,Beri,Scott,Clear,"Sideswipe, Same Direction",no,no,no,no,no,False
103382699,METROPOLITAN NASHVILLE POLICE DEPT,20220394398,Davidson,Nashville,8/10/2022 11:16:00 AM,2,0,0,36.116600,-86.697580,MCGAVOCK PKE,,,,106.00,Feet,North,MURFREESBORO PKE,,,,0.00,N,Not at Intersection, ,Non-Junction,None,,,         ,Jason,Hees,Clear,Front to Rear,no,no,no,no,yes,False
103382729,METROPOLITAN NASHVILLE POLICE DEPT,20220394053,Davidson,Nashville,8/10/2022 7:56:00 AM,2,0,0,36.155850,-86.769850,RUTLEDGE ST,,,,9.00,Feet,South,LEA AV,,,,0.00,N,Not at Intersection, ,,None,,,         ,Trenton,Searcy,,,no,no,no,no,no,False
103382730,METROPOLITAN NASHVILLE POLICE DEPT,2022039,Davidson,Not in City Limit,8/5/2022 12:30:00 PM,2,0,0,36.284200,-86.706610,GALLATIN PKEN,,,,379.00,Feet,North,EDGEMEADE BLVD,,,,0.00,N,Not at Intersection,N,OtherLocation,None,,,         ,Joshua,Hausman,Clear,"Sideswipe, Opposite Direction",no,no,no,yes,yes,False
103382761,METROPOLITAN NASHVILLE POLICE DEPT,20220394430,Davidson,Nashville,8/10/2022 12:14:00 PM,2,0,0,36.161230,-86.849050,51ST AVN,,,,100.00,Feet,North,TENNESSEE AV,,,,0.00,N,Not at Intersection,N,Non-Junction,None,,,         ,Jean-Claude,Beaudu Jr.,Cloudy,Angle,no,no,no,no,yes,False
103382779,METROPOLITAN NASHVILLE POLICE DEPT,20220394534,Davidson,Nashville,8/10/2022 12:22:00 PM,2,0,0,36.137770,-86.800730,21ST AVS,,,,73.00,Feet,North,WEDGEWOOD AV,,,,0.00,N,Not at Intersection,N,Non-Junction,None,,,         ,Ryan,Caulfield,Cloudy,"Sideswipe, Same Direction",no,no,no,no,yes,Campus
103382785,METROPOLITAN NASHVILLE POLICE DEPT,20220394399,Davidson,Nashville,8/10/2022 11:30:00 AM,2,0,0,36.087410,-86.730770,NOLENSVILLE PKE,,,,253.00,Feet,North,ELYSIAN FIELDS CT,,,,0.00,N,Not at Intersection,N,"Driveway, Alley Access, etc",None,,,         ,Todd,Watson,Clear,Angle,no,no,no,no,yes,False
103382794,METROPOLITAN NASHVILLE POLICE DEPT,20220394147,Davidson,Nashville,8/10/2022 9:00:00 AM,1,1,0,36.151700,-86.858080,I40 E EXT RAMP,,,,0.00,Feet,East,I 40,,,,0.00,N,Not at Intersection,Y,Entrance/Exit Ramp Related,None,,,         ,George,Spencer,Clear,Not Collision with Motor Vehicle in Transport,no,no,no,no,no,False
103382811,METROPOLITAN NASHVILLE POLICE DEPT,20220394550,Davidson,Madison,8/10/2022 1:25:00 PM,2,0,0,36.289100,-86.704370,GALLATIN PKEN,,,,650.00,Feet,South,ALTUS AV,,,,0.00,N,Not at Intersection, ,Non-Junction,None,,,         ,Christopher,Littles,Cloudy,HeadOn,no,no,no,no,no,False
103382827,METROPOLITAN NASHVILLE POLICE DEPT,20220394560,Davidson,Nashville,8/10/2022 1:28:00 PM,2,0,0,36.111170,-86.755340,THOMPSON LN,,,,33.00,Feet,West,SIDCO DR,,,,0.00,N,Not at Intersection, ,Non-Junction,None,,,         ,Richard,Gilbert,Clear,Front to Rear,no,no,no,no,no,False
103382848,METROPOLITAN NASHVILLE POLICE DEPT,20220394616,Davidson,Madison,8/10/2022 2:00:00 PM,2,1,0,36.295470,-86.698020,MYATT DR,,,,15.00,Feet,South,RIVERGATE BUSINESS CENTER PVTD,,,,0.00,N,Not at Intersection,N,"Driveway, Alley Access, etc",None,,,         ,Travis,Baxter,Rain,Angle,no,no,no,no,no,False
103382852,METROPOLITAN NASHVILLE POLICE DEPT,20220394592,Davidson,Nashville,8/10/2022 9:35:00 AM,2,0,0,36.142560,-86.842950,47TH AVN,,,,115.00,Feet,North,COLORADO AV,,,,0.00,N,Not at Intersection, ,Non-Junction,None,,,         ,Douglas,Atwood,Cloudy,Unknown,no,no,no,no,yes,False
103382866,METROPOLITAN NASHVILLE POLICE DEPT,20220394662,Davidson,Nashville,8/10/2022 2:42:00 PM,2,0,0,36.074820,-86.759160,TROUSDALE DR,,,,0.00,,,BLACKMAN RD,,,,0.00,Y,T-Intersection,N,Intersection,None,,,         ,Brent,Bauer,Cloudy,Angle,no,no,no,no,yes,False
103382867,METROPOLITAN NASHVILLE POLICE DEPT,20220394503,Davidson,Nashville,8/10/2022 12:59:00 PM,2,2,0,36.239810,-86.631350,OLD HICKORY BLVD,,,,0.00,,,ANTHONY ST,,,,0.00,Y,T-Intersection,N,Non-Junction,None,,,         ,Corey,Schulz,Cloudy,Angle,no,no,no,no,no,False
103382885,METROPOLITAN NASHVILLE POLICE DEPT,20220394646,Davidson,Nashville,8/10/2022 2:35:00 PM,2,1,0,36.141910,-86.640610,TIMBER VALLEY DR,,,,0.00,Feet,North,ELM HILL PKE,,,,0.00,N,Not at Intersection,Y,Non-Junction,None,,,         ,Aimee,Ortiz,"Cloudy, Rain",Front to Rear,no,no,no,no,no,False
103382887,GOODLETTSVILLE POLICE DEPT,22-24502,Davidson,Goodlettsville,8/10/2022 2:45:00 PM,1,0,0,36.312090,-86.679650,VIETNAM VETERANS BLVDS,,,,1097.00,Feet,East,VIETNAM VETERANS BLVDN,,,,0.00,N,Not at Intersection,N,Non-Junction,None,,,         ,Benny,Alexander,Rain,Not Collision with Motor Vehicle in Transport,no,no,no,no,no,False
103382892,METROPOLITAN NASHVILLE POLICE DEPT,20220394643,Davidson,Nashville,8/10/2022 2:25:00 PM,2,0,0,36.123070,-86.750210,I 440,,,,0.00,,,NOLENSVILLE PKE,,,,0.00,Y,OTHER,N,Non-Junction,None,,,         ,Laura,Williams,Cloudy,Front to Rear,no,no,no,no,no,False
103382924,METROPOLITAN NASHVILLE POLICE DEPT,20220394637,Davidson,Nashville,8/10/2022 2:10:00 PM,2,0,0,36.159080,-86.782220,ROSA L PARKS BLVD,,,,74.00,Feet,North,BROADWAY,,,,0.00,N,Not at Intersection,N,Non-Junction,None,,,         ,Eric,Ziegler,Rain,"Sideswipe, Same Direction",no,no,no,no,yes,False
103382937,METROPOLITAN NASHVILLE POLICE DEPT,20220394214,Davidson,Nashville,8/10/2022 9:50:00 AM,2,0,0,36.098960,-86.717510,ANTIOCH PKE,,,,0.00,,,MCCALL ST,,,,0.00,Y,T-Intersection, ,Intersection,None,,,         ,Donald,Davidson,Clear,Front to Rear,no,no,no,no,no,False
103382942,METROPOLITAN NASHVILLE POLICE DEPT,20220394384,Davidson,Nashville,8/10/2022 9:49:00 AM,2,0,0,36.141180,-86.662820,I40 W EXT RAMP,,,,193.00,Feet,East,I 40,,,,0.00,N,Not at Intersection,N,Non-Junction,None,,,         ,Frank,Walker,Clear,Angle,no,no,no,no,yes,False
103382944,METROPOLITAN NASHVILLE POLICE DEPT,20220394747,Davidson,Nashville,8/10/2022 2:20:00 PM,2,0,0,36.151590,-86.860470,I40 E EXT RAMP,,,,60.00,Feet,East,I 40,,,,0.00,N,Not at Intersection, ,,None,,,         ,Robert,Crow,,,no,no,no,no,no,False
103382963,METROPOLITAN NASHVILLE POLICE DEPT,20220394738,Davidson,Nashville,8/10/2022 2:50:00 PM,2,0,0,36.109800,-86.770140,I 65,,,,0.00,,,,,,,79.75,N,Not at Intersection,N,Non-Junction,None,,,         ,Samantha,Held,Rain,Front to Rear,no,no,no,no,no,False
103382976,METROPOLITAN NASHVILLE POLICE DEPT,20220394664,Davidson,Nashville,8/10/2022 2:25:00 PM,2,0,0,36.177020,-86.754470,MAIN ST,,,,343.00,Feet,East,MCFERRIN AV,,,,0.00,N,Not at Intersection, ,Non-Junction,None,,,         ,Justen,Ogle,Rain,Front to Rear,no,no,no,no,no,False
103382992,METROPOLITAN NASHVILLE POLICE DEPT,20220394766,Davidson,Nashville,8/10/2022 3:30:00 PM,3,0,0,36.193640,-86.809890,GRANSTAFF APTS @ METROCENTER P,,,,0.00,,,ROSA L PARKS BLVD,,,,0.00,Y,OTHER,N,Intersection,None,,,         ,Scarlett,Collins,Cloudy,Unknown,no,no,no,no,yes,False
103383006,METROPOLITAN NASHVILLE POLICE DEPT,20220394791,Davidson,Nashville,8/10/2022 4:00:00 PM,3,1,0,36.153340,-86.724430,LEBANON PKE,,,,858.00,Feet,West,SPENCE LN,,,,0.00,N,Not at Intersection,N,"Driveway, Alley Access, etc",None,,,         ,Donovan,Coble,Rain,Angle,no,no,no,no,yes,False
103383009,METROPOLITAN NASHVILLE POLICE DEPT,20220394795,Davidson,Antioch,8/10/2022 4:10:00 PM,2,0,0,36.046420,-86.610440,MURFREESBORO PKE,,,,579.00,Feet,North,MOUNTAIN SPRINGS RD,,,,0.00,N,Not at Intersection,N,Non-Junction,None,,,         ,Nathaniel,Myers,Cloudy,Front to Rear,no,no,no,yes,no,False
103383011,METROPOLITAN NASHVILLE POLICE DEPT,20220394819,Davidson,Nashville,8/10/2022 4:27:00 PM,1,0,0,36.128530,-86.900560,I 40,,,,0.00,,,,,,,200.90,N,Not at Intersection,Y,Non-Junction,None,,,         ,Stephen,Sciolinos,Rain,Not Collision with Motor Vehicle in Transport,no,no,no,no,no,False
103383042,METROPOLITAN NASHVILLE POLICE DEPT,20220394862,Davidson,Nashville,8/10/2022 4:15:00 PM,2,0,0,36.171870,-86.797050,11TH AVN,,,,0.00,Feet,East,JEFFERSON ST,,,,0.00,N,Not at Intersection,N,Non-Junction,None,,,         ,Michael,Suagua,Cloudy,"Sideswipe, Same Direction",no,no,no,no,yes,False
103383047,METROPOLITAN NASHVILLE POLICE DEPT,20220394673,Davidson,Nashville,8/10/2022 2:31:00 PM,2,0,0,36.143010,-86.745000,MURFREESBORO PKE,,,,202.00,Feet,West,FESSLERS LN,,,,0.00,N,Not at Intersection,N,"Driveway, Alley Access, etc",None,,,         ,Charles,Large,Rain,Angle,no,no,no,no,no,False
103383053,METROPOLITAN NASHVILLE POLICE DEPT,20220394814,Davidson,Nashville,8/10/2022 4:26:00 PM,2,0,0,36.175110,-86.767490,MAIN ST ENT RAMP,,,,0.00,Feet,East,ELLINGTON PKWYS,,,,0.00,N,Not at Intersection, ,Non-Junction,None,,,         ,Alexandra,Wall,Rain,Front to Rear,no,no,no,no,no,False
103383055,METROPOLITAN NASHVILLE POLICE DEPT,20220394808,Davidson,Nashville,8/10/2022 2:12:00 PM,2,0,0,36.141630,-86.672610,I 40,,,,0.00,,,,,,,216.25,N,Not at Intersection, ,Non-Junction,None,,,         ,Douglas,Mann,"Cloudy, Rain",Front to Rear,no,no,no,no,yes,False
103383062,METROPOLITAN NASHVILLE POLICE DEPT,20220394921,Davidson,Nashville,8/10/2022 5:36:00 PM,2,1,0,36.124940,-86.734380,I 440,,,,0.00,,,,,,,0.00,,,N,Non-Junction,None,,,         ,Andrew,Brazee,Cloudy,Front to Rear,no,no,no,no,no,False
103383064,METROPOLITAN NASHVILLE POLICE DEPT,20220395006,Davidson,Nashville,8/10/2022 6:13:00 PM,2,0,0,36.073290,-86.719200,HOPEWOOD CT,,,,95.00,Feet,South,HOPEWOOD DR,,,,0.00,N,Not at Intersection,N,Non-Junction,None,,,         ,Laura,Williams,Clear,Front to Rear,no,no,no,yes,yes,False
103383085,METROPOLITAN NASHVILLE POLICE DEPT,20220394822,Davidson,Not in City Limit,8/10/2022 4:28:00 PM,1,1,0,36.105420,-86.930460,I 40,,,,0.00,,,,,,,198.70,N,Not at Intersection,N,Non-Junction,None,,,         ,Kevin,Smithson,Rain,Not Collision with Motor Vehicle in Transport,no,no,no,no,no,False
103383086,METROPOLITAN NASHVILLE POLICE DEPT,20220394853,Davidson,Nashville,8/10/2022 4:50:00 PM,2,1,0,36.136760,-86.883520,CHARLOTTE PKE,,,,0.00,,,SUMMERLY DR,,,,0.00,Y,T-Intersection,N,Intersection,None,,,         ,Ryan,Wright,Rain,HeadOn,no,no,no,yes,no,False
103383114,METROPOLITAN NASHVILLE POLICE DEPT,20220395043,Davidson,Nashville,8/10/2022 5:30:00 PM,2,1,0,36.159300,-86.792190,I 40,,,,0.00,,,,,,,208.20,N,Not at Intersection,N,Non-Junction,None,,,         ,Jacob,Yore,Rain,Front to Rear,no,no,no,no,yes,False
103383130,METROPOLITAN NASHVILLE POLICE DEPT,20220395098,Davidson,Not in City Limit,8/10/2022 6:44:00 PM,2,1,0,36.258500,-86.738280,I 65,,,,0.00,,,,,,,91.80,N,Not at Intersection,N,Non-Junction,None,,,         ,DuJuan,Kendrick,Clear,Front to Rear,no,no,no,no,no,False
103383144,METROPOLITAN NASHVILLE POLICE DEPT,20220394986,Davidson,Nashville,8/10/2022 12:00:00 AM,2,0,0,36.154630,-86.779160,LAFAYETTE ST,,,,0.00,,,8TH AVS,,,,0.00,Y,Roundabout,Y,Intersection,None,,,         ,Trevor,Taylor,Cloudy,Angle,no,no,no,no,no,False
103383163,METROPOLITAN NASHVILLE POLICE DEPT,20220395118,Davidson,Nashville,8/10/2022 7:00:00 PM,2,0,0,36.137800,-86.802540,BLAKEMORE AV,,,,168.00,Feet,East,23RD AVS,,,,0.00,N,Not at Intersection, ,Non-Junction,None,,,         ,Cory,Stratton,Clear,Front to Rear,no,no,no,no,no,Campus
103383181,METROPOLITAN NASHVILLE POLICE DEPT,20220395083,Davidson,Nashville,8/10/2022 7:12:00 PM,2,0,0,36.175130,-86.784750,3RD AVN,,,,47.00,Feet,North,JEFFERSON ST,,,,0.00,N,Not at Intersection, ,,None,,,         ,Kelcey,Bell,,,no,no,no,no,no,False
103383189,METROPOLITAN NASHVILLE POLICE DEPT,20220395255,Davidson,Nashville,8/10/2022 8:38:00 PM,2,2,0,36.155550,-86.786810,12TH AVS,,,,0.00,Feet,,MCGAVOCK ST,,,,0.00,Y,Four-Way,N,Intersection,None,,,         ,Jacob,Yore,Clear,Angle,no,no,no,no,no,False
103383191,METROPOLITAN NASHVILLE POLICE DEPT,20220395018,Davidson,Nashville,8/10/2022 3:37:00 PM,1,0,0,36.160640,-86.812550,BOOKER ST,,,,149.00,Feet,West,24TH AVN,,,,0.00,N,Not at Intersection,N,Non-Junction,None,,,         ,Lucas,Thomas,Clear,Not Collision with Motor Vehicle in Transport,no,no,no,no,yes,False
103383203,METROPOLITAN NASHVILLE POLICE DEPT,20220395179,Davidson,Not in City Limit,8/10/2022 7:59:00 PM,2,1,0,36.073780,-86.933310,HIGHWAY 70S,,,,0.00,,,MYHR GREEN,,,,0.00,Y,T-Intersection,N,Non-Junction,None,,,         ,Ryan,Wright,Clear,Angle,no,no,no,no,yes,False
103383223,METROPOLITAN NASHVILLE POLICE DEPT,20220394959,Davidson,Nashville,8/10/2022 5:57:00 PM,2,1,0,36.045520,-86.711720,OLD HICKORY BLVD,,,,459.00,Feet,East,NOLENSVILLE PKE,,,,0.00,N,Not at Intersection,N,Non-Junction,None,,,         ,Nathaniel,Myers,Cloudy,Angle,no,no,no,no,no,False
103383224,METROPOLITAN NASHVILLE POLICE DEPT,20220395147,Davidson,Nashville,8/10/2022 7:36:00 PM,2,0,0,36.049980,-86.649500,BELL RD,,,,0.00,,,MT VIEW RD,,,,0.00,Y,Four-Way,N,Intersection-Related,None,,,         ,Nathaniel,Myers,Cloudy,Front to Rear,no,no,no,no,yes,False
103383225,METROPOLITAN NASHVILLE POLICE DEPT,20220395090,Davidson,Nashville,8/10/2022 7:13:00 PM,2,1,0,36.045490,-86.712010,OLD HICKORY BLVD,,,,372.00,Feet,East,NOLENSVILLE PKE,,,,0.00,N,Not at Intersection,N,Non-Junction,None,,,         ,Nathaniel,Myers,Cloudy,Rear to Rear,no,no,no,yes,no,False
103383235,METROPOLITAN NASHVILLE POLICE DEPT,20220394973,Davidson,Not in City Limit,8/10/2022 6:05:00 PM,2,4,0,36.264210,-86.733860,HEAD DR,,,,0.00,Feet,,OLD HICKORY BLVDW,,,,0.00,Y,T-Intersection,Y,Intersection,None,,,         ,Joshua,Warren,Clear,Angle,no,no,no,no,no,False
103383241,METROPOLITAN NASHVILLE POLICE DEPT,20220394797,Davidson,Nashville,8/10/2022 4:10:00 PM,2,2,0,36.223950,-86.806220,KNIGHT DR,,,,92.00,Feet,North,WHITES CREEK PKE,,,,0.00,N,Not at Intersection,N,Non-Junction,None,,,         ,Gabriel,Centeno,Rain,Front to Rear,no,no,no,no,no,False
103383243,METROPOLITAN NASHVILLE POLICE DEPT,20220395308,Davidson,Nashville,8/10/2022 8:45:00 PM,1,0,0,36.226810,-86.759850,US HWY 31W,,,,363.00,Feet,North,HILLHURST DR,,,,0.00,N,Not at Intersection,N,Non-Junction,None,,,         ,Alexandra,Wall,Cloudy,Not Collision with Motor Vehicle in Transport,no,no,no,no,yes,False
103383246,METROPOLITAN NASHVILLE POLICE DEPT,20220395473,Davidson,Nashville,8/7/2022 10:00:00 PM,2,0,0,36.046850,-86.679410,BELL RD,,,,0.00,,,BRITTANY PARK DR,,,,0.00,Y,OTHER,N,Non-Junction,None,,,         ,Dillon,Gann,Unknown,"Sideswipe, Opposite Direction",no,no,no,yes,yes,False
103383254,METROPOLITAN NASHVILLE POLICE DEPT,20220393046,Davidson,Nashville,8/9/2022 9:10:00 PM,2,5,0,36.118550,-86.700630,MURFREESBORO PKE,,,,129.00,Feet,North,BRILEY PKWY S ENT RAMP,,,,0.00,N,Not at Intersection,N,Entrance/Exit Ramp Related,None,,,         ,Sean,McConnell,Clear,HeadOn,no,no,no,no,no,False
103383264,METROPOLITAN NASHVILLE POLICE DEPT,20220395412,Davidson,Nashville,8/10/2022 10:12:00 PM,3,1,0,36.154200,-86.759160,I 40,,,,0.00,,,,,,,211.00,N,Not at Intersection,Y,OtherLocation,None,,,         ,Douglas,Mann,Clear,Angle,no,no,no,no,no,False
103383266,METROPOLITAN NASHVILLE POLICE DEPT,20220394939,Davidson,Nashville,8/10/2022 5:47:00 PM,2,1,0,36.059340,-86.919620,HIGHWAY 100,,,,280.00,Feet,South,LONDON WAY,,,,0.00,N,Not at Intersection,N,Non-Junction,None,,,         ,Steven,Begley,Clear,Front to Rear,no,no,no,no,no,False
103383269,METROPOLITAN NASHVILLE POLICE DEPT,20220395652,Davidson,Nashville,8/11/2022 12:19:00 AM,2,0,0,36.161540,-86.775970,3RD AVS,,,,0.00,Feet,East,BROADWAY,,,,0.00,N,Not at Intersection, ,Non-Junction,None,,,         ,Brenton,Adcox,Cloudy,"Sideswipe, Same Direction",no,no,no,no,no,False
103383281,METROPOLITAN NASHVILLE POLICE DEPT,20220395519,Davidson,Nashville,8/10/2022 11:09:00 PM,2,0,0,36.192320,-86.616300,JUAREZ DR,,,,0.00,Feet,,OLD HICKORY BLVD,,,,0.00,Y,Four-Way,Y,Intersection-Related,None,,,         ,Bryan,Malone,,Angle,no,no,no,no,yes,False
103383337,GOODLETTSVILLE POLICE DEPT,22-24509,Davidson,Goodlettsville,8/10/2022 3:48:00 PM,2,0,0,36.318050,-86.702050,I 65,,,,0.00,,,,,,,96.55,N,Not at Intersection, ,Non-Junction,None,,,         ,Nicholas,Given,Cloudy,Front to Rear,no,no,no,no,no,False
103383346,GOODLETTSVILLE POLICE DEPT,22-24514,Davidson,Goodlettsville,8/10/2022 5:08:00 PM,2,0,0,36.294730,-86.728680,US HWY 31W,,,,1090.00,Feet,North,ROBERT CARTWRIGHT DR,,,,0.00,N,Not at Intersection, ,Non-Junction,None,,,         ,Dequionta,Rucker,Clear,"Sideswipe, Same Direction",no,no,no,no,no,False
103383359,VANDERBILT UNIVERSITY POLICE,20220394441,Davidson,Nashville,8/10/2022 11:30:00 AM,2,0,0,36.108850,-86.766080,POWELL AV,,,,1280.00,Feet,South,THOMPSON LN,,,,0.00,N,Not at Intersection, ,OtherLocation,None,,,         ,Anthony,Jones,Cloudy,Front to Rear,no,no,no,yes,no,False
103383420,METROPOLITAN NASHVILLE POLICE DEPT,20220396031,Davidson,Nashville,8/11/2022 6:35:00 AM,2,0,0,36.147110,-86.743770,I 40,,,,0.00,,,,,,,212.00,N,Not at Intersection,N,Non-Junction,None,,,         ,Patrick,Lancaster,Cloudy,"Sideswipe, Same Direction",no,no,no,no,yes,False
103383421,METROPOLITAN NASHVILLE POLICE DEPT,20220396285,Davidson,Nashville,8/11/2022 8:17:00 AM,2,0,0,36.075660,-86.647800,DOVER GLEN DR,,,,0.00,,,EDGE O LAKE DR,,,,0.00,Y,Four-Way, ,,None,,,         ,Tavin,Emlund,,,no,no,no,no,no,False