master_record_number,agency,agency_tracking_number,county,city,collision_date,vehicles_involved,number_injured,number_dead,latitude,longitude,roadway_name,roadway_suffix,roadway_number,roadway_local_id,distance_from_reference,miles-feet_indicator,direction_from_reference,intersection_road_name,intersection_road_name_suffix,intersection_road_number,intersection_local_id,mile_marker,intersection_indicator,intersect_type,interchange_related_indicator,relation_to_junction,work_zone_type,construction_maintenance_zone,construction_maintenance_zone_location,fatal_case_number,officer_first_name,officer_last_name,weather_condition(s),manner_of_crash,pedestrian,bicycle,scooter,parking,hitrun,mou
103384467,METROPOLITAN NASHVILLE POLICE DEPT,20220398325,Davidson,Nashville,8/12/2022 8:15:00 AM,2,0,0,36.139420,-86.819710,MURPHY RD,,,,65.00,Feet,East,PARK DR,,,,0.00,N,Not at Intersection,N,Non-Junction,None,,,         ,Ryan,Caulfield,Cloudy,HeadOn,no,no,no,no,no,False
103384476,METROPOLITAN NASHVILLE POLICE DEPT,20220398327,Davidson,Nashville,8/12/2022 8:45:00 AM,2,1,0,36.189070,-86.607230,ANDREW JACKSON PKWY,,,,299.00,Feet,West,CHANDLER RD,,,,0.00,N,Not at Intersection,N,Non-Junction,None,,,         ,Peabo,McAlmont,Clear,Front to Rear,no,no,no,no,no,False
103384477,METROPOLITAN NASHVILLE POLICE DEPT,20220398118,Davidson,Nashville,8/12/2022 6:45:00 AM,2,0,0,36.201410,-86.776840,I 65,,,,0.00,,,,,,,86.95,N,Not at Intersection,N,Non-Junction,None,,,         ,Judah,Parker,Clear,"Sideswipe, Same Direction",no,no,no,no,yes,False
103384494,METROPOLITAN NASHVILLE POLICE DEPT,20220398329,Davidson,Nashville,8/12/2022 7:57:00 AM,2,0,0,36.156010,-86.788850,13TH AVS,,,,0.00,,,GEORGE L DAVIS BLVD,,,,0.00,Y,Four-Way, ,,None,,,         ,Johnathan,Carlisle,,,no,no,no,no,no,False
103384498,METROPOLITAN NASHVILLE POLICE DEPT,20220298258,Davidson,Nashville,8/12/2022 8:01:00 AM,2,1,0,36.176900,-86.773530,SPRING ST,,,,183.00,Feet,West,EXIT 47A,,,,0.00,N,Not at Intersection,N,Non-Junction,None,,,         ,Charles,Large,Clear,Front to Rear,no,no,no,no,no,False
103384502,METROPOLITAN NASHVILLE POLICE DEPT,20220398380,Davidson,Nashville,8/12/2022 12:00:00 AM,2,0,0,36.068460,-86.692190,CUMBERLAND LANES PVTDR,,,,293.00,Feet,South,I24 E ENT RAMP,,,,0.00,N,Not at Intersection, ,Non-Junction,None,,,         ,Zachary,Wilbanks,Clear,Angle,no,no,no,yes,yes,False
103384512,METROPOLITAN NASHVILLE POLICE DEPT,20220397876,Davidson,Nashville,8/12/2022 1:48:00 AM,1,1,0,36.150100,-86.766200,LAFAYETTE ST,,,,139.00,Feet,West,UNIVERSITY CT,,,,0.00,N,Not at Intersection,N,Non-Junction,None,,,         ,Christopher,Augustin,Clear,Not Collision with Motor Vehicle in Transport,yes,no,no,no,no,False
103384529,METROPOLITAN NASHVILLE POLICE DEPT,202203987179,Davidson,Nashville,8/12/2022 7:20:00 AM,2,0,0,36.161580,-86.783890,ROSA L PARKS BLVD,,,,0.00,,,ROSA L PARKS AV,,,,0.00,Y,Five Point Or More,N,Intersection-Related,Construction Zone,Lane Shift-Crossover,Before First Warning Area,         ,Lisa,Vidrios,Clear,"Sideswipe, Opposite Direction",no,no,no,no,no,False
103384531,METROPOLITAN NASHVILLE POLICE DEPT,20220398393,Davidson,Nashville,8/12/2022 9:43:00 AM,2,0,0,36.046380,-86.858580,OLD HICKORY BLVD,,,,960.00,Feet,West,WILDWOOD VALLEY DR,,,,0.00,N,Not at Intersection, ,Non-Junction,None,,,         ,Alexandra,Foote,Clear,Front to Rear,no,no,no,no,no,False
103384533,METROPOLITAN NASHVILLE POLICE DEPT,20220398410,Davidson,Nashville,8/12/2022 12:00:00 AM,2,1,0,36.202290,-86.776850,I 65,,,,0.00,,,,,,,87.00,N,Not at Intersection,N,Entrance/Exit Ramp Related,None,,,         ,Tristan,Krausman,Clear,Front to Rear,no,no,no,no,no,False
103384547,METROPOLITAN NASHVILLE POLICE DEPT,20220398467,Davidson,Nashville,8/12/2022 10:05:00 AM,1,0,0,36.153200,-86.828850,37TH AVN,,,,177.00,Feet,North,CHARLOTTE AV,,,,0.00,N,Not at Intersection, ,Non-Junction,None,,,         ,Alexandra,Herring,Clear,Not Collision with Motor Vehicle in Transport,no,no,no,yes,no,False
103384561,METROPOLITAN NASHVILLE POLICE DEPT,20220398454,Davidson,Nashville,8/12/2022 8:04:00 AM,2,0,0,36.144370,-86.696950,BRILEY PKWYN,,,,21.00,Feet,West,I40 E ENT RAMP,,,,0.00,N,Not at Intersection,N,Non-Junction,None,,,         ,Ernie,Wilson,Clear,"Sideswipe, Same Direction",no,no,no,no,yes,False
103384578,METROPOLITAN NASHVILLE POLICE DEPT,20220398459,Davidson,Nashville,8/12/2022 10:10:00 AM,1,1,0,36.161030,-86.760790,DAVIDSON ST,,,,670.00,Feet,South,DAVIDSON STREET BIKE CNCTR,,,,0.00,N,Not at Intersection,N,Non-Junction,None,,,         ,William,Clemons,Clear,Not Collision with Motor Vehicle in Transport,no,yes,no,no,no,False
103384697,METROPOLITAN NASHVILLE POLICE DEPT,20220398664,Davidson,Antioch,8/12/2022 12:00:00 PM,2,0,0,36.047760,-86.600310,HOBSON PKE,,,,572.00,Feet,South,PIN HOOK RD,,,,0.00,N,Not at Intersection,N,Non-Junction,None,,,         ,Craig,Bega,Clear,Unknown,no,no,no,yes,yes,False
103384724,METROPOLITAN NASHVILLE POLICE DEPT,20220398688,Davidson,Nashville,8/12/2022 12:56:00 PM,2,2,0,36.045950,-86.675310,BELL RD,,,,295.00,Feet,West,BLUE HOLE RD,,,,0.00,N,Not at Intersection,N,Non-Junction,None,,,         ,Darrin,Hardin,Clear,Angle,no,no,no,no,no,False
103384728,METROPOLITAN NASHVILLE POLICE DEPT,20220398694,Davidson,Nashville,8/12/2022 12:52:00 PM,2,1,0,36.264180,-86.735610,I65 N EXT RAMP,,,,0.00,,,,,,,0.00,,,Y,Entrance/Exit Ramp Related,None,,,         ,Patrick,McGinnis,Clear,Front to Rear,no,no,no,no,no,False
103384784,METROPOLITAN NASHVILLE POLICE DEPT,20220398698,Davidson,Goodlettsville,8/12/2022 12:59:00 PM,3,1,0,36.305910,-86.693820,CONFERENCE DR,,,,0.00,,,RIVERGATE MALL PVTDR,,,,0.00,Y,T-Intersection,N,Intersection,None,,,         ,Melina,Tamborella,Clear,Angle,no,no,no,no,no,False
103384791,METROPOLITAN NASHVILLE POLICE DEPT,20220398754,Davidson,Nashville,8/12/2022 1:40:00 PM,2,0,0,36.280440,-86.733200,I 65,,,,0.00,,,,,,,93.40,N,Not at Intersection,N,Non-Junction,None,,,         ,Travis,Baxter,Clear,"Sideswipe, Same Direction",no,no,no,no,yes,False
103384796,METROPOLITAN NASHVILLE POLICE DEPT,20220398678,Davidson,Nashville,8/12/2022 12:44:00 PM,2,1,0,36.151430,-86.666550,DONELSON PKE,,,,41.00,Feet,South,NODYNE DR,,,,0.00,N,Not at Intersection,Y,"Driveway, Alley Access, etc",None,,,         ,Christopher,Augustin,Clear,Angle,no,no,no,no,no,False
103384868,METROPOLITAN NASHVILLE POLICE DEPT,20220398129,Davidson,Not in City Limit,8/12/2022 1:18:00 PM,1,0,0,36.282440,-86.675910,SWINGING BRIDGE RD,,,,0.00,,,CINDER RD,,,,0.00,Y,T-Intersection,N,Non-Junction,None,,,         ,Corey,Schulz,Clear,Not Collision with Motor Vehicle in Transport,no,no,no,no,yes,False
103384869,METROPOLITAN NASHVILLE POLICE DEPT,20220398801,Davidson,Nashville,8/12/2022 2:15:00 PM,2,0,0,36.167010,-86.763730,SHELBY AV,,,,0.00,,,S 4TH ST,,,,0.00,Y,Four-Way, ,Intersection,None,,,         ,William,Clemons,Clear,"Sideswipe, Same Direction",no,no,no,no,no,False
103384870,THP District 3 - Nashville,322064707,Davidson,Nashville,8/11/2022 7:50:00 AM,3,0,0,36.038350,-86.782660,I 65,,,,0.00,,,,,,,74.65,N,Not at Intersection,N,Non-Junction,None,,,         ,Keith,Velez,Clear,Front to Rear,no,no,no,no,no,False
103384891,METROPOLITAN NASHVILLE POLICE DEPT,20220398782,Davidson,Nashville,8/12/2022 2:00:00 PM,2,1,0,36.214460,-86.779490,BRICK CHURCH PKE,,,,147.00,Feet,North,SOUTHERLAND DR,,,,0.00,N,Not at Intersection,N,Non-Junction,None,,,         ,Zachary,Akers,Clear,Angle,no,no,no,no,no,False
103384903,METROPOLITAN NASHVILLE POLICE DEPT,20220386740,Davidson,Nashville,8/6/2022 10:54:00 AM,2,0,0,36.146210,-86.799540,21ST AVS,,,,49.00,Feet,North,SCARRITT PL,,,,0.00,N,Not at Intersection, ,Non-Junction,None,,,         ,Cecelia,Brown,Clear,Rear to Side,no,no,no,no,no,Campus
103384909,METROPOLITAN NASHVILLE POLICE DEPT,20220398806,Davidson,Nashville,8/12/2022 2:00:00 PM,2,0,0,36.115640,-86.780610,I65 ENT RAMP,,,,0.00,,,I 440,,,,0.00,Y,OTHER,N,Non-Junction,None,,,         ,Jennifer,Liquori,Clear,"Sideswipe, Same Direction",no,no,no,no,no,False
103384917,METROPOLITAN NASHVILLE POLICE DEPT,20220398819,Davidson,Madison,8/12/2022 2:24:00 PM,2,1,0,36.264100,-86.724180,OLD HICKORY BLVDW,,,,0.00,,,HERITAGE DR,,,,0.00,Y,Four-Way,N,Intersection,None,,,         ,Patrick,McGinnis,Clear,Front to Rear,no,no,no,no,no,False
103384966,METROPOLITAN NASHVILLE POLICE DEPT,20220398558,Davidson,Nashville,8/12/2022 10:38:00 AM,2,0,0,36.142430,-86.744430,FESSLERS LN,,,,138.00,Feet,South,US HWY 41,,,,0.00,N,Not at Intersection, ,Non-Junction,None,,,         ,Brian,Ritz,Clear,Front to Rear,no,no,no,no,yes,False
103384980,METROPOLITAN NASHVILLE POLICE DEPT,20220398914,Davidson,Nashville,8/12/2022 12:00:00 AM,3,2,0,36.078300,-86.643020,MURFREESBORO PKE,,,,2.00,Feet,East,MARTWAY DR,,,,0.00,N,Not at Intersection,N,Non-Junction,None,,,         ,Esther,Poysti,Clear,Front to Rear,no,no,no,no,no,False
103385002,VANDERBILT UNIVERSITY POLICE,20220398832,Davidson,Nashville,8/12/2022 1:35:00 PM,2,0,0,36.145910,-86.797990,SCARRITT PL,,,,0.00,,,21ST AVS,,,,0.00,,Not at Intersection, ,Non-Junction,None,,,         ,Michael,Wyers,,Front to Rear,no,no,no,no,no,Campus
103385031,METROPOLITAN NASHVILLE POLICE DEPT,20220398949,Davidson,Nashville,8/12/2022 4:00:00 PM,2,1,0,36.248550,-86.826250,WHITES CREEK PKE,,,,991.00,Feet,East,BUENA VISTA PKE,,,,0.00,N,Not at Intersection,N,Non-Junction,None,,,         ,Tyler,Jordan,Clear,Angle,no,no,no,no,no,False
103385050,METROPOLITAN NASHVILLE POLICE DEPT,20220397170,Davidson,Nashville,8/11/2022 6:01:00 PM,1,0,0,36.050760,-86.673510,TIMBERLAKE WAY,,,,84.00,Feet,West,BLUE HOLE RD,,,,0.00,N,Not at Intersection,N,Non-Junction,None,,,         ,Jonathan,Seidl,Cloudy,Not Collision with Motor Vehicle in Transport,no,no,no,yes,no,False
103385061,METROPOLITAN NASHVILLE POLICE DEPT,20220398971,Davidson,Nashville,8/12/2022 4:24:00 PM,3,1,0,36.150330,-86.697860,ELM HILL PKE,,,,0.00,Feet,West,AIR LANE DR,,,,0.00,N,Not at Intersection,N,Non-Junction,None,,,         ,Evan,Grace,Clear,Angle,no,no,no,no,no,False
103385089,METROPOLITAN NASHVILLE POLICE DEPT,20220399014,Davidson,Nashville,8/12/2022 4:56:00 PM,2,2,0,36.087430,-86.692210,ANTIOCH PKE,,,,0.00,,,HARDING PL,,,,0.00,Y,Four-Way,Y,Intersection,None,,,         ,Zachary,Wilbanks,Clear,Angle,no,no,no,no,no,False
103385099,METROPOLITAN NASHVILLE POLICE DEPT,20220398973,Davidson,Nashville,8/12/2022 4:13:00 PM,2,0,0,36.148980,-86.786650,13TH AVS,,,,0.00,,,HAWKINS ST,,,,0.00,Y,OTHER, ,,None,,,         ,Brady,Reynolds,,,no,no,no,no,no,False
103385126,METROPOLITAN NASHVILLE POLICE DEPT,20220398959,Davidson,Nashville,8/12/2022 4:13:00 PM,3,1,0,36.167340,-86.813710,MEHARRY BLVD,,,,157.00,Feet,West,MEHARRY BLVD PVTDR,,,,0.00,N,Not at Intersection,N,Non-Junction,None,,,         ,Austin,Bowles,Clear,Front to Rear,no,no,no,no,no,False
103385128,METROPOLITAN NASHVILLE POLICE DEPT,20220399001,Davidson,Nashville,8/12/2022 12:00:00 AM,2,0,0,36.254230,-86.715970,GALLATIN PKES,,,,355.00,Feet,South,MADISON BLVD,,,,0.00,N,Not at Intersection,N,Non-Junction,None,,,         ,Amanda,Topping,Clear,Angle,no,no,no,no,no,False
103385129,METROPOLITAN NASHVILLE POLICE DEPT,20220399003,Davidson,Nashville,8/12/2022 4:45:00 PM,1,1,0,36.167900,-86.765770,I 24,,,,0.00,,,,,,,48.85,N,Not at Intersection,N,Non-Junction,None,,,         ,Blake,Curry,Clear,Not Collision with Motor Vehicle in Transport,no,no,no,no,no,False
103385131,METROPOLITAN NASHVILLE POLICE DEPT,20220399086,Davidson,Nashville,8/12/2022 5:31:00 PM,2,1,0,36.206540,-86.776750,I65 S ENT RAMP,,,,0.00,Feet,East,I 65,,,,0.00,N,Not at Intersection,N,Non-Junction,None,,,         ,Tyler,Jordan,Clear,Front to Rear,no,no,no,no,yes,False
103385133,METROPOLITAN NASHVILLE POLICE DEPT,20220399117,Davidson,Nashville,8/12/2022 6:09:00 PM,2,1,0,36.153000,-86.857610,BRILEY PKWY,,,,0.00,,,I40 W EXT RAMP,,,,0.00,Y,T-Intersection,Y,Entrance/Exit Ramp Related,None,,,         ,Eric,Westbrook,Clear,Angle,no,no,no,no,no,False
103385140,METROPOLITAN NASHVILLE POLICE DEPT,20220398985,Davidson,Nashville,8/12/2022 4:35:00 PM,2,1,0,36.198130,-86.776340,I 65,,,,0.00,,,,,,,86.70,N,Not at Intersection,N,Non-Junction,None,,,         ,Nicholas,Ragan,Clear,Front to Rear,no,no,no,no,yes,False
103385150,METROPOLITAN NASHVILLE POLICE DEPT,20220399100,Davidson,Nashville,8/12/2022 2:00:00 PM,2,0,0,36.180250,-86.746160,ORDWAY PL,,,,251.00,Feet,West,N 14TH ST,,,,0.00,N,Not at Intersection, ,Non-Junction,None,,,         ,Joao,Pinho,Clear,Not Collision with Motor Vehicle in Transport,no,no,no,no,no,False
103385159,METROPOLITAN NASHVILLE POLICE DEPT,20220399068,Davidson,Nashville,8/12/2022 5:40:00 PM,2,1,0,36.141820,-86.672500,I 40,,,,0.00,,,,,,,216.25,N,Not at Intersection,N,Non-Junction,None,,,         ,Donovan,Coble,Clear,Front to Rear,no,no,no,no,no,False
103385169,METROPOLITAN NASHVILLE POLICE DEPT,20220399156,Davidson,Nashville,8/12/2022 4:50:00 PM,2,0,0,36.143230,-86.684970,MCGAVOCK PKE,,,,58.00,Feet,North,KNIGHTS OF COLUMBUS BLVD,,,,0.00,N,Not at Intersection,N,Non-Junction,None,,,         ,Dylan,Colquhoun,Clear,Front to Rear,no,no,no,no,yes,False
103385178,METROPOLITAN NASHVILLE POLICE DEPT,20220399195,Davidson,Nashville,8/12/2022 7:30:00 PM,2,0,0,36.157630,-86.759850,I 24,,,,0.00,,,,,,,49.80,N,Not at Intersection, ,Non-Junction,None,,,         ,Joao,Pinho,Clear,Front to Rear,no,no,no,no,no,False
103385202,METROPOLITAN NASHVILLE POLICE DEPT,20220399268,Davidson,Nashville,8/12/2022 5:13:00 PM,2,0,0,36.187640,-86.821860,ED TEMPLE BLVD,,,,153.00,Feet,South,ROSA L PARKS BLVD,,,,0.00,N,Not at Intersection,N,Non-Junction,None,,,         ,Tyler,Jordan,Clear,"Sideswipe, Same Direction",no,no,no,no,yes,False
103385203,METROPOLITAN NASHVILLE POLICE DEPT,20220398997,Davidson,Nashville,8/12/2022 4:40:00 PM,2,2,0,36.030520,-86.744810,CLOVERLAND DR,,,,143.00,Feet,East,GRAND OAK WAY,,,,0.00,N,Not at Intersection,Y,Non-Junction,None,,,         ,Seth,Reynolds,Clear,Front to Rear,no,no,no,no,no,False
103385207,METROPOLITAN NASHVILLE POLICE DEPT,20220399076,Davidson,Nashville,8/12/2022 4:45:00 PM,2,0,0,36.163920,-86.776490,2ND AVN,,,,269.00,Feet,South,CHURCH ST,,,,0.00,N,Not at Intersection, ,Non-Junction,None,,,         ,Zachary,Triano,Cloudy,Other,no,no,no,no,no,False
103385212,METROPOLITAN NASHVILLE POLICE DEPT,20220399141,Davidson,Not in City Limit,8/12/2022 7:15:00 PM,2,0,0,36.261240,-86.712530,GALLATIN PKES,,,,0.00,,,MAPLE ST,,,,0.00,Y,T-Intersection, ,Intersection,None,,,         ,Joshua,Warren,Clear,Angle,no,no,no,no,no,False
103385234,METROPOLITAN NASHVILLE POLICE DEPT,20220399136,Davidson,Nashville,8/12/2022 12:00:00 AM,4,5,0,36.141910,-86.640610,TIMBER VALLEY DR,,,,0.00,Feet,North,ELM HILL PKE,,,,0.00,N,Not at Intersection,N,Non-Junction,None,,,         ,Esther,Poysti,Clear,Front to Rear,no,no,no,no,yes,False
103385235,METROPOLITAN NASHVILLE POLICE DEPT,20220399088,Davidson,Nashville,8/12/2022 5:57:00 PM,4,3,0,36.176850,-86.765440,ELLINGTON PKWYS,,,,340.00,Feet,West,SPRING ST ENT RAMP,,,,0.00,N,Not at Intersection,N,Non-Junction,None,,,         ,Alexandra,Wall,Clear,Front to Rear,no,no,no,no,no,False
103385238,METROPOLITAN NASHVILLE POLICE DEPT,20220399110,Davidson,Nashville,8/12/2022 6:07:00 PM,2,0,0,36.166660,-86.862040,CALIFORNIA AV,,,,0.00,,,62ND AVN,,,,0.00,Y,Four-Way, ,Intersection,None,,,         ,Andrew,McCarron,Clear,"Sideswipe, Opposite Direction",no,no,no,no,no,False
103385242,METROPOLITAN NASHVILLE POLICE DEPT,20220399105,Davidson,Nashville,8/12/2022 4:00:00 PM,2,0,0,36.269800,-86.755430,DICKERSON PKE,,,,216.00,Feet,North,OLD HICKORY BLVD,,,,0.00,N,Not at Intersection, ,,None,,,         ,Alexander,Hartle,,,no,no,no,no,no,False
103385252,METROPOLITAN NASHVILLE POLICE DEPT,20220398860,Davidson,Nashville,8/12/2022 3:04:00 PM,2,1,0,36.186080,-86.633740,LEBANON PKE,,,,167.00,Feet,East,STONES RIVER GRNWY,,,,0.00,N,Not at Intersection,N,Non-Junction,None,,,         ,Zachary,Aldrich,Clear,Front to Rear,no,no,no,no,no,False
103385270,METROPOLITAN NASHVILLE POLICE DEPT,20220399341,Davidson,Nashville,8/12/2022 8:40:00 PM,2,0,0,36.166770,-86.688400,BRILEY PKWYS,,,,504.00,Feet,North,BRILEY PKWYN,,,,0.00,N,Not at Intersection,N,Non-Junction,None,,,         ,Timothy,Lehnert,Clear,Front to Rear,no,no,no,no,yes,False
103385301,METROPOLITAN NASHVILLE POLICE DEPT,20220398928,Davidson,Nashville,8/12/2022 3:15:00 PM,2,0,0,36.049330,-86.648560,MT VIEW RD,,,,368.00,Feet,East,BELL RD,,,,0.00,N,Not at Intersection, ,Non-Junction,None,,,         ,Keith,Parlato,Clear,Angle,no,no,no,no,no,False
103385302,METROPOLITAN NASHVILLE POLICE DEPT,20220399051,Davidson,Nashville,8/12/2022 5:20:00 PM,2,1,0,36.057680,-86.716020,NOLENSVILLE PKE,,,,509.00,Feet,South,TUSCULUM RD,,,,0.00,N,Not at Intersection,N,Non-Junction,None,,,         ,Keith,Parlato,Clear,Front to Rear,no,no,no,no,no,False
103385303,METROPOLITAN NASHVILLE POLICE DEPT,20220399125,Davidson,Nashville,8/12/2022 6:36:00 PM,2,1,0,36.208330,-86.776050,I 65,,,,0.00,,,,,,,87.45,N,Not at Intersection,N,Non-Junction,None,,,         ,Joseph,Gonzales,Clear,Front to Rear,no,no,no,no,yes,False
103385310,METROPOLITAN NASHVILLE POLICE DEPT,20220399224,Davidson,Nashville,8/12/2022 8:00:00 PM,2,0,0,36.189170,-86.775390,I 24,,,,0.00,,,,,,,47.05,N,Not at Intersection,N,Non-Junction,None,,,         ,Ty,Cummings,Clear,Front to Rear,no,no,no,no,yes,False
103385321,METROPOLITAN NASHVILLE POLICE DEPT,20220399119,Davidson,Nashville,8/12/2022 6:29:00 PM,2,0,0,36.177300,-86.604180,OLD HICKORY BLVD,,,,0.00,,,HERMITAGE WOODS DR,,,,0.00,Y,T-Intersection, ,Intersection,None,,,         ,Zachary,Aldrich,Clear,Angle,no,no,no,no,no,False
103385339,METROPOLITAN NASHVILLE POLICE DEPT,20220398053,Davidson,Nashville,8/12/2022 6:11:00 AM,2,0,0,36.150110,-86.766230,LAFAYETTE ST,,,,146.00,Feet,West,UNIVERSITY CT,,,,0.00,N,Not at Intersection, ,Non-Junction,None,,,         ,Timothy,Lehnert,Clear,Front to Rear,no,no,no,no,no,False
103385346,METROPOLITAN NASHVILLE POLICE DEPT,20220399115,Davidson,Not in City Limit,8/12/2022 4:25:00 PM,2,0,0,36.266900,-86.737080,I 65,,,,0.00,,,,,,,92.40,N,Not at Intersection, ,Non-Junction,None,,,         ,Wesley,Carver,Clear,Front to Rear,no,no,no,no,no,False
103385349,THP District 3 - Nashville,322065340,Davidson,Not in City Limit,8/12/2022 12:30:00 PM,2,0,0,36.320790,-86.849620,I 24,,,,0.00,,,,,,,36.05,N,Not at Intersection, ,,None,,,         ,Jose,Garza Salazar,,,no,no,no,no,no,False
103385374,METROPOLITAN NASHVILLE POLICE DEPT,20220399394,Davidson,Nashville,8/12/2022 9:59:00 PM,2,0,0,36.079490,-86.644600,MURFREESBORO PKE,,,,0.00,Feet,,EDGE O LAKE DR,,,,0.00,Y,Four-Way,N,Intersection-Related,None,,,         ,Mario,Diaz,Clear,HeadOn,no,no,no,no,no,False
103385424,METROPOLITAN NASHVILLE POLICE DEPT,20220399557,Davidson,Nashville,8/12/2022 12:00:00 AM,1,0,0,36.145200,-86.646030,I 40,,,,0.00,,,,,,,217.85,N,Not at Intersection,N,Non-Junction,None,,,         ,Timothy,Lehnert,Cloudy,Not Collision with Motor Vehicle in Transport,no,no,no,no,no,False
103385429,METROPOLITAN NASHVILLE POLICE DEPT,20220399503,Davidson,Nashville,8/12/2022 10:45:00 PM,1,0,0,36.025870,-86.712990,NOLENSVILLE PKE,,,,146.00,Feet,North,LENOX VILLAGE DR,,,,0.00,N,Not at Intersection, ,Non-Junction,None,,,         ,Douglas,Meringer,Clear,Not Collision with Motor Vehicle in Transport,no,no,no,no,no,False
103385432,METROPOLITAN NASHVILLE POLICE DEPT,20220399475,Davidson,Nashville,8/12/2022 10:52:00 PM,1,1,0,36.155580,-86.795740,17TH AVN,,,,104.00,Feet,South,CHURCH ST,,,,0.00,N,Not at Intersection,N,Non-Junction,None,,,         ,Cherell,Kinchloe,Clear,Not Collision with Motor Vehicle in Transport,yes,no,no,no,yes,False
103385438,METROPOLITAN NASHVILLE POLICE DEPT,20220399489,Davidson,Nashville,8/12/2022 9:34:00 PM,2,1,0,36.133390,-86.779170,8TH AVS,,,,70.00,Feet,South,ROYCROFT PL,,,,0.00,N,Not at Intersection,N,Non-Junction,None,,,         ,Nicholas,Carroll,Clear,Front to Rear,no,no,no,no,yes,False
103385472,METROPOLITAN NASHVILLE POLICE DEPT,20220399024,Davidson,Nashville,8/12/2022 2:30:00 PM,2,0,0,36.077180,-86.912840,HIGHWAY 70S,,,,202.00,Feet,West,FOREST PARK APT PVTDR,,,,0.00,N,Not at Intersection, ,Non-Junction,None,,,         ,Mark,Lemieux,Clear,Front to Rear,no,no,no,yes,yes,False
103385473,METROPOLITAN NASHVILLE POLICE DEPT,20220399244,Davidson,Nashville,8/12/2022 8:18:00 PM,3,1,0,36.159620,-86.780420,BROADWAY,,,,161.00,Feet,East,7TH AVN,,,,0.00,N,Not at Intersection,N,Non-Junction,None,,,         ,Nathaniel,Myers,Clear,HeadOn,no,no,no,no,no,False
103385485,METROPOLITAN NASHVILLE POLICE DEPT,20220399243,Davidson,Nashville,8/12/2022 7:35:00 PM,2,0,0,36.151130,-86.784820,DIVISION ST,,,,144.00,Feet,West,12TH AVS,,,,0.00,N,Not at Intersection,N,Non-Junction,None,,,         ,Blake,Curry,Cloudy,Angle,no,no,no,no,no,False
103385487,METROPOLITAN NASHVILLE POLICE DEPT,20220399545,Davidson,Nashville,8/12/2022 6:30:00 PM,2,0,0,36.068460,-86.719430,NOLENSVILLE PKE,,,,133.00,Feet,North,HAYWOOD LN,,,,0.00,N,Not at Intersection,N,Non-Junction,None,,,         ,Flynn,Ireland,Clear,Front to Rear,no,no,no,no,yes,False
103385490,METROPOLITAN NASHVILLE POLICE DEPT,20220399397,Davidson,Nashville,8/12/2022 8:00:00 PM,2,2,0,36.149570,-86.772930,I 40,,,,0.00,,,,,,,210.20,N,Not at Intersection,N,Non-Junction,None,,,         ,Samantha,Held,Clear,Angle,no,no,no,no,no,False
103385491,METROPOLITAN NASHVILLE POLICE DEPT,20220399607,Davidson,Nashville,8/12/2022 10:08:00 PM,2,0,0,36.050620,-86.606180,GROVEDALE TRC,,,,201.00,Feet,North,PIN HOOK RD,,,,0.00,N,Not at Intersection, ,Non-Junction,None,,,         ,Andre,Williams,Clear,"Sideswipe, Same Direction",no,no,no,no,yes,False
103385507,METROPOLITAN NASHVILLE POLICE DEPT,20220399594,Davidson,Nashville,8/12/2022 12:00:00 AM,2,0,0,36.081280,-86.753180,HARDING PL,,,,476.00,Feet,West,WAUFORD DR,,,,0.00,N,Not at Intersection,N,Non-Junction,None,,,         ,Clayton,Cox,Clear,Not Collision with Motor Vehicle in Transport,no,no,no,no,yes,False
103385508,METROPOLITAN NASHVILLE POLICE DEPT,20220399472,Davidson,Nashville,8/12/2022 12:00:00 AM,2,0,0,36.026300,-86.712930,NOLENSVILLE PKE,,,,183.00,Feet,South,LORDS CHAPEL DR,,,,0.00,N,Not at Intersection,N,Non-Junction,None,,,         ,Justin,mathias,Clear,Front to Rear,no,no,no,no,no,False
103385510,METROPOLITAN NASHVILLE POLICE DEPT,20220399019,Davidson,Nashville,8/12/2022 4:40:00 PM,2,0,0,36.044380,-86.714070,BRENTWOOD EAST DR,,,,0.00,,,,,,,0.00,,,N,Non-Junction,None,,,         ,Mitchell,Cook,Cloudy,"Sideswipe, Opposite Direction",no,no,no,yes,yes,False
103385516,METROPOLITAN NASHVILLE POLICE DEPT,20220399659,Davidson,Nashville,8/13/2022 12:00:00 AM,1,1,0,36.036790,-86.776320,PLUM NELLY CIR,,,,237.00,Feet,East,FOX RIDGE DR,,,,0.00,N,Not at Intersection,N,Non-Junction,None,,,         ,Clayton,Cox,Clear,Not Collision with Motor Vehicle in Transport,no,no,no,yes,no,False
103385523,METROPOLITAN NASHVILLE POLICE DEPT,20220399717,Davidson,Nashville,8/13/2022 1:20:00 AM,3,1,0,36.140450,-86.731680,I 24,,,,0.00,,,,,,,51.50,N,Not at Intersection,N,Non-Junction,None,,,         ,Timothy,Lehnert,Clear,"Sideswipe, Same Direction",no,no,no,no,yes,False