master_record_number,agency,agency_tracking_number,county,city,collision_date,vehicles_involved,number_injured,number_dead,latitude,longitude,roadway_name,roadway_suffix,roadway_number,roadway_local_id,distance_from_reference,miles-feet_indicator,direction_from_reference,intersection_road_name,intersection_road_name_suffix,intersection_road_number,intersection_local_id,mile_marker,intersection_indicator,intersect_type,interchange_related_indicator,relation_to_junction,work_zone_type,construction_maintenance_zone,construction_maintenance_zone_location,fatal_case_number,officer_first_name,officer_last_name,weather_condition(s),manner_of_crash,pedestrian,bicycle,scooter,parking,hitrun,mou
103385529,METROPOLITAN NASHVILLE POLICE DEPT,20220399790,Davidson,Nashville,8/13/2022 2:55:00 AM,1,0,0,36.089220,-86.682650,CORRECTIONS CENTER PVTDR,,,,846.00,Feet,South,EZELL PARK PVTDR,,,,0.00,N,Not at Intersection,N,Non-Junction,None,,,         ,Jonathan,Handley,Clear,Not Collision with Motor Vehicle in Transport,no,no,no,yes,no,False
103385546,METROPOLITAN NASHVILLE POLICE DEPT,20220399491,Davidson,Nashville,8/12/2022 11:01:00 PM,3,1,0,36.068200,-86.719110,NOLENSVILLE PKE,,,,0.00,,,HAYWOOD LN,,,,0.00,Y,Four-Way,Y,Intersection-Related,None,,,         ,Sullivan,Souksanh,Clear,Angle,no,no,no,no,yes,False
103385560,METROPOLITAN NASHVILLE POLICE DEPT,20220399336,Davidson,Nashville,8/12/2022 8:43:00 PM,2,0,0,36.157940,-86.791580,CHURCH ST,,,,11.00,Feet,East,14TH AVN,,,,0.00,N,Not at Intersection,N,Non-Junction,None,,,         ,Dillon,Deleacaes,Clear,Angle,no,no,no,no,no,False
103385561,METROPOLITAN NASHVILLE POLICE DEPT,20220399773,Davidson,Nashville,8/13/2022 2:25:00 AM,1,2,0,36.156590,-86.780660,8TH AVS,,,,116.00,Feet,South,DEMONBREUN ST,,,,0.00,N,Not at Intersection,N,Non-Junction,None,,,         ,Mena,Mahros,Clear,Not Collision with Motor Vehicle in Transport,yes,no,no,no,no,False
103385568,METROPOLITAN NASHVILLE POLICE DEPT,20220399821,Davidson,Nashville,8/13/2022 12:00:00 AM,2,0,0,36.151010,-86.796490,19TH AVS,,,,0.00,Feet,,BROADWAY,,,,0.00,Y,Four-Way,Y,Intersection,None,,,         ,Clayton,Cox,Clear,Angle,no,no,no,no,no,False
103385569,METROPOLITAN NASHVILLE POLICE DEPT,20220399793,Davidson,Nashville,8/13/2022 12:00:00 AM,1,2,0,36.121690,-86.727370,I 24,,,,0.00,,,,,,,52.80,N,Not at Intersection,Y,Entrance/Exit Ramp Related,None,,,         ,Justin,mathias,Clear,Not Collision with Motor Vehicle in Transport,no,no,no,no,no,False
103385571,METROPOLITAN NASHVILLE POLICE DEPT,20220399525,Davidson,Nashville,8/12/2022 11:19:00 PM,1,1,0,36.152700,-86.796620,WEST END AV,,,,215.00,Feet,West,18TH AVS,,,,0.00,N,Not at Intersection,N,Non-Junction,None,,,         ,Dillon,Deleacaes,Clear,Not Collision with Motor Vehicle in Transport,yes,no,no,yes,yes,False
103385577,METROPOLITAN NASHVILLE POLICE DEPT,20220399663,Davidson,Nashville,8/13/2022 12:00:00 AM,3,1,0,36.218980,-86.747110,ELLINGTON PKWYN,,,,263.00,Feet,North,ELLINGTON PKWYS,,,,0.00,N,Not at Intersection,N,Non-Junction,None,,,         ,laina,herod,Clear,Angle,no,no,no,no,no,False
103385579,METROPOLITAN NASHVILLE POLICE DEPT,20220399638,Davidson,Nashville,8/13/2022 12:10:00 AM,2,1,0,36.143450,-86.794420,17TH AVS,,,,20.00,Feet,South,EDGEHILL AV,,,,0.00,N,Not at Intersection,Y,Non-Junction,None,,,         ,Jeremy,Crisp,Clear,HeadOn,no,no,no,no,no,Campus
103385592,METROPOLITAN NASHVILLE POLICE DEPT,20220399515,Davidson,Nashville,8/12/2022 10:57:00 PM,2,0,0,36.157190,-86.774730,4TH AVS,,,,35.00,Feet,North,KOREAN VETERANS BLVD,,,,0.00,N,Not at Intersection,N,Non-Junction,Unknown,Unknown,Unknown,         ,Tre,Marlowe,Unknown,Unknown,no,no,no,no,yes,False
103385622,METROPOLITAN NASHVILLE POLICE DEPT,20220399882,Davidson,Nashville,8/13/2022 12:00:00 AM,1,0,0,36.085260,-86.804430,GRANNY WHITE PKE,,,,518.00,Feet,South,SEWANEE RD,,,,0.00,N,Not at Intersection,N,Non-Junction,None,,,         ,Clayton,Cox,Clear,Not Collision with Motor Vehicle in Transport,no,no,no,no,no,False
103385625,METROPOLITAN NASHVILLE POLICE DEPT,20220399688,Davidson,Nashville,8/13/2022 12:58:00 AM,2,2,0,36.208240,-86.767400,DICKERSON PKE,,,,2.00,Feet,North,GRIZZARD AV,,,,0.00,N,Not at Intersection,N,Non-Junction,None,,,         ,Peter,Kinsey,Clear,Angle,no,no,no,no,no,False
103385657,METROPOLITAN NASHVILLE POLICE DEPT,20220399927,Davidson,Not in City Limit,8/13/2022 6:09:00 AM,1,1,0,36.269860,-86.683360,RIO VISTA DR,,,,156.00,Feet,South,CHARTER VILLAGE APTS PVTDR,,,,0.00,N,Not at Intersection,N,Non-Junction,None,,,         ,William,Coy,Clear,Not Collision with Motor Vehicle in Transport,no,no,no,no,no,False
103385682,METROPOLITAN NASHVILLE POLICE DEPT,20220400015,Davidson,Nashville,8/12/2022 11:00:00 PM,1,0,0,36.231540,-86.778570,EWING DR,,,,0.00,,,,,,,0.00,,,N,Non-Junction,None,,,         ,Melina,Tamborella,Unknown,Not Collision with Motor Vehicle in Transport,no,no,no,no,yes,False
103385732,METROPOLITAN NASHVILLE POLICE DEPT,20220400117,Davidson,Nashville,8/13/2022 9:55:00 AM,2,0,0,36.047300,-86.862740,OLD HICKORY BLVD,,,,0.00,,,HILLSBORO PKE,,,,0.00,Y,Four-Way,N,Intersection,None,,,         ,Jackson,Smythe,Clear,"Sideswipe, Same Direction",no,no,no,no,yes,False
103385735,METROPOLITAN NASHVILLE POLICE DEPT,20220400099,Davidson,Nashville,8/13/2022 9:40:00 AM,2,2,0,36.222090,-86.746480,ELLINGTON PKWYN,,,,67.00,Feet,North,BEN ALLEN RD,,,,0.00,N,Not at Intersection,N,Non-Junction,None,,,         ,Ryan,Papp,Clear,Not Collision with Motor Vehicle in Transport,no,no,no,no,no,False
103385761,METROPOLITAN NASHVILLE POLICE DEPT,20220400081,Davidson,Nashville,8/13/2022 9:05:00 AM,2,2,0,36.052210,-86.644910,EAGLE VIEW BLVD,,,,0.00,Feet,West,BELL RD,,,,0.00,N,Not at Intersection,N,Non-Junction,None,,,         ,Gregory,Scott,Clear,Front to Rear,no,no,no,no,no,False
103385768,METROPOLITAN NASHVILLE POLICE DEPT,20220399955,Davidson,Nashville,8/13/2022 6:44:00 AM,2,0,0,36.069630,-86.686760,HAYWOOD LN,,,,0.00,Feet,,I24 W ENT RAMP,,,,0.00,Y,T-Intersection,N,Intersection-Related,None,,,         ,Charles,Agius,Clear,Front to Rear,no,no,no,no,no,False
103385799,METROPOLITAN NASHVILLE POLICE DEPT,20220400183,Davidson,Nashville,8/13/2022 11:35:00 AM,2,2,0,36.049980,-86.649500,BELL RD,,,,0.00,,,MT VIEW RD,,,,0.00,Y,Four-Way,N,Non-Junction,None,,,         ,Steven,Williams,Clear,Front to Rear,no,no,no,no,no,False
103385827,METROPOLITAN NASHVILLE POLICE DEPT,20220400134,Davidson,Nashville,8/13/2022 5:45:00 AM,1,1,0,36.157950,-86.784310,10TH AVS,,,,0.00,Feet,,BROADWAY,,,,0.00,Y,Four-Way,Y,Intersection,None,,,         ,Eric,Ziegler,Clear,Not Collision with Motor Vehicle in Transport,yes,no,no,no,yes,False
103385828,METROPOLITAN NASHVILLE POLICE DEPT,20220400193,Davidson,Nashville,8/13/2022 11:06:00 AM,2,0,0,36.142190,-86.776700,I 65,,,,0.00,,,,,,,82.00,N,Not at Intersection, ,,Construction Zone,,,         ,Paxton,Montgomery,,,no,no,no,no,no,False
103385894,METROPOLITAN NASHVILLE POLICE DEPT,20220400170,Davidson,Nashville,8/13/2022 11:13:00 AM,1,1,0,36.079360,-86.919020,OLD HICKORY BLVD,,,,683.00,Feet,North,BELLE FOREST CONDOS PVTDR,,,,0.00,N,Not at Intersection,N,Non-Junction,None,,,         ,Jayla,Johnson,Clear,Not Collision with Motor Vehicle in Transport,no,no,no,no,no,False
103385911,METROPOLITAN NASHVILLE POLICE DEPT,20220399977,Davidson,Nashville,8/13/2022 6:46:00 AM,1,0,0,36.208440,-86.585720,DEBBIE DR,,,,32.00,Feet,South,ROWENA DR,,,,0.00,N,Not at Intersection,N,Non-Junction,None,,,         ,Terry,Denton,Clear,Not Collision with Motor Vehicle in Transport,no,no,no,yes,yes,False
103385945,METROPOLITAN NASHVILLE POLICE DEPT,20220400251,Davidson,Nashville,8/13/2022 9:55:00 AM,2,0,0,36.227560,-86.759660,DICKERSON PKE,,,,636.00,Feet,North,HILLHURST DR,,,,0.00,N,Not at Intersection,N,Non-Junction,None,,,         ,Jason,Milyaro Lucas,Clear,Angle,no,no,no,yes,yes,False
103385991,METROPOLITAN NASHVILLE POLICE DEPT,20220400272,Davidson,Nashville,8/13/2022 9:50:00 AM,1,0,0,36.184380,-86.773340,HANCOCK ST,,,,115.00,Feet,East,DICKERSON PKE,,,,0.00,N,Not at Intersection,N,Non-Junction,None,,,         ,Ryan,Papp,Clear,Not Collision with Motor Vehicle in Transport,no,no,no,yes,yes,False
103385993,METROPOLITAN NASHVILLE POLICE DEPT,20220400279,Davidson,Nashville,8/13/2022 12:50:00 PM,2,0,0,36.235360,-86.758290,DICKERSON PKE,,,,96.00,Feet,North,HOMESTEAD RD,,,,0.00,N,Not at Intersection, ,Non-Junction,None,,,         ,Ian,Wilson,Clear,Front to Rear,no,no,no,no,no,False
103386072,METROPOLITAN NASHVILLE POLICE DEPT,20220400291,Davidson,Nashville,8/13/2022 2:22:00 PM,4,0,0,36.040570,-86.770890,OLD HICKORY BLVD,,,,56.00,Feet,East,SEVEN SPRINGS WAY PVTDR,,,,0.00,N,Not at Intersection,N,Non-Junction,None,,,         ,Bianca,Crawford,Clear,Front to Rear,no,no,no,no,no,False
103386129,METROPOLITAN NASHVILLE POLICE DEPT,20220400327,Davidson,Nashville,8/13/2022 3:25:00 PM,2,0,0,36.102190,-86.817390,HILLSBORO PKE,,,,165.00,Feet,North,HILLSBORO DR,,,,0.00,N,Not at Intersection, ,Non-Junction,None,,,         ,Kyle,Kinsman,Clear,Front to Rear,no,no,no,no,no,False
103386135,METROPOLITAN NASHVILLE POLICE DEPT,20220400140,Davidson,Nashville,8/13/2022 10:10:00 AM,2,0,0,36.150040,-86.858460,CHARLOTTE PKE,,,,155.00,Feet,West,WHITE BRIDGE PKE,,,,0.00,N,Not at Intersection,N,Non-Junction,None,,,         ,Jakub,Boyke,Clear,Angle,no,no,no,no,yes,False
103386143,METROPOLITAN NASHVILLE POLICE DEPT,20220400261,Davidson,Nashville,8/13/2022 1:40:00 PM,3,0,0,36.178080,-86.745630,FORREST AV,,,,0.00,,,N 14TH ST,,,,0.00,Y,Four-Way, ,Intersection-Related,None,,,         ,Theodore,Kenney,Clear,Angle,no,no,no,no,no,False
103386162,METROPOLITAN NASHVILLE POLICE DEPT,20220400378,Davidson,Nashville,8/13/2022 12:45:00 PM,2,0,0,36.107040,-86.719400,I24 W EXT RAMP,,,,0.00,Feet,East,I 24,,,,0.00,N,Not at Intersection,N,Non-Junction,None,,,         ,Sean,McConnell,Clear,Front to Rear,no,no,no,no,yes,False
103386168,METROPOLITAN NASHVILLE POLICE DEPT,20220400321,Davidson,Antioch,8/13/2022 3:26:00 PM,2,1,0,36.015110,-86.619980,I24 W EXT RAMP,,,,0.00,,East,I 24,,,,0.00,N,Not at Intersection,N,Non-Junction,None,,,         ,Megan,Arnett,Clear,Front to Rear,no,no,no,no,no,False
103386169,METROPOLITAN NASHVILLE POLICE DEPT,20220400380,Davidson,Nashville,8/13/2022 2:49:00 PM,3,0,0,36.085050,-86.647770,MURFREESBORO PKE,,,,534.00,Feet,North,UNA ANTIOCH PKE,,,,0.00,N,Not at Intersection, ,Non-Junction,None,,,         ,Steven,Bowler,Clear,Front to Rear,no,no,no,no,no,False
103386175,METROPOLITAN NASHVILLE POLICE DEPT,20220400351,Davidson,Nashville,8/13/2022 3:44:00 PM,2,0,0,36.080080,-86.758490,TROUSDALE DR,,,,172.00,Feet,North,RICHMAR DR,,,,0.00,N,Not at Intersection, ,Non-Junction,None,,,         ,David,Harms,Clear,Angle,no,no,no,no,yes,False
103386184,METROPOLITAN NASHVILLE POLICE DEPT,20220400387,Davidson,Nashville,8/13/2022 12:00:00 AM,2,0,0,36.071680,-86.635970,MURFREESBORO PKE,,,,94.00,Feet,South,BELL RD,,,,0.00,N,Not at Intersection,N,Non-Junction,None,,,         ,Taylor,Blackwelder,Clear,"Sideswipe, Same Direction",no,no,no,no,no,False
103386185,METROPOLITAN NASHVILLE POLICE DEPT,20220400316,Davidson,Nashville,8/13/2022 3:23:00 PM,2,3,0,36.153550,-86.857530,BRILEY PKWY,,,,83.00,Feet,South,BRILEY PKWY S EXT RAMP,,,,0.00,N,Not at Intersection,N,Non-Junction,None,,,         ,Heather,Fox,Clear,"Sideswipe, Same Direction",no,no,no,no,no,False
103386194,METROPOLITAN NASHVILLE POLICE DEPT,20220400338,Davidson,Nashville,8/13/2022 8:30:00 AM,1,0,0,36.084840,-86.651400,RANSOM VILLAGE WAY,,,,3.00,Feet,East,TITAN CT,,,,0.00,N,Not at Intersection,N,Non-Junction,None,,,         ,Nadine,Klemenz,Clear,Not Collision with Motor Vehicle in Transport,no,no,no,no,yes,False
103386232,METROPOLITAN NASHVILLE POLICE DEPT,20220400515,Davidson,Nashville,8/13/2022 6:18:00 PM,1,1,0,36.004390,-86.689720,OAKLEDGE DR,,,,376.00,Feet,West,OAKFIELD GROVE,,,,0.00,N,Not at Intersection,N,Non-Junction,None,,,         ,Andre,Williams,Clear,Not Collision with Motor Vehicle in Transport,no,no,no,yes,no,False
103386254,METROPOLITAN NASHVILLE POLICE DEPT,20220400533,Davidson,Nashville,8/13/2022 4:57:00 PM,2,3,0,36.125500,-86.700290,GOODBAR DR,,,,0.00,,,KERMIT DR,,,,0.00,Y,Four-Way,N,Intersection,None,,,         ,Robert,Marquez,Clear,Angle,no,no,no,no,no,False
103386257,METROPOLITAN NASHVILLE POLICE DEPT,20220400496,Davidson,Nashville,8/13/2022 3:47:00 PM,3,0,0,36.043110,-86.661640,CANE RIDGE RD,,,,34.00,Feet,North,BELL HOLLOW APTS PVTDR,,,,0.00,N,Not at Intersection, ,Non-Junction,None,,,         ,Nadine,Klemenz,Clear,"Sideswipe, Same Direction",no,no,no,no,no,False
103386298,METROPOLITAN NASHVILLE POLICE DEPT,20220400625,Davidson,Nashville,8/13/2022 5:00:00 PM,2,0,0,36.088370,-86.607040,ANDERSON RD,,,,235.00,Feet,North,SMITH SPRINGS RD,,,,0.00,N,Not at Intersection,N,Non-Junction,None,,,         ,Charis,Holland,Clear,Other,no,no,no,yes,yes,False
103386349,METROPOLITAN NASHVILLE POLICE DEPT,20220400528,Davidson,Nashville,8/13/2022 12:00:00 AM,1,1,0,36.251160,-86.715820,E WEBSTER ST,,,,117.00,Feet,West,LIBERTY CIR,,,,0.00,N,Not at Intersection,N,Non-Junction,None,,,         ,James,Kidd,Clear,Not Collision with Motor Vehicle in Transport,no,no,no,no,no,False
103386351,METROPOLITAN NASHVILLE POLICE DEPT,20220400440,Davidson,Nashville,8/13/2022 1:15:00 PM,2,0,0,36.192840,-86.801370,ROSA L PARKS BLVD,,,,175.00,Feet,East,ATHENS WAY,,,,0.00,N,Not at Intersection,N,Non-Junction,None,,,         ,Kaitlyn,Powell,Clear,Rear to Rear,no,no,no,yes,yes,False
103386361,GOODLETTSVILLE POLICE DEPT,22-24876,Davidson,Goodlettsville,8/13/2022 9:05:00 PM,2,0,0,36.302940,-86.709170,I 65,,,,0.00,,,,,,,95.40,N,Not at Intersection,N,Non-Junction,None,,,         ,Romario,Santiago-Lloyd,Clear,"Sideswipe, Same Direction",no,no,no,no,yes,False
103386365,METROPOLITAN NASHVILLE POLICE DEPT,20220400369,Davidson,Nashville,8/13/2022 2:09:00 PM,2,0,0,36.166330,-86.764780,I 24,,,,0.00,,,,,,,49.00,N,Not at Intersection, ,Non-Junction,None,,,         ,Ralph,Gault,Clear,Front to Rear,no,no,no,no,no,False
103386376,METROPOLITAN NASHVILLE POLICE DEPT,115419048,Davidson,Nashville,8/13/2022 7:05:00 PM,3,0,0,36.180830,-86.806870,12TH AVN,,,,248.00,Feet,North,BUCHANAN ST,,,,0.00,N,Not at Intersection,N,Non-Junction,None,,,         ,Tyler,Jordan,Clear,"Sideswipe, Same Direction",no,no,no,no,yes,False
103386388,METROPOLITAN NASHVILLE POLICE DEPT,20220400482,Davidson,Nashville,8/13/2022 5:00:00 PM,2,0,0,36.161780,-86.818410,HERMAN ST,,,,190.00,Feet,West,27TH AVN,,,,0.00,N,Not at Intersection,N,Non-Junction,None,,,         ,Dylan,Ramos,Clear,Front to Rear,no,no,no,no,no,False
103386402,METROPOLITAN NASHVILLE POLICE DEPT,20220400409,Davidson,Not in City Limit,8/13/2022 4:28:00 PM,2,0,0,36.262870,-86.681130,STATE RT 45,,,,51.00,Feet,West,RIO VISTA DR,,,,0.00,N,Not at Intersection,N,Non-Junction,None,,,         ,Dylan,Bradley,Clear,Front to Rear,no,no,no,no,no,False
103386407,METROPOLITAN NASHVILLE POLICE DEPT,20220400712,Davidson,Nashville,8/13/2022 9:19:00 PM,1,1,0,36.144870,-86.880940,I 40,,,,0.00,,,,,,,202.50,N,Not at Intersection,N,Non-Junction,None,,,         ,Nicholas,Smith,Clear,Not Collision with Motor Vehicle in Transport,no,no,no,no,no,False
103386430,METROPOLITAN NASHVILLE POLICE DEPT,20220400737,Davidson,Nashville,8/13/2022 4:30:00 PM,2,0,0,36.222050,-86.761540,DICKERSON PKE,,,,135.00,Feet,North,HART LN,,,,0.00,N,Not at Intersection,N,Non-Junction,None,,,         ,Ty,Cummings,Clear,Rear to Rear,no,no,no,yes,yes,False
103386431,METROPOLITAN NASHVILLE POLICE DEPT,20220400794,Davidson,Nashville,8/13/2022 9:50:00 PM,2,1,0,36.150320,-86.868840,I 40,,,,0.00,,,,,,,203.30,N,Not at Intersection,N,Non-Junction,None,,,         ,William,Vanbergen,Clear,Front to Rear,no,no,no,no,no,False
103386443,METROPOLITAN NASHVILLE POLICE DEPT,20220400731,Davidson,Nashville,8/13/2022 9:30:00 PM,1,1,0,36.231730,-86.619190,SHUTE LN,,,,703.00,Feet,West,MONTCHANIN TER,,,,0.00,N,Not at Intersection,N,Non-Junction,None,,,         ,Patrick,Deau,Clear,Not Collision with Motor Vehicle in Transport,no,no,no,no,no,False
103386453,METROPOLITAN NASHVILLE POLICE DEPT,20220400879,Davidson,Nashville,8/13/2022 8:07:00 PM,2,0,0,36.163000,-86.778510,4TH AVN,,,,258.00,Feet,North,COMMERCE ST,,,,0.00,N,Not at Intersection,N,Non-Junction,None,,,         ,Jarrett,Messick,Clear,Angle,no,no,no,no,yes,False
103386462,METROPOLITAN NASHVILLE POLICE DEPT,20220400821,Davidson,Nashville,8/13/2022 10:00:00 PM,2,0,0,36.149120,-86.775480,I 40,,,,0.00,,,,,,,210.05,N,Not at Intersection,N,Non-Junction,Unknown,Unknown,Unknown,         ,Tre,Marlowe,Unknown,Unknown,no,no,no,no,no,False
103386463,METROPOLITAN NASHVILLE POLICE DEPT,20220400875,Davidson,Nashville,8/13/2022 11:00:00 PM,2,1,0,36.143780,-86.729710,ELM HILL PKE,,,,219.00,Feet,East,ARLINGTON AV,,,,0.00,N,Not at Intersection,N,Non-Junction,None,,,         ,Dylan,Colquhoun,Clear,Front to Rear,no,no,no,no,no,False
103386464,METROPOLITAN NASHVILLE POLICE DEPT,20220400785,Davidson,Nashville,8/13/2022 12:00:00 AM,2,1,0,36.150370,-86.770280,4TH AVS,,,,41.00,Feet,South,I40 E EXT RAMP,,,,0.00,N,Not at Intersection,N,Non-Junction,None,,,         ,John,Braxton,Clear,Front to Rear,no,no,no,no,yes,False
103386466,METROPOLITAN NASHVILLE POLICE DEPT,20220400845,Davidson,Nashville,8/13/2022 10:36:00 PM,4,0,0,36.039880,-86.764550,OLD HICKORY BLVD,,,,249.00,Feet,East,HEARTHSTONE MANOR LN,,,,0.00,N,Not at Intersection,N,Non-Junction,None,,,         ,David,Harms,Clear,Angle,no,no,no,no,yes,False
103386467,METROPOLITAN NASHVILLE POLICE DEPT,20220400847,Davidson,Nashville,8/13/2022 9:45:00 PM,2,0,0,36.149970,-86.770000,4TH AVS,,,,119.00,Feet,North,MCCANN ST,,,,0.00,N,Not at Intersection,N,Non-Junction,None,,,         ,Alexander,Perry,Clear,Angle,no,no,no,no,no,False
103386474,METROPOLITAN NASHVILLE POLICE DEPT,20220400818,Davidson,Nashville,8/13/2022 10:25:00 PM,2,0,0,36.159740,-86.776370,4TH AVS,,,,524.00,Feet,South,4TH AVN,,,,0.00,N,Not at Intersection,N,Non-Junction,None,,,         ,David,Snowden,Clear,Angle,no,no,no,no,no,False
103386486,METROPOLITAN NASHVILLE POLICE DEPT,20220400866,Davidson,Madison,8/13/2022 11:00:00 PM,2,1,0,36.276030,-86.689600,MYATT DR,,,,0.00,,,MYATT CENTER LN,,,,0.00,Y,T-Intersection,N,Intersection,None,,,         ,Kaleigh,Pearce,Clear,Angle,no,no,no,no,no,False
103386495,METROPOLITAN NASHVILLE POLICE DEPT,20220400325,Davidson,Nashville,8/13/2022 3:20:00 PM,2,0,0,36.149180,-86.789660,HAWKINS ST,,,,0.00,Feet,East,MUSIC CIRE,,,,0.00,N,Not at Intersection,N,Non-Junction,None,,,         ,Cory,Stratton,Clear,Front to Rear,no,no,no,no,no,False
103386502,METROPOLITAN NASHVILLE POLICE DEPT,20220401031,Davidson,Nashville,8/14/2022 12:30:00 AM,2,0,0,36.160470,-86.775280,3RD AVS,,,,0.00,,,SHELBY ST PEDESTRIAN BRIDGE GR,,,,0.00,Y,OTHER, ,OtherLocation,None,,,         ,Michael,Reid,Clear,"Sideswipe, Same Direction",no,no,no,yes,no,False
103386511,METROPOLITAN NASHVILLE POLICE DEPT,20220401090,Davidson,Nashville,8/14/2022 12:00:00 AM,2,0,0,36.182090,-86.749090,GALLATIN AV,,,,0.00,Feet,,MAXWELL AV,,,,0.00,Y,T-Intersection,N,Intersection,None,,,         ,laina,herod,Clear,Front to Rear,no,no,no,no,yes,False
103386533,METROPOLITAN NASHVILLE POLICE DEPT,20220401148,Davidson,Nashville,8/14/2022 2:00:00 AM,2,0,0,36.169610,-86.806070,JEFFERSON ST,,,,170.00,Feet,East,DR D B TODD JR BLVD,,,,0.00,N,Not at Intersection,N,Non-Junction,None,,,         ,Nathan,Sizemore,Clear,Front to Rear,no,no,no,no,no,False
103386536,METROPOLITAN NASHVILLE POLICE DEPT,20220401188,Davidson,Nashville,8/14/2022 3:13:00 AM,2,3,0,36.143960,-86.700550,I 40,,,,0.00,,,,,,,214.70,N,Not at Intersection,N,Non-Junction,None,,,         ,Bryson,Wilkins,Clear,Unknown,no,no,no,no,yes,False
103386541,METROPOLITAN NASHVILLE POLICE DEPT,20220400814,Davidson,Not in City Limit,8/13/2022 12:00:00 AM,2,1,0,36.015380,-86.705660,NOLENSVILLE PKE,,,,0.00,Feet,West,SUGAR VALLEY DR,,,,0.00,N,Not at Intersection,N,Non-Junction,None,,,         ,Aaron,Brumley,Clear,Front to Rear,no,no,no,no,no,False
103386557,METROPOLITAN NASHVILLE POLICE DEPT,20220401128,Davidson,Nashville,8/14/2022 2:00:00 AM,1,1,0,36.081930,-86.701920,LINBAR DR,,,,0.00,,,WALLACE RD,,,,0.00,Y,T-Intersection,N,Intersection-Related,None,,,         ,Sullivan,Souksanh,Clear,Not Collision with Motor Vehicle in Transport,no,no,no,no,no,False
103386558,METROPOLITAN NASHVILLE POLICE DEPT,20220399750,Davidson,Nashville,8/14/2022 2:00:00 AM,2,1,0,36.153240,-86.794010,17TH AVS,,,,3.00,Feet,South,BROADWAY,,,,0.00,N,Not at Intersection,N,Non-Junction,None,,,         ,Dillon,Deleacaes,Clear,Angle,no,no,no,no,no,False
103386583,METROPOLITAN NASHVILLE POLICE DEPT,20220401277,Davidson,Madison,8/14/2022 5:43:00 AM,2,2,0,36.264070,-86.690290,STATE RT 45,,,,0.00,,,MYATT DR,,,,0.00,Y,Four-Way,N,Intersection,None,,,         ,Kaleigh,Pearce,Clear,Front to Rear,no,no,no,no,no,False
103386587,METROPOLITAN NASHVILLE POLICE DEPT,20220400971,Davidson,Nashville,8/14/2022 12:00:00 AM,1,0,0,36.025190,-86.664750,PETTUS RD,,,,0.00,,,PRESTON RD,,,,0.00,Y,T-Intersection,N,Non-Junction,None,,,         ,Justin,mathias,Clear,Not Collision with Motor Vehicle in Transport,no,no,no,no,no,False
103386588,METROPOLITAN NASHVILLE POLICE DEPT,20220401234,Davidson,Nashville,8/14/2022 4:09:00 AM,3,1,0,36.142350,-86.734980,I 40,,,,0.00,,,,,,,212.60,N,Not at Intersection,N,Non-Junction,None,,,         ,Connor,Hosey,Clear,Angle,no,no,no,no,yes,False
103386594,METROPOLITAN NASHVILLE POLICE DEPT,20220401161,Davidson,Nashville,8/14/2022 12:00:00 AM,2,0,0,36.118840,-86.726140,I 24,,,,0.00,,,,,,,53.00,N,Not at Intersection,N,Non-Junction,None,,,         ,Jack,Burke,Clear,Angle,no,no,no,no,yes,False
103386600,METROPOLITAN NASHVILLE POLICE DEPT,20220401269,Davidson,Nashville,8/14/2022 12:00:00 AM,4,3,0,36.050190,-86.667140,I 24,,,,0.00,,,,,,,58.85,N,Not at Intersection,N,Non-Junction,None,,,         ,John,Braxton,Clear,Angle,no,no,no,no,yes,False
103386601,METROPOLITAN NASHVILLE POLICE DEPT,20220401312,Davidson,Nashville,8/14/2022 2:44:00 AM,2,0,0,36.041100,-86.775890,OLD HICKORY BLVD,,,,93.00,Feet,East,BRENTWOOD COMMONS WAY,,,,0.00,N,Not at Intersection,N,Non-Junction,None,,,         ,Travis,Pemberton,Clear,Front to Rear,no,no,no,no,yes,False
103386602,METROPOLITAN NASHVILLE POLICE DEPT,20220401200,Davidson,Nashville,8/14/2022 3:26:00 AM,2,0,0,36.118400,-86.748990,NOLENSVILLE PKE,,,,233.00,Feet,South,ELBERTA ST,,,,0.00,N,Not at Intersection,N,Non-Junction,None,,,         ,Jacob,West,Clear,"Sideswipe, Same Direction",no,no,no,no,no,False
103386605,METROPOLITAN NASHVILLE POLICE DEPT,20220401292,Davidson,Nashville,8/14/2022 12:00:00 AM,1,0,0,36.078800,-86.695740,I 24,,,,0.00,,,,,,,56.30,N,Not at Intersection,N,Non-Junction,None,,,         ,Jason,Hees,Clear,Not Collision with Motor Vehicle in Transport,no,no,no,no,yes,False
103386654,METROPOLITAN NASHVILLE POLICE DEPT,20220401433,Davidson,Nashville,8/14/2022 5:25:00 AM,2,0,0,36.046380,-86.660550,I 24,,,,0.00,,,,,,,59.30,N,Not at Intersection,N,Non-Junction,None,,,         ,Wyatt,Blacker,Unknown,Front to Rear,no,no,no,no,yes,False