master_record_number,agency,agency_tracking_number,county,city,collision_date,vehicles_involved,number_injured,number_dead,latitude,longitude,roadway_name,roadway_suffix,roadway_number,roadway_local_id,distance_from_reference,miles-feet_indicator,direction_from_reference,intersection_road_name,intersection_road_name_suffix,intersection_road_number,intersection_local_id,mile_marker,intersection_indicator,intersect_type,interchange_related_indicator,relation_to_junction,work_zone_type,construction_maintenance_zone,construction_maintenance_zone_location,fatal_case_number,officer_first_name,officer_last_name,weather_condition(s),manner_of_crash,pedestrian,bicycle,scooter,parking,hitrun,mou
103386656,METROPOLITAN NASHVILLE POLICE DEPT,20220401392,Davidson,Nashville,8/14/2022 8:38:00 AM,1,0,0,36.040860,-86.699710,OLD HICKORY BLVD,,,,62.00,Feet,North,GREEN TIMBERS DR,,,,0.00,N,Not at Intersection,N,Non-Junction,None,,,         ,Charles,Agius,Clear,Not Collision with Motor Vehicle in Transport,no,no,no,no,no,False
103386676,METROPOLITAN NASHVILLE POLICE DEPT,20220401395,Davidson,Not in City Limit,8/14/2022 7:54:00 AM,1,0,0,36.067460,-86.999150,MCCRORY LN,,,,1240.00,Feet,West,AVONDALE PARK BLVD,,,,0.00,N,Not at Intersection,N,Non-Junction,None,,,         ,Jack,Crouch,Clear,Not Collision with Motor Vehicle in Transport,no,no,no,no,no,False
103386712,METROPOLITAN NASHVILLE POLICE DEPT,20220401501,Davidson,Nashville,8/14/2022 10:30:00 AM,2,0,0,36.100640,-86.740100,NOLENSVILLE PKE,,,,0.00,,,,,,,0.00,,,N,Non-Junction,None,,,         ,Mark,Iovine,Clear,Rear to Rear,no,no,no,yes,yes,False
103386724,METROPOLITAN NASHVILLE POLICE DEPT,20220401451,Davidson,Nashville,8/14/2022 12:00:00 AM,1,0,0,36.058260,-86.722570,MCMURRAY DR,,,,24.00,Feet,North,TUSCULUM RD,,,,0.00,N,Not at Intersection,N,Non-Junction,None,,,         ,Richard,Gilbert,Other,Not Collision with Motor Vehicle in Transport,no,no,no,no,yes,False
103386738,METROPOLITAN NASHVILLE POLICE DEPT,20220401529,Davidson,Nashville,8/14/2022 11:21:00 AM,2,0,0,36.082380,-86.697650,I 24,,,,0.00,,,,,,,56.00,N,Not at Intersection, ,Non-Junction,None,,,         ,Benjamin,Tasto,Clear,"Sideswipe, Same Direction",no,no,no,no,no,False
103386796,METROPOLITAN NASHVILLE POLICE DEPT,20220401620,Davidson,Nashville,8/14/2022 1:20:00 PM,1,0,0,36.202180,-86.746810,GEAR ST,,,,32.00,Feet,South,SPAIN AV,,,,0.00,N,Not at Intersection, ,Non-Junction,None,,,         ,Goran,Manojlovic,Clear,Not Collision with Motor Vehicle in Transport,no,no,no,no,no,False
103386832,GOODLETTSVILLE POLICE DEPT,22-24939,Davidson,Goodlettsville,8/14/2022 12:35:00 PM,3,0,0,36.300330,-86.711260,I 65,,,,0.00,,,,,,,95.15,N,Not at Intersection, ,Non-Junction,None,,,         ,Daniel,Knalls,Clear,"Sideswipe, Same Direction",no,no,no,no,yes,False
103386844,METROPOLITAN NASHVILLE POLICE DEPT,20220401571,Davidson,Nashville,8/14/2022 11:50:00 AM,2,0,0,36.153940,-86.857880,ROBERTSON AV,,,,63.00,Feet,East,I40 W ENT RAMP,,,,0.00,N,Not at Intersection, ,Non-Junction,None,,,         ,Tony,Folad,Clear,Front to Rear,no,no,no,no,no,False
103386861,METROPOLITAN NASHVILLE POLICE DEPT,20220401643,Davidson,Nashville,8/14/2022 1:13:00 PM,2,0,0,36.110940,-86.745240,THOMPSON LN,,,,13.00,Feet,West,NOLENSVILLE PKE,,,,0.00,N,Not at Intersection, ,Non-Junction,None,,,         ,Mark,Iovine,Clear,Front to Rear,no,no,no,no,no,False
103386872,METROPOLITAN NASHVILLE POLICE DEPT,20220401601,Davidson,Nashville,8/14/2022 8:30:00 AM,2,0,0,36.217160,-86.814720,CROUCH DR,,,,97.00,Feet,West,RINGGOLD DR,,,,0.00,N,Not at Intersection,N,Non-Junction,None,,,         ,Ryan,Worstall,Clear,Rear to Side,no,no,no,yes,yes,False
103386965,METROPOLITAN NASHVILLE POLICE DEPT,20220401626,Davidson,Nashville,8/14/2022 1:27:00 PM,3,2,0,36.121500,-86.696720,BRILEY PKWYS,,,,6.00,Feet,South,BRILEY PKWY,,,,0.00,N,Not at Intersection,N,Non-Junction,None,,,         ,Zachary,Akers,Clear,"Sideswipe, Opposite Direction",no,no,no,no,no,False
103386979,METROPOLITAN NASHVILLE POLICE DEPT,20220401634,Davidson,Nashville,8/14/2022 1:40:00 PM,2,0,0,36.147610,-86.744220,I 40,,,,0.00,,,,,,,212.00,N,Not at Intersection, ,Non-Junction,None,,,         ,Cameron,Fritschie,Clear,"Sideswipe, Same Direction",no,no,no,no,no,False
103386991,METROPOLITAN NASHVILLE POLICE DEPT,20220401723,Davidson,Nashville,8/14/2022 3:31:00 PM,1,1,0,36.151300,-86.785860,I40 W EXT RAMP,,,,0.00,Feet,East,I 40,,,,0.00,N,Not at Intersection,N,Non-Junction,None,,,         ,Zachary,Cooper,Clear,Not Collision with Motor Vehicle in Transport,no,no,no,no,no,False
103387015,METROPOLITAN NASHVILLE POLICE DEPT,20220401783,Davidson,Nashville,8/14/2022 4:15:00 PM,2,0,0,36.140570,-86.723700,I 40,,,,0.00,,,,,,,213.55,N,Not at Intersection,N,Non-Junction,None,,,         ,Reagan,Heath,Clear,Front to Rear,no,no,no,no,no,False
103387032,METROPOLITAN NASHVILLE POLICE DEPT,20220401789,Davidson,Not in City Limit,8/14/2022 3:47:00 PM,2,1,0,36.262790,-86.704430,E OLD HICKORY BLVD,,,,0.00,,,DELAWARE AV,,,,0.00,Y,T-Intersection,Y,Intersection,None,,,         ,Benjamin,Williams,Clear,Angle,no,no,no,no,no,False
103387045,METROPOLITAN NASHVILLE POLICE DEPT,20220401789,Davidson,Not in City Limit,8/14/2022 3:47:00 PM,2,0,0,36.260120,-86.712960,GALLATIN PKES,,,,88.00,Feet,North,WOODRUFF ST,,,,0.00,N,Not at Intersection,N,Non-Junction,None,,,         ,Brandon,Lopez,Cloudy,Angle,no,no,no,no,yes,False
103387047,METROPOLITAN NASHVILLE POLICE DEPT,20220401825,Davidson,Nashville,8/14/2022 12:00:00 AM,2,1,0,36.221890,-86.597550,DONELSON TRC,,,,0.00,Feet,East,ANDREW JACKSON PKWY,,,,0.00,N,Not at Intersection,N,Non-Junction,None,,,         ,Esther,Poysti,Clear,Front to Rear,no,no,no,no,no,False
103387077,METROPOLITAN NASHVILLE POLICE DEPT,20220401797,Davidson,Nashville,8/14/2022 4:37:00 PM,1,1,0,36.156410,-86.824010,I440 W EXT RAMP,,,,0.00,Feet,East,I 40,,,,0.00,N,Not at Intersection,N,Non-Junction,None,,,         ,Justin,Wells,Clear,Not Collision with Motor Vehicle in Transport,no,no,no,no,no,False
103387086,METROPOLITAN NASHVILLE POLICE DEPT,20220401453,Davidson,Nashville,8/14/2022 12:00:00 AM,2,1,0,36.124110,-86.728030,I 24,,,,0.00,,,,,,,52.60,N,Not at Intersection,N,Non-Junction,None,,,         ,Luis,Pena,Clear,Front to Rear,no,no,no,no,yes,False
103387104,METROPOLITAN NASHVILLE POLICE DEPT,20220401691,Davidson,Nashville,8/14/2022 12:00:00 AM,1,1,0,36.173730,-86.580900,CENTRAL PKE,,,,301.00,Feet,East,N NEW HOPE RD,,,,0.00,N,Not at Intersection,N,Non-Junction,None,,,         ,Keenan,McCann,Clear,Not Collision with Motor Vehicle in Transport,no,no,no,yes,no,False
103387105,METROPOLITAN NASHVILLE POLICE DEPT,20220401784,Davidson,Nashville,8/14/2022 3:58:00 PM,4,0,0,36.151800,-86.771250,LAFAYETTE ST,,,,0.00,,,4TH AVS,,,,0.00,Y,OTHER, ,Intersection-Related,None,,,         ,Ralph,Gault,Cloudy,Front to Rear,no,no,no,no,no,False
103387107,METROPOLITAN NASHVILLE POLICE DEPT,20220401870,Davidson,Nashville,8/14/2022 5:30:00 PM,2,0,0,36.038960,-86.649310,I24 E ENT RAMP,,,,0.00,Feet,East,I 24,,,,0.00,N,Not at Intersection,N,Non-Junction,None,,,         ,Zachary,Wilbanks,Clear,Angle,no,no,no,no,no,False
103387110,METROPOLITAN NASHVILLE POLICE DEPT,20220401882,Davidson,Nashville,8/14/2022 5:52:00 PM,1,0,0,36.063820,-86.666480,BOWFIELD DR,,,,78.00,Feet,East,REEVES RD,,,,0.00,N,Not at Intersection,N,Non-Junction,None,,,         ,Jared,Dick,Clear,Not Collision with Motor Vehicle in Transport,no,no,no,no,yes,False
103387122,METROPOLITAN NASHVILLE POLICE DEPT,20220401964,Davidson,Nashville,8/14/2022 6:15:00 PM,1,0,0,36.141150,-86.721940,SPENCE LN,,,,2.00,Feet,North,I40 W EXT RAMP,,,,0.00,N,Not at Intersection,N,Non-Junction,Unknown,,,         ,Reagan,Heath,Unknown,Not Collision with Motor Vehicle in Transport,no,no,no,no,yes,False
103387127,METROPOLITAN NASHVILLE POLICE DEPT,20220401811,Davidson,Nashville,8/14/2022 4:49:00 PM,2,2,0,36.160760,-86.793690,14TH AVN,,,,0.00,,,CHARLOTTE AV,,,,0.00,Y,T-Intersection,Y,Intersection,None,,,         ,Garrett,Latham,Clear,Angle,no,no,no,no,no,False
103387128,METROPOLITAN NASHVILLE POLICE DEPT,20220401910,Davidson,Nashville,8/14/2022 6:20:00 PM,2,0,0,36.254800,-86.714780,MADISON BLVD,,,,153.00,Feet,East,GALLATIN PKES,,,,0.00,N,Not at Intersection,N,Non-Junction,None,,,         ,Brandon,Lopez,Cloudy,Angle,no,no,no,no,no,False
103387140,METROPOLITAN NASHVILLE POLICE DEPT,20220401843,Davidson,Nashville,8/14/2022 4:57:00 PM,2,0,0,36.028200,-86.590310,MURFREESBORO PKE,,,,74.00,Feet,South,LAVERGNE COUCHVILLE PKE,,,,0.00,N,Not at Intersection, ,Non-Junction,None,,,         ,Parker,Vegas,Clear,Front to Rear,no,no,no,no,no,False
103387141,METROPOLITAN NASHVILLE POLICE DEPT,20220401907,Davidson,Nashville,8/14/2022 2:56:00 PM,2,1,0,36.064990,-86.628680,MURFREESBORO PKE,,,,93.00,Feet,North,HAMILTON CHURCH RD,,,,0.00,N,Not at Intersection,N,Non-Junction,None,,,         ,Parker,Vegas,Clear,Front to Rear,no,no,no,no,yes,False
103387155,METROPOLITAN NASHVILLE POLICE DEPT,20220401985,Davidson,Nashville,8/14/2022 7:22:00 PM,2,1,0,36.067070,-86.688920,APACHE TRL,,,,53.00,Feet,East,HICKORY LAKE APTS PVTDR,,,,0.00,N,Not at Intersection,N,Non-Junction,None,,,         ,Jared,Dick,Clear,Angle,no,no,no,no,yes,False
103387275,THP District 3 - Nashville,322065938,Davidson,Not in City Limit,8/14/2022 1:23:00 PM,2,0,0,36.351110,-86.936230,I 24,,,,0.00,,,,,,,30.70,N,Not at Intersection, ,Non-Junction,None,,,         ,Gilbert,Gima,Clear,"Sideswipe, Same Direction",no,no,no,no,no,False
103387296,METROPOLITAN NASHVILLE POLICE DEPT,20220401898,Davidson,Not in City Limit,8/14/2022 5:00:00 PM,2,1,0,36.260460,-86.762740,BELLSHIRE DR,,,,0.00,Feet,,TUCKAHOE DR,,,,0.00,Y,Four-Way,N,Non-Junction,None,,,         ,Joshua,Warren,Clear,Angle,no,no,no,no,yes,False
103387313,METROPOLITAN NASHVILLE POLICE DEPT,20220402085,Davidson,Nashville,8/14/2022 12:00:00 AM,2,0,0,36.245660,-86.715790,BERKLEY DR,,,,135.00,Feet,East,ARGLE AV,,,,0.00,N,Not at Intersection, ,Non-Junction,None,,,         ,Paul,Hughes II,Clear,Angle,no,no,no,yes,no,False
103387333,METROPOLITAN NASHVILLE POLICE DEPT,20220402077,Davidson,Nashville,8/14/2022 9:49:00 PM,2,0,0,36.183500,-86.610760,OLD HICKORY BLVD,,,,0.00,Feet,,DODSON CHAPEL RD,,,,0.00,Y,Four-Way,N,Intersection,None,,,         ,Nelson,Hemingway,Clear,Angle,no,no,no,no,yes,False
103387340,METROPOLITAN NASHVILLE POLICE DEPT,20220402016,Davidson,Madison,8/14/2022 12:00:00 AM,2,0,0,36.271080,-86.710330,ROOSEVELT AV,,,,11.00,Feet,East,GALLATIN PKEN,,,,0.00,N,Not at Intersection, ,Non-Junction,None,,,         ,James,Kidd,Cloudy,Front to Rear,no,no,no,no,no,False
103387350,METROPOLITAN NASHVILLE POLICE DEPT,20220402232,Davidson,Nashville,8/14/2022 11:40:00 PM,1,0,0,36.246080,-86.735830,S GRAYCROFT AV,,,,5.00,Feet,North,BRIARVILLE RD,,,,0.00,N,Not at Intersection,N,Non-Junction,None,,,         ,Jonathon,Sheppard,Clear,Not Collision with Motor Vehicle in Transport,no,no,no,no,yes,False
103387373,METROPOLITAN NASHVILLE POLICE DEPT,20220401119,Davidson,Nashville,8/14/2022 1:12:00 AM,2,0,0,36.167240,-86.779420,JAMES ROBERTSON PKWY,,,,64.00,Feet,East,3RD AVN,,,,0.00,N,Not at Intersection, ,,None,,,         ,Kevin,Steiner,,,no,no,no,no,no,False
103387376,METROPOLITAN NASHVILLE POLICE DEPT,20220402178,Davidson,Nashville,8/14/2022 9:05:00 PM,2,1,0,36.174430,-86.770740,I 24,,,,0.00,,,,,,,48.10,N,Not at Intersection,N,Non-Junction,None,,,         ,Bobby,Ehman,Clear,"Sideswipe, Same Direction",no,no,no,no,no,False
103387385,METROPOLITAN NASHVILLE POLICE DEPT,20220402248,Davidson,Nashville,8/14/2022 10:25:00 PM,2,0,0,36.203480,-86.738570,GALLATIN PKE,,,,171.00,Feet,South,E TRINITY LN,,,,0.00,N,Not at Intersection, ,Non-Junction,None,,,         ,Devyn,Hollinsworth,Clear,"Sideswipe, Same Direction",no,no,no,yes,yes,False
103387387,METROPOLITAN NASHVILLE POLICE DEPT,20220402331,Davidson,Nashville,8/15/2022 12:00:00 AM,1,0,0,36.099550,-86.710790,I 24,,,,0.00,,,,,,,54.60,N,Not at Intersection,N,Non-Junction,None,,,         ,Sullivan,Souksanh,Clear,Unknown,no,no,no,no,yes,False
103387389,METROPOLITAN NASHVILLE POLICE DEPT,20220402029,Davidson,Nashville,8/14/2022 8:28:00 PM,1,0,0,36.095460,-86.530090,COUCHVILLE PKE,,,,0.00,Feet,,S MOUNT JULIET RD,,,,0.00,Y,T-Intersection,N,Intersection,None,,,         ,John,McDonnell,Clear,Not Collision with Motor Vehicle in Transport,no,no,no,no,no,False
103387418,METROPOLITAN NASHVILLE POLICE DEPT,20220402362,Davidson,Nashville,8/14/2022 7:38:00 PM,2,0,0,36.229410,-86.728800,BROADMOOR DR,,,,345.00,Feet,West,PORSHA DR,,,,0.00,N,Not at Intersection, ,Non-Junction,None,,,         ,Jordan,Knight,Clear,"Sideswipe, Same Direction",no,no,no,no,yes,False
103387438,METROPOLITAN NASHVILLE POLICE DEPT,20220401716,Davidson,Nashville,8/14/2022 12:00:00 AM,2,0,0,36.182520,-86.747050,STRATTON AV,,,,60.00,Feet,West,N 12TH ST,,,,0.00,N,Not at Intersection, ,Non-Junction,None,,,         ,McKenzie,Harper,Clear,"Sideswipe, Same Direction",no,no,no,no,no,False
103387498,METROPOLITAN NASHVILLE POLICE DEPT,20220402512,Davidson,Nashville,8/14/2022 2:30:00 PM,1,0,0,36.070610,-86.641810,RICE RD,,,,911.00,Feet,North,RURAL HILL RD,,,,0.00,N,Not at Intersection, ,Non-Junction,None,,,         ,Jack,Burke,Clear,Not Collision with Motor Vehicle in Transport,no,no,no,no,no,False
103387512,METROPOLITAN NASHVILLE POLICE DEPT,20220402687,Davidson,Madison,8/15/2022 7:14:00 AM,1,0,0,36.252770,-86.695760,NEELYS BEND RD,,,,237.00,Feet,East,HILLCREST DR,,,,0.00,N,Not at Intersection, ,Non-Junction,None,,,         ,William,Coy,Clear,Not Collision with Motor Vehicle in Transport,no,no,no,no,no,False
103387514,METROPOLITAN NASHVILLE POLICE DEPT,20220402689,Davidson,Madison,8/15/2022 12:00:00 AM,2,0,0,36.259740,-86.680650,MALLOW DR,,,,336.00,Feet,South,FAWN LN,,,,0.00,N,Not at Intersection, ,Non-Junction,None,,,         ,Michelle,Steidl,Unknown,Angle,no,no,no,no,yes,False
103387543,METROPOLITAN NASHVILLE POLICE DEPT,20220402668,Davidson,Nashville,8/15/2022 7:06:00 AM,1,0,0,36.130180,-86.752300,POLK AV,,,,208.00,Feet,West,WHITNEY AV,,,,0.00,N,Not at Intersection,N,Non-Junction,None,,,         ,Stanley,Collins,Clear,Not Collision with Motor Vehicle in Transport,no,no,no,yes,no,False
103387566,METROPOLITAN NASHVILLE POLICE DEPT,20220402621,Davidson,Nashville,8/15/2022 6:49:00 AM,2,0,0,36.088560,-86.649690,MURFREESBORO PKE,,,,206.00,Feet,South,RANSOM PL,,,,0.00,N,Not at Intersection,N,Non-Junction,None,,,         ,Beri,Scott,Clear,Angle,no,no,no,no,no,False
103387568,METROPOLITAN NASHVILLE POLICE DEPT,20220402823,Davidson,Nashville,8/15/2022 8:32:00 AM,1,1,0,36.206700,-86.779330,W TRINITY LN,,,,266.00,Feet,West,HAMPTON ST,,,,0.00,N,Not at Intersection,N,Non-Junction,None,,,         ,James,Wray,Clear,Not Collision with Motor Vehicle in Transport,no,no,no,yes,no,False
103387578,METROPOLITAN NASHVILLE POLICE DEPT,20220402807,Davidson,Nashville,8/15/2022 8:15:00 AM,2,1,0,36.176910,-86.774580,SPRING ST,,,,0.00,,,N 1ST ST,,,,0.00,Y,Four-Way,N,Intersection,None,,,         ,Shawn,Taylor,Clear,Angle,no,no,no,no,yes,False
103387579,METROPOLITAN NASHVILLE POLICE DEPT,20220394421,Davidson,Nashville,8/10/2022 11:58:00 AM,2,0,0,36.159090,-86.774350,3RD AVS,,,,127.00,Feet,North,MOLLOY ST,,,,0.00,N,Not at Intersection, ,,None,,,         ,Shedie,Herbert III,,,no,no,no,no,no,False
103387581,METROPOLITAN NASHVILLE POLICE DEPT,20220402764,Davidson,Nashville,8/15/2022 7:45:00 AM,2,0,0,36.142590,-86.681510,I 40,,,,0.00,,,,,,,215.75,N,Not at Intersection, ,,None,,,         ,Larry,Benz,,,no,no,no,no,no,False
103387582,METROPOLITAN NASHVILLE POLICE DEPT,20220402879,Davidson,Nashville,8/15/2022 8:55:00 AM,2,0,0,36.200230,-86.768220,LUTON ST,,,,84.00,Feet,North,GATEWOOD AV,,,,0.00,N,Not at Intersection,N,Non-Junction,None,,,         ,Ryan,Papp,Clear,Front to Rear,no,no,no,no,no,False
103387583,METROPOLITAN NASHVILLE POLICE DEPT,20220402852,Davidson,Nashville,8/15/2022 8:05:00 AM,2,0,0,36.023570,-86.630570,I 24,,,,0.00,,,,,,,61.70,N,Not at Intersection, ,Non-Junction,None,,,         ,Ryan,Thomas,Clear,Front to Rear,no,no,no,no,no,False
103387586,METROPOLITAN NASHVILLE POLICE DEPT,20220402866,Davidson,Nashville,8/15/2022 7:30:00 AM,2,0,0,36.124580,-86.751960,NOLENSVILLE PKE,,,,163.00,Feet,South,ROSEDALE AV,,,,0.00,N,Not at Intersection,N,"Driveway, Alley Access, etc",None,,,         ,Todd,Watson,Clear,Angle,no,no,no,no,yes,False
103387594,METROPOLITAN NASHVILLE POLICE DEPT,20220402788,Davidson,Nashville,8/15/2022 8:04:00 AM,3,0,0,36.057110,-86.676600,I 24,,,,0.00,,,,,,,58.10,N,Not at Intersection,N,Non-Junction,None,,,         ,Beri,Scott,Clear,Front to Rear,no,no,no,no,yes,False
103387596,METROPOLITAN NASHVILLE POLICE DEPT,20220402660,Davidson,Nashville,8/15/2022 6:59:00 AM,2,0,0,36.170820,-86.601550,OLD HICKORY BLVD,,,,0.00,,,I40 W EXT RAMP,,,,0.00,Y,Four-Way,N,Intersection-Related,None,,,         ,Brian,Ritz,Clear,Angle,no,no,no,no,no,False
103387597,METROPOLITAN NASHVILLE POLICE DEPT,20220402786,Davidson,Nashville,8/15/2022 8:04:00 AM,3,4,0,36.143330,-86.686490,I 40,,,,0.00,,,,,,,215.50,N,Not at Intersection,N,Non-Junction,None,,,         ,Brian,Ritz,Clear,"Sideswipe, Same Direction",no,no,no,no,no,False
103387600,THP District 3 - Nashville,322066145,Davidson,Nashville,8/15/2022 7:45:00 AM,2,2,0,36.069120,-86.683840,ANTIOCH PKE,,,,0.00,,,RICHARDS RD,,,,0.00,Y,T-Intersection,Y,Intersection,None,,,         ,Alexander,Campbell,Clear,Angle,no,no,no,no,no,False
103387622,METROPOLITAN NASHVILLE POLICE DEPT,20220402875,Davidson,Nashville,8/15/2022 8:56:00 AM,2,0,0,36.222400,-86.725980,GALLATIN PKE,,,,158.00,Feet,South,GREENLAND AV,,,,0.00,N,Not at Intersection, ,Non-Junction,None,,,         ,Faye,Denson,Clear,Angle,no,no,no,no,no,False
103387625,METROPOLITAN NASHVILLE POLICE DEPT,20220402850,Davidson,Nashville,8/15/2022 7:45:00 AM,1,0,0,36.215110,-86.730070,GALLATIN PKE,,,,236.00,Feet,South,MARION AV,,,,0.00,N,Not at Intersection, ,,Construction Zone,,,         ,Theodore,Kenney,,,no,no,no,no,no,False
103387626,METROPOLITAN NASHVILLE POLICE DEPT,20220402917,Davidson,Nashville,8/14/2022 7:20:00 AM,1,0,0,36.215110,-86.730070,GALLATIN PKE,,,,236.00,Feet,South,MARION AV,,,,0.00,N,Not at Intersection,N,Non-Junction,Construction Zone,,,         ,Theodore,Kenney,Clear,Not Collision with Motor Vehicle in Transport,no,no,no,no,yes,False
103387627,METROPOLITAN NASHVILLE POLICE DEPT,20220403047,Davidson,Nashville,8/15/2022 10:41:00 AM,2,0,0,36.074480,-86.638650,MURFREESBORO PKE,,,,4.00,Feet,South,RURAL HILL RD,,,,0.00,N,Not at Intersection, ,,None,,,         ,Beri,Scott,,,no,no,no,no,no,False
103387643,METROPOLITAN NASHVILLE POLICE DEPT,20220402746,Davidson,Nashville,8/15/2022 7:36:00 AM,2,1,0,36.168840,-86.811330,JEFFERSON ST,,,,517.00,Feet,West,21ST AVN,,,,0.00,N,Not at Intersection,N,Non-Junction,None,,,         ,Jean,McCormack,Cloudy,Angle,no,no,no,no,no,False
103387645,METROPOLITAN NASHVILLE POLICE DEPT,20220402864,Davidson,Antioch,8/14/2022 7:00:00 PM,2,1,0,36.038050,-86.584110,LAURENWOOD DR,,,,660.00,Feet,East,LAVERGNE COUCHVILLE PKE,,,,0.00,N,Not at Intersection,N,Non-Junction,None,,,         ,James,Thomas,Clear,Rear to Side,no,no,no,no,no,False
103387655,METROPOLITAN NASHVILLE POLICE DEPT,20220402702,Davidson,Nashville,8/15/2022 12:00:00 AM,2,0,0,36.154550,-86.770420,2ND AVS,,,,34.00,Feet,North,MIDDLETON ST,,,,0.00,N,Not at Intersection,N,Non-Junction,None,,,         ,Maria,Reynolds,Clear,Angle,no,no,no,no,no,False
103387669,METROPOLITAN NASHVILLE POLICE DEPT,20220403025,Davidson,Nashville,8/15/2022 10:07:00 AM,2,0,0,36.099480,-86.710960,I 24,,,,0.00,,,,,,,54.60,N,Not at Intersection, ,Non-Junction,None,,,         ,Benjamin,Tasto,Clear,Not Collision with Motor Vehicle in Transport,no,no,no,no,no,False
103387671,METROPOLITAN NASHVILLE POLICE DEPT,20220402984,Davidson,Nashville,8/15/2022 10:05:00 AM,2,2,0,36.215120,-86.597670,LEBANON PKE,,,,0.00,,,ANDREW JACKSON PKWY,,,,0.00,Y,Four-Way,N,Intersection,None,,,         ,Larry,Benz,Clear,Angle,no,no,no,no,no,False
103387681,METROPOLITAN NASHVILLE POLICE DEPT,20220402691,Davidson,Antioch,8/14/2022 6:53:00 PM,2,0,0,36.082810,-86.586800,WATERFORD WAY,,,,54.00,Feet,East,NEWINGTON CV,,,,0.00,N,Not at Intersection,N,Non-Junction,None,,,         ,Shedie,Herbert III,Clear,Not Collision with Motor Vehicle in Transport,no,no,no,no,yes,False
103387682,METROPOLITAN NASHVILLE POLICE DEPT,20220403149,Davidson,Nashville,8/15/2022 11:45:00 AM,2,0,0,36.247480,-86.681530,SIOUX TER,,,,28.00,Feet,East,NEELYS BEND RD,,,,0.00,N,Not at Intersection, ,Non-Junction,None,,,         ,Nicholas,Carter,Cloudy,Angle,no,no,no,no,no,False
103387685,METROPOLITAN NASHVILLE POLICE DEPT,20220403182,Davidson,Nashville,8/15/2022 12:16:00 PM,2,3,0,36.175180,-86.759270,MAIN ST,,,,144.00,Feet,West,N 8TH ST,,,,0.00,N,Not at Intersection,N,Non-Junction,None,,,         ,Jason,Milyaro Lucas,Cloudy,Front to Rear,no,no,no,no,no,False
103387688,METROPOLITAN NASHVILLE POLICE DEPT,20220403159,Davidson,Nashville,8/15/2022 11:59:00 AM,2,2,0,36.156580,-86.787480,BROADWAY,,,,0.00,,,12TH AVS,,,,0.00,Y,Four-Way,N,Intersection-Related,None,,,         ,Shawn,Taylor,Clear,Front to Rear,no,no,no,no,no,False
103387693,METROPOLITAN NASHVILLE POLICE DEPT,20220403163,Davidson,Nashville,8/15/2022 12:01:00 PM,1,0,0,36.040450,-86.650880,I 24,,,,0.00,,,,,,,60.00,N,Not at Intersection,Y,Non-Junction,None,,,         ,James,Thomas,Clear,Not Collision with Motor Vehicle in Transport,no,no,no,no,no,False
103387716,METROPOLITAN NASHVILLE POLICE DEPT,20220403058,Davidson,Nashville,8/15/2022 10:40:00 AM,2,0,0,36.082100,-86.761700,I65 N EXT RAMP,,,,0.00,,,HARDING PL,,,,0.00,Y,Four-Way, ,Entrance/Exit Ramp Related,None,,,         ,Alexandra,Foote,Cloudy,Front to Rear,no,no,no,no,no,False
103387767,METROPOLITAN NASHVILLE POLICE DEPT,20220403312,Davidson,Nashville,8/15/2022 12:47:00 PM,2,0,0,36.199360,-86.740800,GALLATIN PKE,,,,111.00,Feet,South,DELMAS AV,,,,0.00,N,Not at Intersection,N,Non-Junction,None,,,         ,Theodore,Kenney,Clear,Angle,no,no,no,no,yes,False
103387792,METROPOLITAN NASHVILLE POLICE DEPT,20220403299,Davidson,Nashville,8/15/2022 1:29:00 PM,2,1,0,36.081500,-86.714190,HARDING PL,,,,168.00,Feet,West,WHISPERING OAKS PL,,,,0.00,N,Not at Intersection,N,Non-Junction,None,,,         ,Ryan,Thomas,Clear,Angle,no,no,no,no,yes,False
103387805,METROPOLITAN NASHVILLE POLICE DEPT,20220403342,Davidson,Nashville,8/15/2022 1:48:00 PM,2,1,0,36.062320,-86.904630,HIGHWAY 100,,,,0.00,,,OLD HICKORY BLVD,,,,0.00,Y,Four-Way,N,Intersection,None,,,         ,Michael,Dance,Clear,Angle,no,no,no,no,no,False
103387815,METROPOLITAN NASHVILLE POLICE DEPT,20220403341,Davidson,Nashville,8/15/2022 1:10:00 PM,2,0,0,36.151470,-86.820690,CITY PL,,,,70.00,Feet,South,CITY BLVD,,,,0.00,N,Not at Intersection,N,Non-Junction,None,,,         ,Kyle,Kinsman,Clear,"Sideswipe, Same Direction",no,no,no,no,yes,False
103387824,METROPOLITAN NASHVILLE POLICE DEPT,20220403359,Davidson,Nashville,8/15/2022 1:56:00 PM,1,0,0,36.196290,-86.608530,ANDREW JACKSON PKWY,,,,0.00,,,WEBER RD,,,,0.00,Y,Y-Intersection,N,Intersection,None,,,         ,Brian,Ritz,Clear,Not Collision with Motor Vehicle in Transport,no,no,no,no,no,False