master_record_number,agency,agency_tracking_number,county,city,collision_date,vehicles_involved,number_injured,number_dead,latitude,longitude,roadway_name,roadway_suffix,roadway_number,roadway_local_id,distance_from_reference,miles-feet_indicator,direction_from_reference,intersection_road_name,intersection_road_name_suffix,intersection_road_number,intersection_local_id,mile_marker,intersection_indicator,intersect_type,interchange_related_indicator,relation_to_junction,work_zone_type,construction_maintenance_zone,construction_maintenance_zone_location,fatal_case_number,officer_first_name,officer_last_name,weather_condition(s),manner_of_crash,pedestrian,bicycle,scooter,parking,hitrun,mou
103387825,METROPOLITAN NASHVILLE POLICE DEPT,20220403179,Davidson,Nashville,8/15/2022 12:12:00 PM,3,1,0,36.111260,-86.837190,ESTES RD,,,,59.00,Feet,North,WYNDHAM PL,,,,0.00,N,Not at Intersection,N,Non-Junction,None,,,         ,Jean-Claude,Beaudu Jr.,Cloudy,Front to Rear,no,no,no,no,no,False
103387836,METROPOLITAN NASHVILLE POLICE DEPT,20220403079,Davidson,Nashville,8/15/2022 12:00:00 AM,3,1,0,36.148710,-86.745890,I 40,,,,0.00,,,,,,,211.85,N,Not at Intersection,N,Non-Junction,None,,,         ,Clayton,Smith,Clear,"Sideswipe, Same Direction",no,no,no,no,no,False
103387840,BELLE MEADE POLICE DEPT,220197,Davidson,Belle Meade,8/15/2022 1:24:00 PM,2,0,0,36.122730,-86.850730,US HWY 70S,,,,223.00,Feet,East,LYNNWOOD BLVD,,,,0.00,N,Not at Intersection, ,Non-Junction,None,,,         ,Michael,Germany,Clear,Angle,no,no,no,no,no,False
103387857,METROPOLITAN NASHVILLE POLICE DEPT,20220403404,Davidson,Nashville,8/15/2022 1:45:00 PM,2,0,0,36.129920,-86.855300,WHITE BRIDGE PKE,,,,275.00,Feet,West,TARGET PVTDR,,,,0.00,N,Not at Intersection, ,Non-Junction,None,,,         ,Tony,Folad,Clear,Front to Rear,no,no,no,no,no,False
103387858,METROPOLITAN NASHVILLE POLICE DEPT,2022403400,Davidson,Nashville,8/15/2022 1:40:00 PM,2,0,0,36.039900,-86.781000,OLD HICKORY BLVD,,,,0.00,Feet,East,I65 N ENT RAMP,,,,0.00,N,Not at Intersection, ,,None,,,         ,Alexandra,Foote,,,no,no,no,no,no,False
103387890,BELLE MEADE POLICE DEPT,22-0198,Davidson,Belle Meade,8/15/2022 1:32:00 PM,2,0,0,36.104210,-86.861590,PADDOCK LN,,,,161.00,Feet,West,PARK HL,,,,0.00,N,Not at Intersection,N,Non-Junction,None,,,         ,David,Wright,Clear,"Sideswipe, Opposite Direction",no,no,no,no,no,False
103387893,METROPOLITAN NASHVILLE POLICE DEPT,20220403432,Davidson,Antioch,8/15/2022 3:02:00 PM,2,1,0,36.047840,-86.612050,MURFREESBORO PKE,,,,1284.00,Feet,North,MOUNTAIN SPRINGS RD,,,,0.00,N,Not at Intersection,N,Non-Junction,None,,,         ,Stanley,Collins,Clear,Angle,no,no,no,no,no,False
103387929,METROPOLITAN NASHVILLE POLICE DEPT,20220403529,Davidson,Nashville,8/15/2022 3:30:00 PM,2,0,0,36.072480,-86.691860,I 24,,,,0.00,,,,,,,56.75,N,Not at Intersection,N,Non-Junction,None,,,         ,John,Braun,Clear,"Sideswipe, Same Direction",no,no,no,no,yes,False
103387930,METROPOLITAN NASHVILLE POLICE DEPT,20220403610,Davidson,Nashville,8/15/2022 4:36:00 PM,2,0,0,36.045560,-86.705570,OLD HICKORY BLVD,,,,68.00,Feet,East,PINECREST DR,,,,0.00,N,Not at Intersection, ,Non-Junction,None,,,         ,Steven,Bowler,Cloudy,Front to Rear,no,no,no,no,no,False
103387959,METROPOLITAN NASHVILLE POLICE DEPT,20220403587,Davidson,Nashville,8/15/2022 4:16:00 PM,2,0,0,36.193250,-86.753320,MCFERRIN AV,,,,47.00,Feet,South,ELLINGTON PKWY S EXT RAMP,,,,0.00,N,Not at Intersection, ,Non-Junction,None,,,         ,Faye,Denson,Clear,Angle,no,no,no,no,no,False
103387976,METROPOLITAN NASHVILLE POLICE DEPT,20220403385,Davidson,Nashville,8/15/2022 5:14:00 PM,2,0,0,36.123550,-86.748460,I 440,,,,0.00,,,,,,,0.00,,, ,Non-Junction,None,,,         ,Andrew,Brazee,Clear,Front to Rear,no,no,no,no,no,False
103387977,METROPOLITAN NASHVILLE POLICE DEPT,20220403711,Davidson,Nashville,8/15/2022 5:40:00 PM,2,2,0,36.079220,-86.727430,HARDING PL,,,,357.00,Feet,West,NOLENSVILLE PKE,,,,0.00,N,Not at Intersection,N,Non-Junction,None,,,         ,Steven,Powers,Clear,Front to Rear,no,no,no,no,no,False
103387978,METROPOLITAN NASHVILLE POLICE DEPT,20220403658,Davidson,Nashville,8/15/2022 4:25:00 PM,3,0,0,36.146750,-86.743210,I 40,,,,0.00,,,,,,,212.10,N,Not at Intersection,N,Non-Junction,None,,,         ,Dylan,Colquhoun,Clear,Angle,no,no,no,no,yes,False
103387980,METROPOLITAN NASHVILLE POLICE DEPT,20220403657,Davidson,Nashville,8/15/2022 4:58:00 PM,2,0,0,36.151440,-86.801990,21ST AVN,,,,0.00,,,HAYES ST,,,,0.00,Y,T-Intersection,Y,Intersection,None,,,         ,Garrett,Latham,Clear,Angle,no,no,no,no,no,Campus
103387981,GOODLETTSVILLE POLICE DEPT,22-25049,Davidson,Goodlettsville,8/15/2022 12:00:00 AM,2,0,0,36.305200,-86.718860,MOSS TRL,,,,0.00,Feet,East,DICKERSON PKES,,,,0.00,N,Not at Intersection, ,Non-Junction,None,,,         ,Sam,Buchanan,Clear,Angle,no,no,no,no,no,False
103387984,BERRY HILL POLICE DEPT,22-2311,Davidson,Berry Hill,8/15/2022 12:00:00 AM,1,1,0,36.125320,-86.768780,CRAIGHEAD ST,,,,0.00,,,,,,,0.00,,,N,Non-Junction,None,,,         ,John,Gleixner,Clear,Not Collision with Motor Vehicle in Transport,no,no,no,yes,no,False
103387987,METROPOLITAN NASHVILLE POLICE DEPT,2022-0403422,Davidson,Nashville,8/15/2022 2:56:00 PM,3,1,0,36.082500,-86.761580,SIDCO DR,,,,150.00,Feet,North,CSX DR,,,,0.00,N,Not at Intersection,N,Non-Junction,None,,,         ,Sean,Williams,Clear,"Sideswipe, Opposite Direction",no,no,no,no,no,False
103387989,METROPOLITAN NASHVILLE POLICE DEPT,20220403786,Davidson,Nashville,8/15/2022 6:27:00 PM,2,0,0,36.046870,-86.661920,I 24,,,,0.00,,,,,,,59.20,N,Not at Intersection,N,Non-Junction,None,,,         ,Gary,Anderson,Clear,Front to Rear,no,no,no,no,no,False
103388000,METROPOLITAN NASHVILLE POLICE DEPT,20220403805,Davidson,Nashville,8/15/2022 6:20:00 PM,2,0,0,36.123110,-86.806780,HILLSBORO PKE,,,,75.00,Feet,North,I440 W EXT RAMP,,,,0.00,N,Not at Intersection,N,Non-Junction,None,,,         ,Steven,Powers,Clear,"Sideswipe, Same Direction",no,no,no,no,yes,False
103388010,METROPOLITAN NASHVILLE POLICE DEPT,20220403515,Davidson,Nashville,8/15/2022 3:41:00 PM,2,1,0,36.105940,-86.922200,OLD HICKORY BLVD,,,,19.00,Feet,North,BELLE VALLEY DR,,,,0.00,N,Not at Intersection,N,Non-Junction,None,,,         ,Jeremy,Huffine,Clear,Angle,no,no,no,no,no,False
103388014,METROPOLITAN NASHVILLE POLICE DEPT,20220403720,Davidson,Nashville,8/15/2022 6:00:00 PM,2,0,0,36.167610,-86.778610,JAMES ROBERTSON PKWY,,,,0.00,,,2ND AVN,,,,0.00,Y,OTHER,N,Intersection,None,,,         ,Samuel,White,Clear,Front to Rear,no,no,no,no,no,False
103388016,METROPOLITAN NASHVILLE POLICE DEPT,20220403888,Davidson,Nashville,8/15/2022 7:12:00 PM,1,0,0,36.069500,-86.693170,HAYWOOD LN,,,,133.00,Feet,West,HAYWOOD SQUARE PVTDR,,,,0.00,N,Not at Intersection,N,Non-Junction,None,,,         ,Gary,Anderson,Clear,Not Collision with Motor Vehicle in Transport,no,no,no,no,no,False
103388021,VANDERBILT UNIVERSITY POLICE,20220403769,Davidson,Nashville,8/15/2022 5:45:00 PM,1,0,0,36.109010,-86.763840,POWELL AV,,,,0.00,,,,,,,0.00,,,Y,Non-Junction,None,,,         ,Edwin,Melgar,,Not Collision with Motor Vehicle in Transport,no,no,no,yes,no,OHO
103388040,METROPOLITAN NASHVILLE POLICE DEPT,20220403823,Davidson,Nashville,8/15/2022 6:39:00 PM,2,0,0,36.134580,-86.723370,MURFREESBORO PKE,,,,312.00,Feet,West,PLUS PARK BLVD,,,,0.00,N,Not at Intersection,N,Non-Junction,None,,,         ,Andrew,Brazee,Clear,"Sideswipe, Same Direction",no,no,no,no,no,False
103388046,METROPOLITAN NASHVILLE POLICE DEPT,20220403947,Davidson,Not in City Limit,8/15/2022 5:56:00 PM,2,0,0,36.001410,-86.695690,NOLENSVILLE PKE,,,,76.00,Feet,South,ANDER DR,,,,0.00,N,Not at Intersection, ,,None,,,         ,Steven,Powers,,,no,no,no,no,no,False
103388136,METROPOLITAN NASHVILLE POLICE DEPT,20220403900,Davidson,Nashville,8/15/2022 8:40:00 PM,1,1,0,36.213550,-86.687810,MCGAVOCK PKE,,,,0.00,,East,PLEASANT GREEN RD,,,,0.00,N,Not at Intersection,N,Non-Junction,None,,,         ,Reagan,Heath,Clear,Not Collision with Motor Vehicle in Transport,no,no,no,no,no,False
103388187,METROPOLITAN NASHVILLE POLICE DEPT,20220404114,Davidson,Nashville,8/15/2022 8:37:00 PM,2,0,0,36.191850,-86.780400,I24 E ENT RAMP,,,,0.00,Feet,East,I 65,,,,0.00,N,Not at Intersection,N,Entrance/Exit Ramp Related,None,,,         ,Mena,Mahros,Clear,"Sideswipe, Same Direction",no,no,no,no,yes,False
103388196,METROPOLITAN NASHVILLE POLICE DEPT,2022-0402817,Davidson,Nashville,8/15/2022 12:00:00 AM,2,1,0,36.145240,-86.646370,I 40,,,,0.00,,,,,,,217.80,N,Not at Intersection,N,Non-Junction,None,,,         ,Frank,Walker,Clear,Front to Rear,no,no,no,no,no,False
103388220,METROPOLITAN NASHVILLE POLICE DEPT,20220402043,Davidson,Nashville,8/14/2022 5:30:00 PM,2,0,0,36.043530,-86.766730,ASHINGTON LN,,,,178.00,Feet,West,HEARTHSTONE LN,,,,0.00,N,Not at Intersection, ,OtherLocation,None,,,         ,David,Harms,Clear,Front to Rear,no,no,no,yes,yes,False
103388221,METROPOLITAN NASHVILLE POLICE DEPT,20220404373,Davidson,Antioch,8/16/2022 12:15:00 AM,1,1,0,36.005000,-86.655160,OLD HICKORY BLVD,,,,393.00,Feet,South,LEGACY DR,,,,0.00,N,Not at Intersection,N,Non-Junction,None,,,         ,Lisa,Beck,Clear,Not Collision with Motor Vehicle in Transport,no,no,no,no,no,False
103388224,METROPOLITAN NASHVILLE POLICE DEPT,20220403766,Davidson,Nashville,8/15/2022 6:18:00 PM,2,0,0,36.098990,-86.924670,OLD HICKORY BLVD,,,,573.00,Feet,North,RIDGELAKE PKWY,,,,0.00,N,Not at Intersection, ,,None,,,         ,Jeremy,Huffine,,,no,no,no,no,no,False
103388236,METROPOLITAN NASHVILLE POLICE DEPT,20220404027,Davidson,Nashville,8/15/2022 8:43:00 PM,2,0,0,36.203550,-86.738530,GALLATIN PKE,,,,0.00,Feet,West,E TRINITY LN,,,,0.00,N,Not at Intersection,N,Non-Junction,None,,,         ,Spencer,Arroyo,Clear,Angle,no,no,no,no,no,False
103388238,METROPOLITAN NASHVILLE POLICE DEPT,20220404086,Davidson,Nashville,8/15/2022 9:45:00 PM,1,0,0,36.115780,-86.725180,I 24,,,,0.00,,,,,,,53.20,N,Not at Intersection, ,Non-Junction,None,,,         ,Gregory,Rdzok,Clear,Not Collision with Motor Vehicle in Transport,no,no,no,no,no,False
103388253,METROPOLITAN NASHVILLE POLICE DEPT,20220403508,Davidson,Nashville,8/15/2022 2:03:00 PM,2,0,0,36.148540,-86.866310,CHARLOTTE PKE,,,,347.00,Feet,West,LELLYETT ST,,,,0.00,N,Not at Intersection,N,Non-Junction,None,,,         ,Cameron,Van Der Merwe,,Angle,no,no,no,no,no,False
103388259,METROPOLITAN NASHVILLE POLICE DEPT,20220404573,Davidson,Nashville,8/16/2022 2:45:00 AM,2,0,0,36.204770,-86.752560,E TRINITY LN,,,,0.00,Feet,,OAKWOOD AVE,,,,0.00,Y,T-Intersection,N,Intersection-Related,None,,,         ,Bobby,Ehman,Clear,Angle,no,no,no,no,no,False
103388266,METROPOLITAN NASHVILLE POLICE DEPT,20220404546,Davidson,Nashville,8/16/2022 1:01:00 AM,1,0,0,36.117630,-86.719850,OLD GLENROSE AV,,,,246.00,Feet,West,EAST THOMPSON LN,,,,0.00,N,Not at Intersection,N,Non-Junction,None,,,         ,Jerrod,Kalinsky,Clear,Not Collision with Motor Vehicle in Transport,no,no,no,no,yes,False
103388285,METROPOLITAN NASHVILLE POLICE DEPT,20220404587,Davidson,Nashville,8/16/2022 12:00:00 AM,2,0,0,36.167070,-86.751270,S 11TH ST,,,,281.00,Feet,South,SEVIER ST,,,,0.00,N,Not at Intersection,N,Non-Junction,None,,,         ,Shaquille,Graham,Clear,HeadOn,no,no,no,no,yes,False
103388286,METROPOLITAN NASHVILLE POLICE DEPT,20220404669,Davidson,Nashville,8/16/2022 5:29:00 AM,1,0,0,36.158810,-86.798160,17TH AVN,,,,0.00,,,CHARLOTTE AV,,,,0.00,Y,Four-Way,Y,Intersection,None,,,         ,Dallas,Johnson,Clear,Unknown,no,no,no,no,yes,False
103388297,METROPOLITAN NASHVILLE POLICE DEPT,20220404493,Davidson,Nashville,8/16/2022 1:45:00 AM,1,1,0,36.172910,-86.800700,I 40,,,,0.00,,,,,,,207.65,N,Not at Intersection,Y,Entrance/Exit Ramp Related,None,,,         ,Alan,Wynkoop,Clear,Not Collision with Motor Vehicle in Transport,no,no,no,no,no,False
103388326,METROPOLITAN NASHVILLE POLICE DEPT,20220392440,Davidson,Nashville,8/9/2022 12:30:00 PM,1,0,0,36.114150,-86.918820,I 40,,,,0.00,,,,,,,199.50,N,Not at Intersection, ,Non-Junction,None,,,         ,Scott,Carter,Clear,Not Collision with Motor Vehicle in Transport,no,no,no,no,no,False
103388350,METROPOLITAN NASHVILLE POLICE DEPT,20220400239,Davidson,Nashville,8/13/2022 12:55:00 PM,2,0,0,36.108690,-86.720250,I24 W EXT RAMP,,,,0.00,,,I 24,,,,0.00,Y,OTHER, ,Entrance/Exit Ramp Related,None,,,         ,Keith,Covert,Clear,"Sideswipe, Same Direction",no,no,no,no,no,False
103388355,METROPOLITAN NASHVILLE POLICE DEPT,20220394336,Davidson,Nashville,8/10/2022 11:03:00 AM,1,0,1,36.152780,-86.803060,21ST AVN,,,,151.00,Feet,North,CHURCH ST,,,,0.00,N,Not at Intersection,N,Non-Junction,None,,,         ,Donald,Davidson,Clear,Not Collision with Motor Vehicle in Transport,no,no,no,yes,no,False
103388373,VANDERBILT UNIVERSITY POLICE,20220407271,Davidson,Nashville,8/15/2022 12:00:00 AM,2,0,0,36.109140,-86.763220,POWELL AV,,,,0.00,,,,,,,0.00,,, ,Non-Junction,None,,,         ,Austin,Worrell,,Unknown,no,no,no,yes,yes,False
103388381,METROPOLITAN NASHVILLE POLICE DEPT,20220404799,Davidson,Nashville,8/16/2022 6:57:00 AM,2,0,0,36.079100,-86.719290,WALLACE RD,,,,181.00,Feet,West,HOPEDALE DR,,,,0.00,N,Not at Intersection,N,Non-Junction,None,,,         ,Stanley,Collins,Cloudy,Front to Rear,no,no,no,no,yes,False
103388388,METROPOLITAN NASHVILLE POLICE DEPT,20220404986,Davidson,Nashville,8/16/2022 8:23:00 AM,2,0,0,36.081600,-86.760160,HARDING PL,,,,491.00,Feet,East,TROUSDALE DR,,,,0.00,N,Not at Intersection,N,Non-Junction,None,,,         ,Alexandra,Foote,Cloudy,Front to Rear,no,no,no,no,yes,False
103388402,METROPOLITAN NASHVILLE POLICE DEPT,20220405012,Davidson,Nashville,8/16/2022 8:42:00 AM,3,1,0,36.155730,-86.827530,I 40,,,,0.00,,,,,,,205.65,N,Not at Intersection,N,Non-Junction,None,,,         ,Douglas,Atwood,Cloudy,Front to Rear,no,no,no,no,no,False
103388407,METROPOLITAN NASHVILLE POLICE DEPT,20220403650,Davidson,Nashville,8/15/2022 4:57:00 PM,2,1,0,36.236930,-86.773410,CRISLYNNDALE DR,,,,0.00,,,MOOREWOOD DR,,,,0.00,Y,T-Intersection,N,Intersection,None,,,         ,DuJuan,Kendrick,Clear,Front to Rear,no,no,no,no,no,False
103388410,METROPOLITAN NASHVILLE POLICE DEPT,20220404903,Davidson,Nashville,8/16/2022 7:20:00 AM,2,0,0,36.156030,-86.826180,I40 E EXT RAMP,,,,0.00,,,I 40,,,,0.00,Y,OTHER, ,OtherLocation,None,,,         ,George,Spencer,Cloudy,"Sideswipe, Same Direction",no,no,no,no,no,False
103388416,METROPOLITAN NASHVILLE POLICE DEPT,20220404833,Davidson,Nashville,8/16/2022 6:05:00 AM,2,1,0,36.194620,-86.776170,I 24,,,,0.00,,,,,,,46.40,N,Not at Intersection,Y,Entrance/Exit Ramp Related,None,,,         ,Judah,Parker,Clear,"Sideswipe, Same Direction",no,no,no,no,no,False
103388427,METROPOLITAN NASHVILLE POLICE DEPT,20220405053,Davidson,Nashville,8/16/2022 12:00:00 AM,2,0,0,36.156740,-86.780750,8TH AVS,,,,57.00,Feet,South,DEMONBREUN ST,,,,0.00,N,Not at Intersection, ,,None,,,         ,James,Thornton,,,no,no,no,no,no,False
103388430,GOODLETTSVILLE POLICE DEPT,22-25120,Davidson,Goodlettsville,8/16/2022 8:15:00 AM,4,0,0,36.306970,-86.697260,STATE HWY 386,,,,722.00,Feet,West,-- UNKNOWN RAMP/ROAD --,,,,0.00,N,Not at Intersection,N,Non-Junction,None,,,         ,Donald,Brinton,Cloudy,Front to Rear,no,no,no,no,no,False
103388435,VANDERBILT UNIVERSITY POLICE,20220404963,Davidson,Nashville,8/16/2022 6:50:00 AM,2,0,0,36.139070,-86.806050,CHILDRENS WAY,,,,284.00,Feet,East,25TH AVS,,,,0.00,N,Not at Intersection, ,,None,,,         ,Harlan,Jones,,,no,no,no,yes,no,Campus
103388447,METROPOLITAN NASHVILLE POLICE DEPT,2022040507,Davidson,Nashville,8/16/2022 8:50:00 AM,3,1,0,36.156030,-86.826170,I40 E EXT RAMP,,,,0.00,Feet,East,I 40,,,,0.00,N,Not at Intersection,N,Non-Junction,None,,,         ,Jean-Claude,Beaudu Jr.,Cloudy,Front to Rear,no,no,no,no,no,False
103388449,METROPOLITAN NASHVILLE POLICE DEPT,20220404978,Davidson,Nashville,8/16/2022 7:54:00 AM,2,1,0,36.067740,-86.718700,NOLENSVILLE PKE,,,,206.00,Feet,South,HAYWOOD LN,,,,0.00,N,Not at Intersection,N,Non-Junction,None,,,         ,Eric,Burford,Clear,Angle,no,no,no,no,no,False
103388462,METROPOLITAN NASHVILLE POLICE DEPT,20220405089,Davidson,Nashville,8/16/2022 9:19:00 AM,2,1,0,36.148320,-86.780170,I65 S ENT RAMP,,,,0.00,Feet,East,I 40,,,,0.00,N,Not at Intersection,N,Non-Junction,None,,,         ,Paxton,Montgomery,Cloudy,Front to Rear,no,no,no,no,no,False
103388470,METROPOLITAN NASHVILLE POLICE DEPT,20220405181,Davidson,Nashville,8/16/2022 10:08:00 AM,1,0,0,36.074120,-86.813590,SAXON DR,,,,1267.00,Feet,West,DRESDEN CIR,,,,0.00,N,Not at Intersection,N,OtherLocation,None,,,         ,Alexandra,Foote,Cloudy,Not Collision with Motor Vehicle in Transport,no,no,no,yes,no,False
103388480,METROPOLITAN NASHVILLE POLICE DEPT,20220405081,Davidson,Nashville,8/16/2022 7:45:00 AM,2,0,0,36.095270,-86.679260,AIRPARK CENTER DR,,,,894.00,Feet,North,DONELSON PKE,,,,0.00,N,Not at Intersection, ,OtherLocation,None,,,         ,Todd,Watson,Clear,Angle,no,no,no,yes,no,False
103388481,METROPOLITAN NASHVILLE POLICE DEPT,20220405219,Davidson,Nashville,8/16/2022 10:28:00 AM,2,0,0,36.166880,-86.777160,1ST AVN,,,,39.00,Feet,South,UNION ST,,,,0.00,N,Not at Intersection, ,Non-Junction,Utility Zone,,,         ,Brandon,O'Guin,Cloudy,"Sideswipe, Same Direction",no,no,no,no,no,False
103388482,METROPOLITAN NASHVILLE POLICE DEPT,20220405204,Davidson,Nashville,8/16/2022 10:20:00 AM,2,1,0,36.040270,-86.816410,OLD HICKORY BLVD,,,,3.00,Feet,West,GRANNY WHITE PKE,,,,0.00,N,Not at Intersection,N,Non-Junction,None,,,         ,William,McDaniel,Cloudy,Angle,no,no,no,no,no,False
103388483,METROPOLITAN NASHVILLE POLICE DEPT,20220405172,Davidson,Nashville,8/16/2022 10:06:00 AM,3,0,0,36.184180,-86.610320,ANDREW JACKSON PKWY,,,,218.00,Feet,North,OLD HICKORY BLVD,,,,0.00,N,Not at Intersection,N,Non-Junction,None,,,         ,Russell,Ward,Cloudy,Front to Rear,no,no,no,no,yes,False
103388486,METROPOLITAN NASHVILLE POLICE DEPT,20220405310,Davidson,Madison,8/16/2022 11:15:00 AM,2,0,0,36.262570,-86.707510,3RD AV,,,,0.00,Feet,West,E OLD HICKORY BLVD,,,,0.00,N,Not at Intersection,N,Non-Junction,None,,,         ,Brian,Otto,Cloudy,Angle,no,no,no,no,yes,False
103388510,METROPOLITAN NASHVILLE POLICE DEPT,20220405230,Davidson,Antioch,8/16/2022 9:51:00 AM,2,1,0,36.045250,-86.609100,MURFREESBORO PKE,,,,0.00,,,MOUNTAIN SPRINGS RD,,,,0.00,Y,T-Intersection,N,Intersection,None,,,         ,Joe,Hooper,Cloudy,Angle,no,no,no,no,yes,False
103388516,METROPOLITAN NASHVILLE POLICE DEPT,20220405283,Davidson,Nashville,8/16/2022 11:00:00 AM,2,0,0,36.143110,-86.763010,2ND AVS,,,,346.00,Feet,North,3RD AVS,,,,0.00,N,Not at Intersection, ,Non-Junction,None,,,         ,Todd,Watson,Cloudy,"Sideswipe, Same Direction",no,no,no,no,no,False
103388518,METROPOLITAN NASHVILLE POLICE DEPT,20220405345,Davidson,Nashville,8/16/2022 11:50:00 AM,2,0,0,36.238120,-86.783030,BRILEY PKWYE,,,,0.00,,,I24 W EXT RAMP,,,,0.00,Y,Y-Intersection, ,Entrance/Exit Ramp Related,None,,,         ,Christopher,Littles,"Cloudy, Rain","Sideswipe, Same Direction",no,no,no,no,no,False
103388532,THP District 3 - Nashville,322066108,Davidson,Nashville,8/15/2022 5:00:00 AM,1,0,0,36.089170,-86.615080,SMITH SPRINGS RD,,,,68.00,Feet,West,CASTLEGATE DR,,,,0.00,N,Not at Intersection,N,Non-Junction,None,,,         ,Lennart,Schaaf,Cloudy,Not Collision with Motor Vehicle in Transport,no,no,no,no,yes,False
103388565,METROPOLITAN NASHVILLE POLICE DEPT,20220405118,Davidson,Nashville,8/16/2022 9:34:00 AM,3,0,0,36.144410,-86.741700,ELM HILL PKE,,,,0.00,,,LANNIE BOSWELL AV,,,,0.00,Y,T-Intersection,N,Non-Junction,None,,,         ,Michael,Fox,Cloudy,Angle,no,no,no,no,no,False
103388587,METROPOLITAN NASHVILLE POLICE DEPT,20220405286,Davidson,Nashville,8/16/2022 11:16:00 AM,2,0,0,36.131040,-86.726850,I 24,,,,0.00,,,,,,,51.20,N,Not at Intersection,N,Non-Junction,None,,,         ,Michael,Esposito,Rain,Front to Rear,no,no,no,no,no,False
103388590,METROPOLITAN NASHVILLE POLICE DEPT,20220405362,Davidson,Nashville,8/16/2022 12:06:00 PM,2,0,0,36.123160,-86.850140,HARDING PKE,,,,466.00,Feet,East,ROYAL OAKS CONDOS PVTDR,,,,0.00,N,Not at Intersection,N,Non-Junction,None,,,         ,Jean-Claude,Beaudu Jr.,Rain,"Sideswipe, Same Direction",no,no,no,no,yes,False
103388603,METROPOLITAN NASHVILLE POLICE DEPT,20220405428,Davidson,Nashville,8/16/2022 12:12:00 PM,2,0,0,36.037430,-86.790550,OLD HICKORY BLVD,,,,128.00,Feet,East,S HILLVIEW DR,,,,0.00,N,Not at Intersection, ,Non-Junction,None,,,         ,Alexandra,Foote,Rain,"Sideswipe, Same Direction",no,no,no,no,no,False
103388604,METROPOLITAN NASHVILLE POLICE DEPT,20220405332,Davidson,Nashville,8/16/2022 11:40:00 AM,1,0,0,36.096460,-86.644140,SMITH SPRINGS RD,,,,926.00,Feet,West,UNA RECREATION RD,,,,0.00,N,Not at Intersection,N,Non-Junction,None,,,         ,Zachariah,Souza,Rain,Not Collision with Motor Vehicle in Transport,no,no,no,no,no,False
103388606,METROPOLITAN NASHVILLE POLICE DEPT,20220405461,Davidson,Nashville,8/16/2022 12:47:00 PM,2,0,0,36.163480,-86.824800,ALBION ST,,,,0.00,,,32ND AVN,,,,0.00,Y,Four-Way,N,Intersection,None,,,         ,Ronald,Bright,Rain,Angle,no,no,no,no,no,False
103388613,METROPOLITAN NASHVILLE POLICE DEPT,20220405386,Davidson,Nashville,8/16/2022 12:23:00 PM,2,0,0,36.158020,-86.791260,I40 E EXT RAMP,,,,0.00,Feet,East,I 40,,,,0.00,N,Not at Intersection, ,Non-Junction,None,,,         ,Cherell,Kinchloe,Clear,Front to Rear,no,no,no,no,no,False
103388636,METROPOLITAN NASHVILLE POLICE DEPT,20220405421,Davidson,Nashville,8/16/2022 12:40:00 PM,2,0,0,36.045010,-86.725060,AMALIE DR,,,,98.00,Feet,North,OLD HICKORY BLVD,,,,0.00,N,Not at Intersection,N,Non-Junction,None,,,         ,William,McDaniel,Cloudy,Angle,no,no,no,no,no,False
103388637,METROPOLITAN NASHVILLE POLICE DEPT,20220405369,Davidson,Nashville,8/16/2022 12:11:00 PM,2,1,0,36.058830,-86.670450,HICKORY HOLLOW PKWY,,,,0.00,,,MT VIEW RD,,,,0.00,Y,T-Intersection,N,Intersection,None,,,         ,Joe,Hooper,Rain,Angle,no,no,no,no,yes,False
103388659,Nashville Airport Police,2022-03297,Davidson,Nashville,8/5/2022 5:29:00 PM,2,1,0,36.137170,-86.664870,SATELLITE WAY,,,,0.00,,,SATELLITE WAY ENT RAMP,,,,0.00,Y,OTHER,N,Non-Junction,None,,,         ,Ahmed,Aly,Clear,Front to Rear,no,no,no,no,no,False
103388667,METROPOLITAN NASHVILLE POLICE DEPT,20220405351,Davidson,Nashville,8/16/2022 11:04:00 AM,2,0,0,36.152070,-86.795300,BROADWAY,,,,0.00,,,,,,,0.00,,, ,Non-Junction,None,,,         ,Paxton,Montgomery,Cloudy,Angle,no,no,no,no,yes,False
103388668,GOODLETTSVILLE POLICE DEPT,22-25138,Davidson,Goodlettsville,8/16/2022 1:00:00 PM,2,0,0,36.306870,-86.694420,RAMP,,,,0.00,,,CONFERENCE DR,,,,0.00,Y,T-Intersection,Y,Entrance/Exit Ramp Related,None,,,         ,Dequionta,Rucker,Cloudy,Angle,no,no,no,no,no,False
103388678,METROPOLITAN NASHVILLE POLICE DEPT,20220405537,Davidson,Nashville,8/16/2022 12:50:00 PM,1,1,0,36.151160,-86.804300,ELLISTON PL,,,,110.00,Feet,North,LOUISE AV,,,,0.00,N,Not at Intersection,N,Non-Junction,None,,,         ,Christopher,Littles,Cloudy,Not Collision with Motor Vehicle in Transport,yes,no,no,no,yes,Campus