master_record_number,agency,agency_tracking_number,county,city,collision_date,vehicles_involved,number_injured,number_dead,latitude,longitude,roadway_name,roadway_suffix,roadway_number,roadway_local_id,distance_from_reference,miles-feet_indicator,direction_from_reference,intersection_road_name,intersection_road_name_suffix,intersection_road_number,intersection_local_id,mile_marker,intersection_indicator,intersect_type,interchange_related_indicator,relation_to_junction,work_zone_type,construction_maintenance_zone,construction_maintenance_zone_location,fatal_case_number,officer_first_name,officer_last_name,weather_condition(s),manner_of_crash,pedestrian,bicycle,scooter,parking,hitrun,mou
103390372,METROPOLITAN NASHVILLE POLICE DEPT,20220409911,Davidson,Nashville,8/18/2022 10:00:00 AM,2,0,0,36.107470,-86.725840,NEESE DR,,,,502.00,Feet,East,MAVERT DR,,,,0.00,N,Not at Intersection, ,Non-Junction,None,,,         ,David,Rehm,Cloudy,HeadOn,no,no,no,no,no,False
103390397,METROPOLITAN NASHVILLE POLICE DEPT,20220409949,Davidson,Nashville,8/18/2022 11:29:00 AM,2,1,0,36.176790,-86.772170,I24 W EXT RAMP,,,,0.00,Feet,East,I 24,,,,0.00,N,Not at Intersection,N,Entrance/Exit Ramp Related,None,,,         ,Shawn,Taylor,Clear,Front to Rear,no,no,no,no,no,False
103390400,METROPOLITAN NASHVILLE POLICE DEPT,20220410041,Davidson,Nashville,8/18/2022 12:35:00 PM,2,0,0,36.161720,-86.646440,STEWARTS FERRY PKE,,,,0.00,Feet,,CREEKSTONE CIR,,,,0.00,Y,T-Intersection, ,Intersection-Related,None,,,         ,Ian,Hammond,Clear,Angle,no,no,no,no,yes,False
103390454,METROPOLITAN NASHVILLE POLICE DEPT,20220409962,Davidson,Nashville,8/18/2022 11:40:00 AM,2,0,0,36.159880,-86.795620,CHARLOTTE AV,,,,73.00,Feet,West,15TH AVN,,,,0.00,N,Not at Intersection, ,Non-Junction,None,,,         ,Jean,McCormack,Clear,Front to Rear,no,no,no,no,no,False
103390473,METROPOLITAN NASHVILLE POLICE DEPT,20220410019,Davidson,Nashville,8/18/2022 12:10:00 PM,2,0,0,36.039590,-86.738340,OLD HICKORY BLVD,,,,194.00,Feet,West,MYRTLEWOOD DR,,,,0.00,N,Not at Intersection,N,Non-Junction,None,,,         ,Alexandra,Foote,Cloudy,"Sideswipe, Same Direction",no,no,no,no,no,False
103390502,METROPOLITAN NASHVILLE POLICE DEPT,20220409415,Davidson,Nashville,8/18/2022 7:00:00 AM,2,0,0,36.077000,-87.015440,I 40,,,,0.00,,,,,,,192.80,N,Not at Intersection,N,Non-Junction,None,,,         ,Jakub,Boyke,Clear,Front to Rear,no,no,no,no,no,False
103390504,METROPOLITAN NASHVILLE POLICE DEPT,20220410059,Davidson,Nashville,8/18/2022 12:14:00 PM,2,0,0,36.149820,-86.859400,CHARLOTTE PKE,,,,0.00,,,MIDLAND AV,,,,0.00,Y,OTHER, ,Non-Junction,None,,,         ,George,Spencer,Clear,Angle,no,no,no,no,no,False
103390524,METROPOLITAN NASHVILLE POLICE DEPT,20220410023,Davidson,Nashville,8/18/2022 11:00:00 AM,2,0,0,36.154180,-86.819880,FELICIA ST,,,,159.00,Feet,South,30TH AVN,,,,0.00,N,Not at Intersection,N,Non-Junction,None,,,         ,Alexandra,Wall,Clear,"Sideswipe, Same Direction",no,no,no,yes,yes,False
103390525,BELLE MEADE POLICE DEPT,22-0201,Davidson,Nashville,8/18/2022 11:45:00 AM,3,0,0,36.105480,-86.868260,HARDING PKE,,,,16.00,Feet,South,LEAKE AV,,,,0.00,N,Not at Intersection, ,Non-Junction,None,,,         ,David,Read,Clear,Angle,no,no,no,no,no,False
103390536,METROPOLITAN NASHVILLE POLICE DEPT,20220410190,Davidson,Nashville,8/18/2022 12:57:00 PM,2,0,0,36.206240,-86.777950,BRICK CHURCH PKE,,,,138.00,Feet,South,W TRINITY LN,,,,0.00,N,Not at Intersection, ,Non-Junction,None,,,         ,Ronald,Bright,Cloudy,"Sideswipe, Same Direction",no,no,no,no,no,False
103390540,METROPOLITAN NASHVILLE POLICE DEPT,20220409668,Davidson,Nashville,8/18/2022 8:50:00 AM,2,0,0,36.163660,-86.689330,BRILEY PKWYN,,,,403.00,Feet,South,BRILEY PKWYS,,,,0.00,N,Not at Intersection, ,Non-Junction,None,,,         ,Kaytlin,huyler,Clear,"Sideswipe, Same Direction",no,no,no,no,no,False
103390554,METROPOLITAN NASHVILLE POLICE DEPT,20220410057,Davidson,Nashville,8/18/2022 12:50:00 PM,2,1,0,36.267160,-86.657250,OLD HICKORY BLVD,,,,372.00,Feet,West,INDUSTRIAL DR,,,,0.00,N,Not at Intersection,N,Non-Junction,None,,,         ,Katelyn,Argeroplos,Clear,HeadOn,no,no,no,no,no,False
103390576,METROPOLITAN NASHVILLE POLICE DEPT,20220410150,Davidson,Nashville,8/18/2022 1:47:00 PM,2,1,0,36.205910,-86.768910,W TRINITY LN,,,,88.00,Feet,West,E TRINITY LN,,,,0.00,N,Not at Intersection,N,Non-Junction,None,,,         ,Samantha,Held,Clear,Front to Rear,no,no,no,no,no,False
103390577,METROPOLITAN NASHVILLE POLICE DEPT,20220410178,Davidson,Nashville,8/18/2022 1:20:00 PM,2,0,0,36.073200,-86.637270,MURFREESBORO PKE,,,,0.00,,,,,,,0.00,,,N,Non-Junction,None,,,         ,Corey,Schulz,Clear,Other,no,no,no,yes,yes,False
103390581,METROPOLITAN NASHVILLE POLICE DEPT,20220410155,Davidson,Nashville,8/18/2022 1:55:00 PM,2,1,0,36.195480,-86.829590,BUENA VISTA PKE,,,,402.00,Feet,North,RESHA LN,,,,0.00,N,Not at Intersection,N,Non-Junction,None,,,         ,Kenneth,Oneal,Clear,"Sideswipe, Same Direction",no,no,no,no,no,False
103390598,METROPOLITAN NASHVILLE POLICE DEPT,20220410239,Davidson,Nashville,8/18/2022 2:39:00 PM,2,0,0,36.082760,-86.710220,HARDING PL,,,,87.00,Feet,East,TAMPA DR,,,,0.00,N,Not at Intersection,N,Non-Junction,Work Zone,Laneclosure,Activity Area,         ,Stanley,Collins,Clear,"Sideswipe, Same Direction",no,no,no,no,yes,False
103390602,METROPOLITAN NASHVILLE POLICE DEPT,20220410043,Davidson,Nashville,8/18/2022 12:37:00 PM,3,0,0,36.078850,-86.885210,HIGHWAY 100,,,,0.00,,,VAUGHNS GAP RD,,,,0.00,Y,T-Intersection,N,Intersection,None,,,         ,Douglas,Atwood,Clear,Angle,no,no,no,no,no,False
103390606,METROPOLITAN NASHVILLE POLICE DEPT,20220410224,Davidson,Nashville,8/18/2022 12:00:00 AM,2,0,0,36.189820,-86.791130,I 65,,,,0.00,,,,,,,85.65,N,Not at Intersection,N,Non-Junction,None,,,         ,James,Thornton,Clear,Front to Rear,no,no,no,no,no,False
103390608,METROPOLITAN NASHVILLE POLICE DEPT,20220410211,Davidson,Nashville,8/18/2022 2:00:00 PM,2,0,0,36.124990,-86.752200,ROSEDALE AV,,,,0.00,Feet,,NOLENSVILLE PKE,,,,0.00,Y,T-Intersection,N,Intersection,None,,,         ,Todd,Watson,Clear,Angle,no,no,no,no,no,False
103390609,METROPOLITAN NASHVILLE POLICE DEPT,20220410153,Davidson,Nashville,8/18/2022 1:50:00 PM,2,0,0,36.099050,-86.872160,HARDING PKE,,,,0.00,,,HEADY DR,,,,0.00,Y,Y-Intersection, ,,None,,,         ,Michael,Pyle,,,no,no,no,no,no,False
103390631,METROPOLITAN NASHVILLE POLICE DEPT,20220410313,Davidson,Nashville,8/18/2022 3:20:00 PM,2,3,0,36.227870,-86.759580,DICKERSON PKE,,,,555.00,Feet,South,BROADMOOR DR,,,,0.00,N,Not at Intersection,N,Non-Junction,None,,,         ,Randy,Puckett,Clear,Front to Rear,no,no,no,no,yes,False
103390670,METROPOLITAN NASHVILLE POLICE DEPT,20220410378,Davidson,Antioch,8/18/2022 4:08:00 PM,3,0,0,36.016980,-86.619860,OLD HICKORY BLVD,,,,49.00,Feet,North,FIRESTONE PKWY,,,,0.00,N,Not at Intersection, ,,None,,,         ,Brandon,Simpkins,,,no,no,no,no,no,False
103390680,METROPOLITAN NASHVILLE POLICE DEPT,20220410302,Davidson,Nashville,8/18/2022 3:24:00 PM,2,0,0,36.171770,-86.601760,OLD HICKORY BLVD,,,,326.00,Feet,South,PRINCETON PL,,,,0.00,N,Not at Intersection,N,Non-Junction,None,,,         ,Douglas,Mann,Clear,Angle,no,no,no,no,no,False
103390691,METROPOLITAN NASHVILLE POLICE DEPT,20220410347,Davidson,Nashville,8/18/2022 3:10:00 PM,2,0,0,36.121550,-86.807400,HILLSBORO PKE,,,,0.00,,,I440 E ENT RAMP,,,,0.00,Y,T-Intersection, ,Intersection,None,,,         ,Robert,Higgins,Clear,Angle,no,no,no,no,no,False
103390700,METROPOLITAN NASHVILLE POLICE DEPT,20220410298,Davidson,Nashville,8/18/2022 3:21:00 PM,2,0,0,36.148710,-86.746290,I40 E EXT RAMP,,,,0.00,Feet,East,I 40,,,,0.00,N,Not at Intersection, ,,None,,,         ,Evan,Grace,,,no,no,no,no,no,False
103390703,METROPOLITAN NASHVILLE POLICE DEPT,20220410424,Davidson,Nashville,8/18/2022 4:32:00 PM,2,0,0,36.046100,-86.657830,BELL RD,,,,40.00,Feet,East,COLLINS PARK DR,,,,0.00,N,Not at Intersection,N,Non-Junction,None,,,         ,Nadine,Klemenz,Clear,"Sideswipe, Opposite Direction",no,no,no,no,yes,False
103390729,METROPOLITAN NASHVILLE POLICE DEPT,20220410460,Davidson,Nashville,8/18/2022 4:55:00 PM,2,0,0,36.044910,-86.664180,BELL RD,,,,590.00,Feet,North,CANE RIDGE RD,,,,0.00,N,Not at Intersection,N,Non-Junction,None,,,         ,Nadine,Klemenz,Clear,"Sideswipe, Same Direction",no,no,no,no,yes,False
103390733,METROPOLITAN NASHVILLE POLICE DEPT,20220410299,Davidson,Nashville,8/18/2022 3:08:00 PM,2,0,0,36.066480,-86.668730,BOWFIELD DR,,,,162.00,Feet,West,BOWFIELD CT,,,,0.00,N,Not at Intersection,N,Non-Junction,None,,,         ,Stephen,Carlson,Clear,"Sideswipe, Same Direction",no,no,no,no,no,False
103390744,METROPOLITAN NASHVILLE POLICE DEPT,20220410489,Davidson,Nashville,8/18/2022 4:18:00 PM,2,0,0,36.158080,-86.877020,ROBERTSON AVE,,,,0.00,,,JAMES AVE,,,,0.00,Y,Four-Way,N,Intersection,None,,,         ,Benjamin,Cantrell,Clear,Angle,no,no,no,no,yes,False
103390749,METROPOLITAN NASHVILLE POLICE DEPT,20220410459,Davidson,Nashville,8/18/2022 5:00:00 PM,2,0,0,36.124730,-86.847990,HARDING PKE,,,,139.00,Feet,West,WHITE BRIDGE PKE,,,,0.00,N,Not at Intersection,N,Non-Junction,None,,,         ,Heather,Fox,Clear,Front to Rear,no,no,no,no,yes,False
103390767,METROPOLITAN NASHVILLE POLICE DEPT,20220410469,Davidson,Nashville,8/18/2022 4:03:00 PM,2,0,0,36.172840,-86.765340,S 5TH ST,,,,0.00,,,SPRING ST,,,,0.00,Y,Four-Way, ,,None,,,         ,Randy,Puckett,,,no,no,no,no,no,False
103390785,METROPOLITAN NASHVILLE POLICE DEPT,20220410437,Davidson,Nashville,8/18/2022 1:39:00 PM,2,0,0,36.144710,-86.794170,17TH AVS,,,,374.00,Feet,West,EDGEHILL AV,,,,0.00,N,Not at Intersection, ,Non-Junction,None,,,         ,Dakota,Davis,Clear,"Sideswipe, Same Direction",no,no,no,no,no,Campus
103390796,GOODLETTSVILLE POLICE DEPT,22-25415,Davidson,Goodlettsville,8/18/2022 5:32:00 PM,2,1,0,36.297360,-86.714010,I 65,,,,0.00,,,,,,,94.90,N,Not at Intersection,N,Non-Junction,None,,,         ,Daniel,Knalls,Clear,Front to Rear,no,no,no,no,no,False
103390809,METROPOLITAN NASHVILLE POLICE DEPT,20220410466,Davidson,Nashville,8/18/2022 4:35:00 PM,2,0,0,36.147550,-86.758650,LEWIS ST,,,,0.00,Feet,,LAFAYETTE ST,,,,0.00,Y,Four-Way, ,Intersection,None,,,         ,Douglas,Mann,Clear,Angle,no,no,no,no,no,False
103390824,METROPOLITAN NASHVILLE POLICE DEPT,20220410478,Davidson,Nashville,8/18/2022 4:24:00 PM,2,0,0,36.041700,-86.748620,OLD HICKORY BLVD,,,,0.00,,,COPPERFIELD WAY,,,,0.00,Y,T-Intersection,Y,Intersection-Related,None,,,         ,Nicholas,Carroll,Clear,Front to Rear,no,no,no,no,yes,False
103390836,METROPOLITAN NASHVILLE POLICE DEPT,20220410564,Davidson,Goodlettsville,8/18/2022 5:59:00 PM,2,1,0,36.289870,-86.723380,I 65,,,,0.00,,,,,,,94.20,N,Not at Intersection,N,Non-Junction,None,,,         ,Wesley,Carver,Clear,Front to Rear,no,no,no,no,no,False
103390837,METROPOLITAN NASHVILLE POLICE DEPT,20220410479,Davidson,Nashville,8/18/2022 5:12:00 PM,2,0,0,36.238370,-86.630740,FELLOWSHIP LN,,,,0.00,,,PITTS AV,,,,0.00,Y,T-Intersection,N,Intersection,None,,,         ,Juan,Garcia-Canizales,Clear,Angle,no,no,no,no,no,False
103390841,GOODLETTSVILLE POLICE DEPT,22-25420,Davidson,Goodlettsville,8/18/2022 5:55:00 PM,2,0,0,36.298030,-86.713330,I 65,,,,0.00,,,,,,,95.00,N,Not at Intersection, ,Non-Junction,None,,,         ,Noah,Werner,Clear,"Sideswipe, Same Direction",no,no,no,no,no,False
103390844,METROPOLITAN NASHVILLE POLICE DEPT,20220410627,Davidson,Not in City Limit,8/18/2022 6:41:00 PM,2,0,0,36.077450,-86.947140,HIGHWAY 70S,,,,0.00,Feet,,BELLEVUE CTR PVTDR,,,,0.00,Y,T-Intersection,N,Intersection,None,,,         ,Benjamin,Cantrell,Clear,Angle,no,no,no,no,yes,False
103390864,METROPOLITAN NASHVILLE POLICE DEPT,20220410602,Davidson,Nashville,8/18/2022 12:00:00 AM,2,1,0,36.217260,-86.699380,MCGAVOCK PKE,,,,0.00,,,OUTLET CENTER DR,,,,0.00,Y,T-Intersection,N,Non-Junction,None,,,         ,Esther,Poysti,Clear,Front to Rear,no,no,no,no,yes,False
103390869,METROPOLITAN NASHVILLE POLICE DEPT,20220410502,Davidson,Nashville,8/18/2022 4:17:00 PM,3,0,0,36.252850,-86.717050,GALLATIN PKES,,,,151.00,Feet,South,MADISON SQ,,,,0.00,N,Not at Intersection, ,Non-Junction,None,,,         ,Bradley,Campbell,Clear,"Sideswipe, Same Direction",no,no,no,no,no,False
103390892,METROPOLITAN NASHVILLE POLICE DEPT,20220410631,Davidson,Nashville,8/18/2022 5:33:00 PM,3,2,0,36.134880,-86.723810,MURFREESBORO PKE,,,,197.00,Feet,East,I24 W EXT RAMP,,,,0.00,N,Not at Intersection,N,Non-Junction,None,,,         ,Joshua,Zambrano-Vera,Clear,Angle,no,no,no,no,yes,False
103390899,VANDERBILT UNIVERSITY POLICE,20220410451,Davidson,Nashville,8/18/2022 5:00:00 PM,2,0,0,36.140070,-86.798880,SOUTH DR,,,,0.00,,,,,,,0.00,,, ,Non-Junction,None,,,         ,Yasemine,Lomax,,Unknown,no,no,no,yes,no,Campus
103390902,GOODLETTSVILLE POLICE DEPT,22-25421,Davidson,Goodlettsville,8/18/2022 6:13:00 PM,2,0,0,36.296520,-86.715040,I 65,,,,0.00,,,,,,,94.85,N,Not at Intersection,N,Non-Junction,None,,,         ,Wesley,Kinnaird,Clear,"Sideswipe, Same Direction",no,no,no,no,yes,False
103390930,METROPOLITAN NASHVILLE POLICE DEPT,20220410805,Davidson,Nashville,8/18/2022 8:40:00 PM,3,1,0,36.047110,-86.673700,BLUE HOLE RD,,,,534.00,Feet,North,BELL RD,,,,0.00,N,Not at Intersection,N,Non-Junction,None,,,         ,Nadine,Klemenz,Clear,Front to Rear,no,no,no,no,no,False
103391022,METROPOLITAN NASHVILLE POLICE DEPT,20220410382,Davidson,Not in City Limit,8/18/2022 4:10:00 PM,2,1,0,36.339620,-86.917320,I 24,,,,0.00,,,,,,,32.00,N,Not at Intersection,N,Non-Junction,None,,,         ,Joshua,Beauchesne,Clear,"Sideswipe, Same Direction",no,no,no,no,no,False
103391023,METROPOLITAN NASHVILLE POLICE DEPT,20220410355,Davidson,Nashville,8/18/2022 3:54:00 PM,2,1,0,36.096840,-86.876630,HARDING ROAD CT,,,,0.00,Feet,,HARDING PKE,,,,0.00,Y,T-Intersection,N,Intersection,None,,,         ,Kevin,Smithson,Clear,Angle,no,no,no,no,no,False
103391043,METROPOLITAN NASHVILLE POLICE DEPT,20220410938,Davidson,Nashville,8/18/2022 10:10:00 PM,1,1,0,36.083390,-86.717270,SHASTA DR,,,,780.00,Feet,North,WELCH RD,,,,0.00,N,Not at Intersection,N,Non-Junction,None,,,         ,Jonathan,Handley,Clear,Not Collision with Motor Vehicle in Transport,no,no,no,no,no,False
103391047,METROPOLITAN NASHVILLE POLICE DEPT,20220410601,Davidson,Not in City Limit,8/18/2022 5:04:00 PM,2,0,0,36.259070,-86.696400,LANIER DR,,,,317.00,Feet,East,YOWELL AV,,,,0.00,N,Not at Intersection, ,,None,,,         ,Derek,Sibley,,,no,no,no,no,no,False
103391048,METROPOLITAN NASHVILLE POLICE DEPT,20220410839,Davidson,Nashville,8/18/2022 9:14:00 PM,2,0,0,36.193660,-86.831220,CLARKSVILLE PKE,,,,0.00,Feet,West,BUENA VISTA PKE,,,,0.00,N,Not at Intersection, ,Non-Junction,None,,,         ,Austin,Bowles,Clear,Angle,no,no,no,no,no,False
103391052,METROPOLITAN NASHVILLE POLICE DEPT,20220410747,Davidson,Nashville,8/18/2022 8:06:00 PM,2,0,0,36.150510,-86.857880,WHITE BRIDGE PKE,,,,132.00,Feet,North,CHARLOTTE PKE,,,,0.00,N,Not at Intersection,N,Non-Junction,None,,,         ,William,Vanbergen,Clear,"Sideswipe, Same Direction",no,no,no,no,no,False
103391062,METROPOLITAN NASHVILLE POLICE DEPT,2022-0410858,Davidson,Nashville,8/18/2022 8:10:00 PM,2,0,0,36.173220,-86.601460,CENTRAL PKE,,,,185.00,Feet,West,BURNING TREE DR,,,,0.00,N,Not at Intersection,N,Non-Junction,None,,,         ,Joshua,McGarvey,Clear,Front to Rear,no,no,no,no,yes,False
103391080,METROPOLITAN NASHVILLE POLICE DEPT,20220410997,Davidson,Nashville,8/18/2022 10:52:00 PM,2,1,0,36.172210,-86.689010,BRILEY PKWYS,,,,96.00,Feet,West,BRILEY PKWYN,,,,0.00,N,Not at Intersection,N,Non-Junction,None,,,         ,Douglas,Mann,Clear,"Sideswipe, Same Direction",no,no,no,no,no,False
103391087,METROPOLITAN NASHVILLE POLICE DEPT,20220411008,Davidson,Nashville,8/18/2022 10:55:00 PM,1,1,0,36.043110,-86.676130,BLUE HOLE RD,,,,1079.00,Feet,South,BELL RD,,,,0.00,N,Not at Intersection,N,Non-Junction,None,,,         ,Luke,Steigerwalt,Clear,Not Collision with Motor Vehicle in Transport,no,no,no,no,no,False
103391094,METROPOLITAN NASHVILLE POLICE DEPT,20220410908,Davidson,Nashville,8/18/2022 9:55:00 PM,2,0,0,36.096150,-86.737670,NOLENSVILLE PKE,,,,0.00,,,ALLIED DR,,,,0.00,Y,T-Intersection,N,Intersection,None,,,         ,Steven,Powers,Clear,Front to Rear,no,no,no,no,no,False
103391101,METROPOLITAN NASHVILLE POLICE DEPT,20220411110,Davidson,Nashville,8/19/2022 12:04:00 AM,2,0,0,36.152730,-86.784990,12TH AVS,,,,67.00,Feet,North,PINE ST,,,,0.00,N,Not at Intersection, ,Non-Junction,None,,,         ,Dakota,Davis,Clear,"Sideswipe, Same Direction",no,no,no,no,no,False
103391118,METROPOLITAN NASHVILLE POLICE DEPT,20220411054,Davidson,Nashville,8/18/2022 11:22:00 PM,5,0,0,36.152510,-86.784830,12TH AVS,,,,27.00,Feet,South,PINE ST,,,,0.00,N,Not at Intersection,N,Non-Junction,None,,,         ,Cory,Stratton,Clear,"Sideswipe, Same Direction",no,no,no,no,yes,False
103391138,METROPOLITAN NASHVILLE POLICE DEPT,20220411041,Davidson,Nashville,8/18/2022 12:00:00 AM,3,3,0,36.165750,-86.805130,DR D B TODD JR BLVD,,,,0.00,,,JACKSON ST,,,,0.00,Y,Four-Way,N,Intersection,None,,,         ,Jacob,Ross,Clear,Angle,no,no,no,no,yes,False
103391174,METROPOLITAN NASHVILLE POLICE DEPT,20220411336,Davidson,Nashville,8/19/2022 1:59:00 AM,2,0,0,36.142800,-86.682940,I 40,,,,0.00,,,,,,,215.65,N,Not at Intersection,N,Non-Junction,None,,,         ,Randall,Ward,Clear,"Sideswipe, Same Direction",no,no,no,no,yes,False
103391176,METROPOLITAN NASHVILLE POLICE DEPT,20220410919,Davidson,Nashville,8/18/2022 10:00:00 PM,2,0,0,36.151820,-86.776790,MIDDLETON ST,,,,280.00,Feet,East,7TH AVS,,,,0.00,N,Not at Intersection, ,Non-Junction,None,,,         ,Peyton,Wheatley,Clear,Rear to Side,no,no,no,no,yes,False
103391186,METROPOLITAN NASHVILLE POLICE DEPT,20220411290,Davidson,Nashville,8/19/2022 1:15:00 AM,2,0,0,36.126670,-86.711160,EAST THOMPSON LN,,,,25.00,Feet,West,THOMPSON PL,,,,0.00,N,Not at Intersection, ,Non-Junction,None,,,         ,Mario,Diaz,Clear,Front to Rear,no,no,no,no,yes,False
103391201,METROPOLITAN NASHVILLE POLICE DEPT,20220411302,Davidson,Not in City Limit,8/19/2022 3:01:00 AM,2,0,0,36.050520,-86.955900,POPLAR CREEK TRC,,,,130.00,Feet,West,WILLOW OAK DR,,,,0.00,N,Not at Intersection,N,Non-Junction,None,,,         ,David,Moser,Clear,Front to Rear,no,no,no,no,no,False
103391215,METROPOLITAN NASHVILLE POLICE DEPT,20220411429,Davidson,Not in City Limit,8/19/2022 5:26:00 AM,2,1,0,36.109630,-86.544740,HOBSON PKE,,,,1297.00,Feet,East,GRANNY WRIGHT LN,,,,0.00,N,Not at Intersection,N,Non-Junction,None,,,         ,Douglas,Meringer,Clear,"Sideswipe, Opposite Direction",no,no,no,no,no,False
103391220,BERRY HILL POLICE DEPT,22-2346,Davidson,Berry Hill,8/18/2022 1:30:00 PM,2,0,0,36.112390,-86.768020,THOMPSON LN,,,,0.00,,,W IRIS DR,,,,0.00,Y,OTHER, ,,None,,,         ,Larry,Carter,,,no,no,no,yes,no,False
103391222,VANDERBILT UNIVERSITY POLICE,20220410950,Davidson,Nashville,8/18/2022 9:47:00 PM,1,0,0,36.140900,-86.806780,25TH AVS,,,,653.00,Feet,North,CHILDRENS WAY,,,,0.00,N,Not at Intersection, ,Non-Junction,None,,,         ,Orlando,Dixson,Clear,Not Collision with Motor Vehicle in Transport,no,no,no,yes,no,Campus
103391234,METROPOLITAN NASHVILLE POLICE DEPT,20220411442,Davidson,Nashville,8/19/2022 5:46:00 AM,2,0,0,36.165150,-86.602770,BELL RD,,,,0.00,Feet,,MILLS RD,,,,0.00,Y,T-Intersection,N,Intersection-Related,None,,,         ,Bryan,Malone,Rain,Angle,no,no,no,no,no,False
103391241,METROPOLITAN NASHVILLE POLICE DEPT,20220411241,Davidson,Nashville,8/19/2022 1:50:00 AM,2,0,0,36.150100,-86.771750,I 40,,,,0.00,,,,,,,210.25,N,Not at Intersection,N,Non-Junction,None,,,         ,Jeremy,Crisp,Clear,Front to Rear,no,no,no,no,yes,False
103391248,METROPOLITAN NASHVILLE POLICE DEPT,20220411504,Davidson,Nashville,8/19/2022 12:00:00 AM,2,0,0,36.151340,-86.768360,2ND AVS,,,,0.00,,,I40 E ENT RAMP,,,,0.00,Y,Four-Way, ,,None,,,         ,James,Thornton,,,no,no,no,no,no,False
103391263,METROPOLITAN NASHVILLE POLICE DEPT,20220411545,Davidson,Not in City Limit,8/19/2022 7:00:00 AM,1,1,0,36.316990,-86.879230,OLD CLARKSVILLE PKE,,,,821.00,Feet,West,EATONS CREEK RD,,,,0.00,N,Not at Intersection,N,Non-Junction,None,,,         ,Judah,Parker,Clear,Not Collision with Motor Vehicle in Transport,no,no,no,no,no,False
103391273,METROPOLITAN NASHVILLE POLICE DEPT,20220411505,Davidson,Nashville,8/19/2022 6:47:00 AM,2,1,0,36.158810,-86.798160,CHARLOTTE AV,,,,0.00,Feet,,17TH AVN,,,,0.00,Y,Four-Way,Y,Intersection,None,,,         ,Anthony,Butler,Clear,Angle,no,no,no,no,no,False
103391284,METROPOLITAN NASHVILLE POLICE DEPT,20220411728,Davidson,Nashville,8/19/2022 12:01:00 AM,2,0,0,36.130850,-86.805750,BLAIR BLVD,,,,87.00,Feet,East,24TH AVS,,,,0.00,N,Not at Intersection,N,Non-Junction,None,,,         ,Ryan,Caulfield,Unknown,"Sideswipe, Same Direction",no,no,no,no,yes,False
103391291,METROPOLITAN NASHVILLE POLICE DEPT,20220410220,Davidson,Nashville,8/18/2022 2:30:00 PM,2,1,0,36.032220,-86.618420,BARKHILL PL,,,,241.00,Feet,South,PRESERVE BLVD,,,,0.00,N,Not at Intersection,N,Non-Junction,None,,,         ,John,Jean Baptiste,Clear,Front to Rear,no,no,no,yes,no,False
103391294,METROPOLITAN NASHVILLE POLICE DEPT,20220411480,Davidson,Nashville,8/19/2022 6:00:00 AM,3,1,0,36.089320,-86.650130,MURFREESBORO PKE,,,,99.00,Feet,North,RANSOM PL,,,,0.00,N,Not at Intersection,N,Non-Junction,None,,,         ,Kaitlyn,Qualls,Clear,HeadOn,no,no,no,no,no,False
103391299,VANDERBILT UNIVERSITY POLICE,20220410215,Davidson,Nashville,8/18/2022 12:50:00 PM,1,0,0,36.145280,-86.811430,WEST END AV,,,,0.00,,,,,,,0.00,,, ,Non-Junction,None,,,         ,Michael,Knupp,Clear,Not Collision with Motor Vehicle in Transport,no,no,no,yes,yes,Campus
103391305,METROPOLITAN NASHVILLE POLICE DEPT,20220411718,Davidson,Not in City Limit,8/19/2022 8:37:00 AM,2,0,0,36.261110,-86.757640,DICKERSON PKE,,,,0.00,,,,,,,0.00,,, ,Non-Junction,None,,,         ,Mark,Iovine,Clear,Not Collision with Motor Vehicle in Transport,no,no,no,no,no,False
103391306,METROPOLITAN NASHVILLE POLICE DEPT,20220411686,Davidson,Nashville,8/19/2022 6:30:00 AM,2,0,0,36.072780,-86.621790,LUANN DR,,,,201.00,Feet,East,CEDARCLIFF RD,,,,0.00,N,Not at Intersection, ,Non-Junction,None,,,         ,Bailey,McCluskey,Clear,Front to Rear,no,no,no,no,yes,False
103391322,METROPOLITAN NASHVILLE POLICE DEPT,20220411732,Davidson,Nashville,8/19/2022 8:50:00 AM,2,1,0,36.154330,-86.743290,US HWY 70,,,,0.00,,,FESSLERS LN,,,,0.00,Y,T-Intersection,N,Intersection,None,,,         ,Brian,Ritz,Clear,"Sideswipe, Same Direction",no,no,no,no,no,False
103391325,METROPOLITAN NASHVILLE POLICE DEPT,20220411800,Davidson,Lakewood,8/19/2022 9:28:00 AM,1,1,0,36.239430,-86.630870,OLD HICKORY BLVD,,,,197.00,Feet,East,ANTHONY ST,,,,0.00,N,Not at Intersection,N,Non-Junction,None,,,         ,Ian,Hammond,Clear,Not Collision with Motor Vehicle in Transport,no,no,no,no,no,False
103391329,METROPOLITAN NASHVILLE POLICE DEPT,20220411529,Davidson,Nashville,8/19/2022 6:55:00 AM,2,0,0,36.117930,-86.810050,GOLF CLUB LN,,,,9.00,Feet,West,HILLSBORO PKE,,,,0.00,N,Not at Intersection,N,Non-Junction,None,,,         ,Jakub,Boyke,Clear,Angle,no,no,no,no,no,False