master_record_number,agency,agency_tracking_number,county,city,collision_date,vehicles_involved,number_injured,number_dead,latitude,longitude,roadway_name,roadway_suffix,roadway_number,roadway_local_id,distance_from_reference,miles-feet_indicator,direction_from_reference,intersection_road_name,intersection_road_name_suffix,intersection_road_number,intersection_local_id,mile_marker,intersection_indicator,intersect_type,interchange_related_indicator,relation_to_junction,work_zone_type,construction_maintenance_zone,construction_maintenance_zone_location,fatal_case_number,officer_first_name,officer_last_name,weather_condition(s),manner_of_crash,pedestrian,bicycle,scooter,parking,hitrun,mou
103392726,METROPOLITAN NASHVILLE POLICE DEPT,20220413902,Davidson,Nashville,8/20/2022 1:10:00 PM,2,2,0,36.201330,-86.724940,MARSDEN AV,,,,0.00,Feet,North,BRANCH ST,,,,0.00,N,Not at Intersection,N,Non-Junction,None,,,         ,Goran,Manojlovic,Clear,Angle,no,no,no,no,no,False
103392753,METROPOLITAN NASHVILLE POLICE DEPT,20220413859,Davidson,Nashville,8/20/2022 12:55:00 PM,1,0,0,36.120510,-86.802490,I440 W EXT RAMP,,,,0.00,,,I 440,,,,0.00,Y,OTHER,N,Non-Junction,None,,,         ,Kyle,Kinsman,Rain,Not Collision with Motor Vehicle in Transport,no,no,no,no,no,False
103392755,METROPOLITAN NASHVILLE POLICE DEPT,20220413899,Davidson,Nashville,8/20/2022 1:50:00 PM,2,2,0,36.145760,-86.741320,I 40,,,,0.00,,,,,,,212.20,N,Not at Intersection,N,Non-Junction,None,,,         ,Kaitlyn,Qualls,Cloudy,Front to Rear,no,no,no,no,no,False
103392756,METROPOLITAN NASHVILLE POLICE DEPT,20220413863,Davidson,Nashville,8/20/2022 1:00:00 PM,3,1,0,36.125640,-86.709750,MURFREESBORO PKE,,,,16.00,Feet,East,BOWWOOD CT,,,,0.00,N,Not at Intersection,N,Non-Junction,None,,,         ,Parker,Vegas,Rain,HeadOn,no,no,no,no,no,False
103392790,METROPOLITAN NASHVILLE POLICE DEPT,20220413846,Davidson,Nashville,8/20/2022 12:46:00 PM,2,1,0,36.091590,-86.651500,MURFREESBORO PKE,,,,142.00,Feet,North,BRITISH WOODS DR,,,,0.00,N,Not at Intersection,N,Non-Junction,None,,,         ,Zera,Ntahonirukiye,Cloudy,Front to Rear,no,no,no,no,no,False
103392794,METROPOLITAN NASHVILLE POLICE DEPT,20220413893,Davidson,Nashville,8/20/2022 1:42:00 PM,4,1,0,36.040140,-86.712770,NOLENSVILLE PKE,,,,86.00,Feet,North,MILL CREEK WHITTEMORE GRNWY,,,,0.00,N,Not at Intersection,N,Non-Junction,None,,,         ,Sekou,Samassi,"Cloudy, Rain",Front to Rear,no,no,no,no,no,False
103392800,METROPOLITAN NASHVILLE POLICE DEPT,20220413849,Davidson,Nashville,8/20/2022 12:50:00 PM,2,0,0,36.141910,-86.640900,ELM HILL PKE,,,,85.00,Feet,West,TIMBER VALLEY DR,,,,0.00,N,Not at Intersection,N,Non-Junction,None,,,         ,Dillon,Hanna,"Cloudy, Rain",Not Collision with Motor Vehicle in Transport,no,no,no,no,no,False
103392822,GOODLETTSVILLE POLICE DEPT,22-25567,Davidson,Goodlettsville,8/20/2022 1:05:00 PM,1,1,0,36.307320,-86.694920,VIETNAM VETERANS BLVDN,,,,64.00,Feet,West,CONFERENCE DR,,,,0.00,N,Not at Intersection,N,Non-Junction,None,,,         ,Benny,Alexander,Rain,Not Collision with Motor Vehicle in Transport,no,no,no,no,no,False
103392837,GOODLETTSVILLE POLICE DEPT,22-25570,Davidson,Goodlettsville,8/20/2022 2:30:00 PM,2,0,0,36.308090,-86.695180,CONFERENCE DR,,,,103.00,Feet,West,VIETNAM VETERANS EXIT RAMP,,,,0.00,N,Not at Intersection, ,Non-Junction,None,,,         ,George,Henry,Clear,"Sideswipe, Same Direction",no,no,no,no,no,False
103392849,METROPOLITAN NASHVILLE POLICE DEPT,20220413961,Davidson,Nashville,8/20/2022 3:15:00 PM,2,3,0,36.141120,-86.721960,SPENCE LN,,,,11.00,Feet,North,I40 W EXT RAMP,,,,0.00,N,Not at Intersection,N,Non-Junction,None,,,         ,Dylan,Colquhoun,Cloudy,Front to Rear,no,no,no,no,no,False
103392868,METROPOLITAN NASHVILLE POLICE DEPT,20220413994,Davidson,Nashville,8/20/2022 3:35:00 PM,3,3,0,36.089650,-86.806010,HARDING PL,,,,4.00,Feet,East,BELMONT PARK TER,,,,0.00,N,Not at Intersection,N,Non-Junction,None,,,         ,David,Harms,Rain,Angle,no,no,no,no,no,False
103392869,METROPOLITAN NASHVILLE POLICE DEPT,20220413938,Davidson,Nashville,8/20/2022 2:20:00 PM,2,1,0,36.205320,-86.778010,BRICK CHURCH PKE,,,,3.00,Feet,North,I65 S ENT RAMP,,,,0.00,N,Not at Intersection,N,Non-Junction,None,,,         ,Cecelia,Brown,Clear,Angle,no,no,no,no,no,False
103392875,METROPOLITAN NASHVILLE POLICE DEPT,20220413946,Davidson,Nashville,8/20/2022 2:45:00 PM,2,0,0,36.042020,-86.621800,ASHEFORD TRC,,,,97.00,Feet,West,SUMMERCREST BLVD,,,,0.00,N,Not at Intersection,N,Non-Junction,None,,,         ,Nadine,Klemenz,"Cloudy, Rain","Sideswipe, Opposite Direction",no,no,no,no,no,False
103392876,METROPOLITAN NASHVILLE POLICE DEPT,20220413954,Davidson,Nashville,8/20/2022 2:45:00 PM,2,3,0,36.141140,-86.717820,I 40,,,,0.00,,,,,,,213.25,N,Not at Intersection,N,Non-Junction,None,,,         ,Robert,Marquez,Cloudy,Front to Rear,no,no,no,no,no,False
103392891,METROPOLITAN NASHVILLE POLICE DEPT,20220413784,Davidson,Nashville,8/20/2022 11:40:00 AM,2,0,0,36.147430,-86.799390,GRAND AV,,,,0.00,Feet,West,21ST AVS,,,,0.00,N,Not at Intersection, ,Non-Junction,None,,,         ,Cherell,Kinchloe,Clear,HeadOn,no,no,no,no,no,Campus
103392892,METROPOLITAN NASHVILLE POLICE DEPT,20220414060,Davidson,Nashville,8/20/2022 4:33:00 PM,2,2,0,36.096190,-86.637190,SMITH SPRINGS RD,,,,693.00,Feet,West,LONGHUNTER CT,,,,0.00,N,Not at Intersection,N,Non-Junction,None,,,         ,Robert,Marquez,Clear,Front to Rear,no,no,no,no,yes,False
103392905,BERRY HILL POLICE DEPT,22-2383,Davidson,Berry Hill,8/20/2022 5:15:00 PM,2,0,0,36.125000,-86.776680,FRANKLIN PKE,,,,6.00,Feet,North,INVERNESS AV,,,,0.00,N,Not at Intersection,Y,Non-Junction,None,,,         ,Eric,McCoy,Clear,"Sideswipe, Same Direction",no,no,no,no,yes,False
103392918,METROPOLITAN NASHVILLE POLICE DEPT,20220414057,Davidson,Nashville,8/20/2022 4:31:00 PM,2,1,0,36.064940,-86.645390,BRIDGECREST DR,,,,67.00,Feet,West,RURAL HILL RD,,,,0.00,N,Not at Intersection,N,Non-Junction,None,,,         ,Steven,Bowler,Cloudy,Angle,no,no,no,no,no,False
103392919,METROPOLITAN NASHVILLE POLICE DEPT,20220414020,Davidson,Nashville,8/20/2022 6:45:00 AM,2,0,0,36.041000,-86.663720,CHIMNEYTOP DR,,,,0.00,Feet,East,BELL HOLLOW APTS PVTDR,,,,0.00,N,Not at Intersection,N,Non-Junction,None,,,         ,Nadine,Klemenz,Cloudy,Front to Rear,no,no,no,no,yes,False
103392923,METROPOLITAN NASHVILLE POLICE DEPT,20220414052,Davidson,Nashville,8/20/2022 4:00:00 PM,2,2,0,36.163530,-86.762090,I 24,,,,0.00,,,,,,,49.20,N,Not at Intersection,N,Non-Junction,None,,,         ,Joao,Pinho,Clear,Front to Rear,no,no,no,no,yes,False
103392947,METROPOLITAN NASHVILLE POLICE DEPT,20220414080,Davidson,Nashville,8/20/2022 4:20:00 PM,2,0,0,36.143060,-86.776820,I 65,,,,0.00,,,,,,,82.05,N,Not at Intersection,N,Non-Junction,None,,,         ,Dylan,Chambers,Clear,Front to Rear,no,no,no,no,no,False
103392948,METROPOLITAN NASHVILLE POLICE DEPT,20220414134,Davidson,Nashville,8/20/2022 5:50:00 PM,1,1,0,36.095230,-86.707270,I 24,,,,0.00,,,,,,,55.00,N,Not at Intersection,N,Non-Junction,None,,,         ,Nadine,Klemenz,Cloudy,Not Collision with Motor Vehicle in Transport,no,no,no,no,no,False
103392960,VANDERBILT UNIVERSITY POLICE,20220414046,Davidson,Nashville,8/20/2022 4:04:00 PM,3,0,0,36.139170,-86.807000,CHILDRENS WAY,,,,0.00,,,,,,,0.00,,, ,Non-Junction,None,,,         ,Robert,Gibson,,Angle,no,no,no,yes,no,Campus
103392961,METROPOLITAN NASHVILLE POLICE DEPT,20220414096,Davidson,Nashville,8/20/2022 4:51:00 AM,2,0,0,36.077700,-86.656750,OAKWOOD FOREST DR,,,,0.00,,,,,,,0.00,,,N,Non-Junction,None,,,         ,Taylor,Blackwelder,Clear,Angle,no,no,no,yes,yes,False
103392962,METROPOLITAN NASHVILLE POLICE DEPT,20220414078,Davidson,Nashville,8/20/2022 4:45:00 PM,2,0,0,36.179730,-86.786370,TAYLOR ST,,,,0.00,,,2ND AVN,,,,0.00,Y,Four-Way,N,Intersection,None,,,         ,Ralph,Gault,Clear,Angle,no,no,no,no,no,False
103392965,METROPOLITAN NASHVILLE POLICE DEPT,20220414190,Davidson,Nashville,8/20/2022 6:51:00 PM,2,0,0,36.161870,-86.779340,COMMERCE ST,,,,0.00,,,5TH AVN,,,,0.00,Y,Four-Way, ,Intersection-Related,None,,,         ,Nathan,Kemp,Clear,Front to Rear,no,no,no,no,no,False
103392976,METROPOLITAN NASHVILLE POLICE DEPT,20220414180,Davidson,Nashville,8/20/2022 6:14:00 PM,2,0,0,36.172840,-86.765340,S 5TH ST,,,,0.00,,,SPRING ST,,,,0.00,Y,Four-Way, ,Non-Junction,None,,,         ,Joao,Pinho,Clear,Front to Rear,no,no,no,no,no,False
103392977,METROPOLITAN NASHVILLE POLICE DEPT,20220414169,Davidson,Nashville,8/20/2022 6:20:00 PM,2,2,0,36.082220,-86.697550,I 24,,,,0.00,,,,,,,56.00,N,Not at Intersection,N,Non-Junction,None,,,         ,Taylor,Blackwelder,Clear,Front to Rear,no,no,no,no,no,False
103392985,METROPOLITAN NASHVILLE POLICE DEPT,20220414252,Davidson,Antioch,8/20/2022 7:35:00 PM,2,0,0,36.038200,-86.601630,MURFREESBORO PKE,,,,499.00,Feet,South,OLD HICKORY BLVD,,,,0.00,N,Not at Intersection, ,Non-Junction,None,,,         ,Nadine,Klemenz,Clear,Front to Rear,no,no,no,no,no,False
103392996,METROPOLITAN NASHVILLE POLICE DEPT,20220414121,Davidson,Not in City Limit,8/20/2022 5:37:00 PM,2,0,0,36.264190,-86.735320,I65 N EXT RAMP,,,,0.00,,,OLD HICKORY BLVDW,,,,0.00,Y,T-Intersection,N,Entrance/Exit Ramp Related,None,,,         ,Miles,Posey,Clear,Front to Rear,no,no,no,no,no,False
103392997,METROPOLITAN NASHVILLE POLICE DEPT,20220414040,Davidson,Nashville,8/20/2022 4:15:00 PM,3,2,0,36.109450,-86.728050,BRILEY PKWYN,,,,0.00,,,BRILEY PKWYS,,,,0.00,Y,Four-Way,N,Intersection,None,,,         ,Andrew,Brazee,"Cloudy, Rain",Angle,no,no,no,no,no,False
103393003,METROPOLITAN NASHVILLE POLICE DEPT,20220413966,Davidson,Goodlettsville,8/20/2022 3:20:00 PM,2,1,0,36.296920,-86.699170,RIVERGATE PKWY,,,,4.00,Feet,North,GALLATIN PKEN,,,,0.00,N,Not at Intersection,N,Non-Junction,None,,,         ,Wesley,Carver,Cloudy,Front to Rear,no,no,no,no,yes,False
103393004,METROPOLITAN NASHVILLE POLICE DEPT,20220414008,Davidson,Nashville,8/20/2022 12:00:00 AM,1,0,0,36.150640,-86.831390,ELKINS AV,,,,0.00,,,,,,,0.00,,,N,Non-Junction,None,,,         ,Blake,Langford,Clear,Not Collision with Motor Vehicle in Transport,no,no,no,yes,no,False
103393034,VANDERBILT UNIVERSITY POLICE,20220414222,Davidson,Nashville,8/20/2022 7:28:00 PM,2,0,0,36.142030,-86.808090,JESS NEELY DR,,,,510.00,Feet,West,25TH AVS,,,,0.00,N,Not at Intersection, ,Non-Junction,None,,,         ,Robert,Gibson,,Front to Rear,no,no,no,yes,no,Campus
103393041,GOODLETTSVILLE POLICE DEPT,22-25523,Davidson,Goodlettsville,8/19/2022 11:28:00 PM,2,1,0,36.312520,-86.698860,CONFERENCE DR,,,,194.00,Feet,North,PROFESSIONAL PARK DR,,,,0.00,N,Not at Intersection,N,Non-Junction,None,,,         ,Jovan,Martin,Clear,HeadOn,no,no,no,no,no,False
103393066,METROPOLITAN NASHVILLE POLICE DEPT,20220413999,Davidson,Nashville,8/20/2022 3:40:00 PM,4,3,0,36.096180,-86.637160,SMITH SPRINGS RD,,,,685.00,Feet,West,LONGHUNTER CT,,,,0.00,N,Not at Intersection,N,Non-Junction,None,,,         ,Charis,Holland,Cloudy,HeadOn,no,no,no,no,no,False
103393067,METROPOLITAN NASHVILLE POLICE DEPT,20220414125,Davidson,Nashville,8/20/2022 4:20:00 PM,2,0,0,36.064520,-86.628770,HAMILTON CHURCH RD,,,,132.00,Feet,South,MURFREESBORO PKE,,,,0.00,N,Not at Intersection, ,Non-Junction,None,,,         ,Michael,Raash,Clear,Front to Rear,no,no,no,no,no,False
103393088,METROPOLITAN NASHVILLE POLICE DEPT,20220414155,Davidson,Nashville,8/20/2022 6:13:00 PM,2,1,0,36.048630,-86.664920,I 24,,,,0.00,,,,,,,59.00,N,Not at Intersection,N,Non-Junction,Work Zone,Laneclosure,Activity Area,         ,Steven,Bowler,Cloudy,Front to Rear,no,no,no,no,no,False
103393093,BERRY HILL POLICE DEPT,22-2391,Davidson,Berry Hill,8/20/2022 10:00:00 PM,2,0,0,36.126340,-86.776410,CRAIGHEAD ST,,,,204.00,Feet,East,FRANKLIN PKE,,,,0.00,N,Not at Intersection, ,Non-Junction,None,,,         ,Anthony,Russo,Clear,"Sideswipe, Same Direction",no,no,no,no,no,False
103393102,METROPOLITAN NASHVILLE POLICE DEPT,20220414334,Davidson,Nashville,8/20/2022 8:55:00 PM,2,0,0,36.159990,-86.782790,ROSA L PARKS BLVD,,,,0.00,,,,,,,0.00,,, ,Non-Junction,None,,,         ,Ralph,Gault,Clear,Angle,no,no,no,no,no,False
103393111,METROPOLITAN NASHVILLE POLICE DEPT,20220414341,Davidson,Not in City Limit,8/20/2022 9:06:00 PM,2,1,0,36.076160,-86.967300,I 40,,,,0.00,,,,,,,195.65,N,Not at Intersection,N,Non-Junction,None,,,         ,Justin,Wells,Clear,Front to Rear,no,no,no,no,yes,False
103393112,METROPOLITAN NASHVILLE POLICE DEPT,20220413993,Davidson,Goodlettsville,8/20/2022 3:34:00 PM,2,0,0,36.296920,-86.699170,RIVERGATE PKWY,,,,4.00,Feet,North,GALLATIN PKEN,,,,0.00,N,Not at Intersection, ,Non-Junction,None,,,         ,Wesley,Carver,Cloudy,Angle,no,no,no,no,no,False
103393115,METROPOLITAN NASHVILLE POLICE DEPT,20220414459,Davidson,Nashville,8/20/2022 9:56:00 PM,2,1,0,36.156030,-86.790010,14TH AVN,,,,165.00,Feet,North,I40 E ENT RAMP,,,,0.00,N,Not at Intersection,N,Non-Junction,None,,,         ,Garrett,Latham,Clear,Angle,no,no,no,no,yes,False
103393143,METROPOLITAN NASHVILLE POLICE DEPT,20220414280,Davidson,Nashville,8/20/2022 8:05:00 PM,2,0,0,36.165720,-86.778690,3RD AVN,,,,34.00,Feet,North,UNION ST,,,,0.00,N,Not at Intersection, ,Non-Junction,None,,,         ,Zachary,Cooper,Clear,"Sideswipe, Same Direction",no,no,no,no,no,False
103393144,METROPOLITAN NASHVILLE POLICE DEPT,20220414000,Davidson,Nashville,8/20/2022 12:00:00 AM,2,0,0,36.031850,-86.639780,I 24,,,,0.00,,,,,,,60.85,N,Not at Intersection, ,Non-Junction,None,,,         ,Derek,Garcia,"Cloudy, Rain",Front to Rear,no,no,no,no,no,False
103393157,METROPOLITAN NASHVILLE POLICE DEPT,20220414116,Davidson,Nashville,8/20/2022 4:00:00 PM,1,1,0,36.131350,-86.789640,BELMONT UNIVERSITY PVTDR,,,,0.00,Feet,East,12TH AVS,,,,0.00,N,Not at Intersection,N,OtherLocation,None,,,         ,Nicholas,Hoffmann,Other,Not Collision with Motor Vehicle in Transport,yes,no,no,yes,yes,False
103393179,METROPOLITAN NASHVILLE POLICE DEPT,20220414505,Davidson,Not in City Limit,8/20/2022 10:22:00 PM,2,1,0,36.075200,-86.967630,COLEY DAVIS RD,,,,0.00,,,SOMERSET FARMS DR,,,,0.00,Y,T-Intersection,N,Intersection,None,,,         ,Robert,Higgins,Clear,Angle,no,no,no,no,no,False
103393180,METROPOLITAN NASHVILLE POLICE DEPT,20220414235,Davidson,Nashville,8/20/2022 7:09:00 PM,2,0,0,36.143510,-86.687630,I40 W EXT RAMP,,,,0.00,Feet,East,I 40,,,,0.00,N,Not at Intersection,N,Non-Junction,None,,,         ,Forrest,Punke,Cloudy,Front to Rear,no,no,no,no,yes,False
103393200,METROPOLITAN NASHVILLE POLICE DEPT,20220414272,Davidson,Not in City Limit,8/20/2022 7:58:00 PM,3,2,0,36.270740,-86.710410,GALLATIN PKEN,,,,127.00,Feet,South,ROOSEVELT AV,,,,0.00,N,Not at Intersection,N,Non-Junction,None,,,         ,Wesley,Carver,Clear,Angle,no,no,no,no,no,False
103393205,METROPOLITAN NASHVILLE POLICE DEPT,20220414396,Davidson,Nashville,8/20/2022 9:37:00 PM,2,8,0,36.042980,-86.654710,I 24,,,,0.00,,,,,,,59.70,N,Not at Intersection,N,Non-Junction,None,,,         ,Andre,Williams,Clear,Front to Rear,no,no,no,no,no,False
103393206,METROPOLITAN NASHVILLE POLICE DEPT,20220414506,Davidson,Nashville,8/20/2022 6:25:00 AM,2,0,0,36.128690,-86.707270,PATRICIA DR,,,,541.00,Feet,North,THOMPSON PL,,,,0.00,N,Not at Intersection,N,Non-Junction,None,,,         ,Charis,Holland,Clear,Other,no,no,no,yes,yes,False
103393208,METROPOLITAN NASHVILLE POLICE DEPT,20220414709,Davidson,Nashville,8/21/2022 12:00:00 AM,2,5,0,36.228470,-86.811250,WHITES CREEK PKE,,,,1777.00,Feet,North,AUGUSTA DR,,,,0.00,N,Not at Intersection,N,Non-Junction,None,,,         ,Dylan,Ramos,Cloudy,"Sideswipe, Opposite Direction",no,no,no,no,no,False
103393216,METROPOLITAN NASHVILLE POLICE DEPT,20220414735,Davidson,Nashville,8/20/2022 12:00:00 AM,2,0,0,36.217740,-86.699310,OUTLET CENTER DR,,,,172.00,Feet,North,MCGAVOCK PKE,,,,0.00,N,Not at Intersection,N,Non-Junction,None,,,         ,Jacob,Snyder,Cloudy,Angle,no,no,no,yes,yes,False
103393223,METROPOLITAN NASHVILLE POLICE DEPT,20220414425,Davidson,Nashville,8/20/2022 9:02:00 PM,2,0,0,36.068780,-86.678720,RICHARDS RD,,,,170.00,Feet,West,LORI DR,,,,0.00,N,Not at Intersection,N,Non-Junction,None,,,         ,Parker,Vegas,Clear,HeadOn,no,no,no,no,yes,False
103393231,METROPOLITAN NASHVILLE POLICE DEPT,20220414741,Davidson,Goodlettsville,8/21/2022 12:00:00 AM,1,0,0,36.302950,-86.691560,GALLATIN PKEN,,,,111.00,Feet,East,CONFERENCE DR,,,,0.00,N,Not at Intersection,N,Non-Junction,None,,,         ,John,Robish,Clear,Not Collision with Motor Vehicle in Transport,no,no,no,no,yes,False
103393233,METROPOLITAN NASHVILLE POLICE DEPT,20220414481,Davidson,Nashville,8/20/2022 9:45:00 PM,2,0,0,36.078630,-86.745280,HARDING PL,,,,16.00,Feet,West,DANBY DR,,,,0.00,N,Not at Intersection, ,Non-Junction,None,,,         ,Mitchell,Cook,Cloudy,Front to Rear,no,no,no,no,no,False
103393236,METROPOLITAN NASHVILLE POLICE DEPT,20220414825,Davidson,Nashville,8/21/2022 12:00:00 AM,2,0,0,36.159540,-86.774670,DEMONBREUN ST,,,,10.00,Feet,West,3RD AVS,,,,0.00,N,Not at Intersection,N,Non-Junction,None,,,         ,Keith,Covert,Clear,Front to Rear,no,no,no,no,yes,False
103393253,METROPOLITAN NASHVILLE POLICE DEPT,20220414759,Davidson,Nashville,8/21/2022 12:00:00 AM,1,0,0,36.155250,-86.651670,IRONWOOD DR,,,,7.00,Feet,South,TEMPLEWOOD DR,,,,0.00,N,Not at Intersection,N,Non-Junction,None,,,         ,Timothy,Lehnert,Clear,Not Collision with Motor Vehicle in Transport,no,no,no,no,yes,False
103393266,METROPOLITAN NASHVILLE POLICE DEPT,20220414895,Davidson,Nashville,8/21/2022 3:01:00 AM,2,0,0,36.045440,-86.712480,OLD HICKORY BLVD,,,,233.00,Feet,East,NOLENSVILLE PKE,,,,0.00,N,Not at Intersection,N,Non-Junction,None,,,         ,Jerrod,Kalinsky,Clear,Front to Rear,no,no,no,no,no,False
103393277,METROPOLITAN NASHVILLE POLICE DEPT,20220414876,Davidson,Nashville,8/21/2022 2:07:00 AM,2,0,0,36.160470,-86.778440,5TH AVS,,,,0.00,Feet,East,BROADWAY,,,,0.00,N,Not at Intersection, ,Non-Junction,None,,,         ,Tre,Marlowe,Clear,"Sideswipe, Same Direction",no,no,no,no,no,False
103393278,METROPOLITAN NASHVILLE POLICE DEPT,20220414786,Davidson,Not in City Limit,8/21/2022 1:10:00 AM,1,0,0,36.261390,-86.710180,MAPLE ST,,,,84.00,Feet,East,2ND AV,,,,0.00,N,Not at Intersection,N,Non-Junction,None,,,         ,Jose,Oliveros,Clear,Not Collision with Motor Vehicle in Transport,no,no,no,no,yes,False
103393285,METROPOLITAN NASHVILLE POLICE DEPT,20220414929,Davidson,Nashville,8/21/2022 3:41:00 AM,2,0,0,36.007770,-86.613280,I 24,,,,0.00,,,,,,,63.15,N,Not at Intersection, ,Non-Junction,None,,,         ,Jason,Thomas,Clear,Front to Rear,no,no,no,no,no,False
103393287,METROPOLITAN NASHVILLE POLICE DEPT,20220414727,Davidson,Nashville,8/21/2022 12:20:00 AM,2,0,0,36.071880,-86.636190,MURFREESBORO PKE,,,,4.00,Feet,North,BELL RD,,,,0.00,N,Not at Intersection,N,Non-Junction,None,,,         ,Gregory,Rdzok,Cloudy,Front to Rear,no,no,no,no,yes,False
103393288,METROPOLITAN NASHVILLE POLICE DEPT,20220414901,Davidson,Nashville,8/21/2022 3:09:00 AM,2,1,0,36.083710,-86.705710,LARGO DR,,,,0.00,,,LINBAR DR,,,,0.00,Y,Four-Way,N,Intersection,None,,,         ,Sullivan,Souksanh,Clear,Angle,no,no,no,no,no,False
103393289,METROPOLITAN NASHVILLE POLICE DEPT,20220414937,Davidson,Nashville,8/21/2022 2:48:00 AM,2,0,0,36.159820,-86.774840,3RD AVE S,,,,115.00,Feet,North,DEMONBREUN ST,,,,0.00,N,Not at Intersection, ,Non-Junction,None,,,         ,Mena,Mahros,Clear,Angle,no,no,no,no,no,False
103393293,METROPOLITAN NASHVILLE POLICE DEPT,20220414805,Davidson,Nashville,8/21/2022 12:00:00 AM,2,0,0,36.066670,-86.717940,NOLENSVILLE PKE,,,,0.00,Feet,,NORTHCREST DR,,,,0.00,Y,T-Intersection,Y,Intersection,None,,,         ,Aaron,Brumley,Clear,Angle,no,no,no,no,no,False
103393297,METROPOLITAN NASHVILLE POLICE DEPT,20220415012,Davidson,Nashville,8/21/2022 12:00:00 AM,1,1,0,36.205020,-86.737620,MCGAVOCK PKE,,,,0.00,,,GALLATIN PKE,,,,0.00,Y,Four-Way,N,Intersection,None,,,         ,laina,herod,Clear,Not Collision with Motor Vehicle in Transport,no,no,no,no,no,False
103393298,METROPOLITAN NASHVILLE POLICE DEPT,20220414976,Davidson,Nashville,8/21/2022 4:28:00 AM,2,0,0,36.150690,-86.767950,2ND AVS,,,,0.00,Feet,,LAFAYETTE ST,,,,0.00,Y,OTHER,N,Entrance/Exit Ramp Related,None,,,         ,Timothy,Lehnert,Clear,Angle,no,no,no,no,no,False
103393303,METROPOLITAN NASHVILLE POLICE DEPT,20220414446,Davidson,Nashville,8/20/2022 5:48:00 PM,2,0,0,36.175870,-86.757460,MAIN ST,,,,64.00,Feet,East,NEILL AV,,,,0.00,N,Not at Intersection,N,Non-Junction,None,,,         ,Jordan,Knight,Clear,Unknown,no,no,no,yes,yes,False
103393310,METROPOLITAN NASHVILLE POLICE DEPT,20220414967,Davidson,Nashville,8/21/2022 4:20:00 AM,1,0,0,36.136040,-86.698660,CORPORATE DR,,,,0.00,Feet,,STATE HWY 155,,,,0.00,Y,Four-Way,Y,Intersection-Related,None,,,         ,Jacob,Yore,Clear,Not Collision with Motor Vehicle in Transport,no,no,no,no,no,False
103393314,METROPOLITAN NASHVILLE POLICE DEPT,20220414998,Davidson,Nashville,8/21/2022 5:00:00 AM,2,2,0,36.232190,-86.767760,OAK VALLEY DR,,,,0.00,Feet,East,LARKSPUR DR,,,,0.00,N,Not at Intersection,N,Non-Junction,None,,,         ,Nicholas,Cochran,Fog,HeadOn,no,no,no,no,no,False
103393315,METROPOLITAN NASHVILLE POLICE DEPT,20220414758,Davidson,Nashville,8/21/2022 12:48:00 AM,2,0,0,36.040010,-86.743470,OLD HICKORY BLVD,,,,0.00,Feet,,EDMONDSON PKE,,,,0.00,Y,Four-Way,N,Intersection,None,,,         ,Dillon,Deleacaes,Clear,Angle,no,no,no,no,no,False
103393321,METROPOLITAN NASHVILLE POLICE DEPT,20220414912,Davidson,Antioch,8/21/2022 12:00:00 AM,1,1,0,36.007770,-86.613280,I 24,,,,0.00,,,,,,,63.15,N,Not at Intersection,N,Non-Junction,None,,,         ,Lisa,Beck,Clear,Not Collision with Motor Vehicle in Transport,no,no,no,no,no,False
103393328,METROPOLITAN NASHVILLE POLICE DEPT,20220415037,Davidson,Nashville,8/21/2022 6:06:00 AM,1,1,0,36.209510,-86.775930,I 65,,,,0.00,,,,,,,87.55,N,Not at Intersection,N,Non-Junction,None,,,         ,Theodore,Kenney,Cloudy,Not Collision with Motor Vehicle in Transport,no,no,no,no,no,False
103393346,METROPOLITAN NASHVILLE POLICE DEPT,20220414391,Davidson,Nashville,8/20/2022 2:00:00 PM,1,0,0,36.180390,-86.840070,PANORAMA DR,,,,285.00,Feet,North,SNELL BLVD,,,,0.00,N,Not at Intersection, ,"Driveway, Alley Access, etc",None,,,         ,Nicholas,Terwilliger,Clear,Not Collision with Motor Vehicle in Transport,no,no,no,no,yes,False
103393349,BELLE MEADE POLICE DEPT,220206,Davidson,Belle Meade,8/20/2022 4:45:00 PM,2,0,0,36.095000,-86.857980,HARDING PL,,,,0.00,,,,,,,0.00,,, ,Non-Junction,None,,,         ,Michael,Germany,Cloudy,Front to Rear,no,no,no,yes,no,False
103393350,METROPOLITAN NASHVILLE POLICE DEPT,20220414692,Davidson,Nashville,8/20/2022 12:00:00 AM,2,0,0,36.044950,-86.659750,I24 E ENT RAMP,,,,0.00,Feet,,I 24,,,,0.00,Y,Four-Way,N,Intersection-Related,None,,,         ,Kristopher,Sharpe,Clear,Front to Rear,no,no,no,no,no,False
103393373,METROPOLITAN NASHVILLE POLICE DEPT,20220412328,Davidson,Nashville,8/19/2022 4:20:00 PM,2,0,0,36.068250,-86.712000,HAYWOOD LN,,,,1.00,Feet,East,HOLLIS HILL DR,,,,0.00,N,Not at Intersection, ,,None,,,         ,Michael,Hones,,,no,no,no,no,no,False