master_record_number,agency,agency_tracking_number,county,city,collision_date,vehicles_involved,number_injured,number_dead,latitude,longitude,roadway_name,roadway_suffix,roadway_number,roadway_local_id,distance_from_reference,miles-feet_indicator,direction_from_reference,intersection_road_name,intersection_road_name_suffix,intersection_road_number,intersection_local_id,mile_marker,intersection_indicator,intersect_type,interchange_related_indicator,relation_to_junction,work_zone_type,construction_maintenance_zone,construction_maintenance_zone_location,fatal_case_number,officer_first_name,officer_last_name,weather_condition(s),manner_of_crash,pedestrian,bicycle,scooter,parking,hitrun,mou
103394659,THP District 3 - Nashville,322067652,Davidson,Nashville,8/19/2022 1:29:00 PM,1,0,0,36.133280,-86.727130,I 24,,,,0.00,,,,,,,51.10,N,Not at Intersection,N,Non-Junction,None,,,         ,Jason,Murray,"Cloudy, Rain",Not Collision with Motor Vehicle in Transport,no,no,no,no,no,False
103394667,THP District 3 - Nashville,322067690,Davidson,Nashville,8/19/2022 2:28:00 PM,1,0,0,36.121850,-86.727430,I 24,,,,0.00,,,,,,,52.80,N,Not at Intersection, ,Non-Junction,None,,,         ,Jason,Murray,"Cloudy, Rain",Not Collision with Motor Vehicle in Transport,no,no,no,no,no,False
103394679,GOODLETTSVILLE POLICE DEPT,22-25763,Davidson,Goodlettsville,8/22/2022 3:27:00 PM,2,0,0,36.302880,-86.708610,VIETNAM VETERANS BLVDN,,,,0.83,Miles,West,CONFERENCE DR,,,,0.00,N,Not at Intersection, ,Non-Junction,None,,,         ,Daniel,Knalls,Clear,Front to Rear,no,no,no,no,no,False
103394693,METROPOLITAN NASHVILLE POLICE DEPT,20220417375,Davidson,Nashville,8/22/2022 3:00:00 PM,2,0,0,36.148280,-86.778480,I 40,,,,0.00,,,,,,,209.85,N,Not at Intersection, ,,None,,,         ,Benjamin,Ellsworth,,,no,no,no,no,no,False
103394695,METROPOLITAN NASHVILLE POLICE DEPT,20220417537,Davidson,Nashville,8/22/2022 4:01:00 PM,2,0,0,36.141700,-86.713520,I 40,,,,0.00,,,,,,,214.00,N,Not at Intersection, ,Non-Junction,None,,,         ,Charis,Holland,Clear,"Sideswipe, Same Direction",no,no,no,no,no,False
103394697,METROPOLITAN NASHVILLE POLICE DEPT,20220417370,Davidson,Madison,8/22/2022 3:14:00 PM,1,0,1,36.264100,-86.724180,OLD HICKORY BLVDW,,,,0.00,,,HERITAGE DR,,,,0.00,Y,Four-Way,N,Intersection,None,,,         ,Russell,Ward,Clear,Not Collision with Motor Vehicle in Transport,no,no,no,no,no,False
103394699,METROPOLITAN NASHVILLE POLICE DEPT,20220417527,Davidson,Not in City Limit,8/22/2022 4:58:00 PM,1,1,0,36.009960,-87.028170,HIGHWAY 96,,,,0.00,Feet,,OLD HARDING PKE,,,,0.00,Y,T-Intersection,N,Intersection,None,,,         ,Kevin,Smithson,Clear,Not Collision with Motor Vehicle in Transport,no,no,no,no,no,False
103394713,METROPOLITAN NASHVILLE POLICE DEPT,20220417586,Davidson,Nashville,8/22/2022 5:35:00 PM,2,0,0,36.236620,-86.758070,I65 N EXT RAMP,,,,0.00,Feet,,I 65,,,,0.00,Y,T-Intersection, ,Intersection,None,,,         ,Michael,McCord,Clear,Angle,no,no,no,no,no,False
103394735,METROPOLITAN NASHVILLE POLICE DEPT,20220417406,Davidson,Nashville,8/22/2022 2:38:00 PM,2,0,0,36.143630,-86.701580,I40 E EXT RAMP,,,,0.00,Feet,East,I 40,,,,0.00,N,Not at Intersection,N,Non-Junction,None,,,         ,Phillip,Burke,Clear,"Sideswipe, Same Direction",no,no,no,no,yes,False
103394736,METROPOLITAN NASHVILLE POLICE DEPT,20220417471,Davidson,Nashville,8/22/2022 2:30:00 PM,2,0,0,36.134570,-86.825280,BOWLING AV,,,,0.00,Feet,,WEST END AV,,,,0.00,Y,Four-Way, ,Intersection,None,,,         ,Ryan,Thomas,Clear,Angle,no,no,no,no,no,False
103394747,METROPOLITAN NASHVILLE POLICE DEPT,20220417739,Davidson,Not in City Limit,8/22/2022 7:38:00 PM,2,1,0,36.264340,-86.736440,OLD HICKORY BLVDW,,,,96.00,Feet,West,I65 N ENT RAMP,,,,0.00,N,Not at Intersection,N,Non-Junction,None,,,         ,Kyle,Eicholtz,Clear,Front to Rear,no,no,no,no,yes,False
103394750,METROPOLITAN NASHVILLE POLICE DEPT,20220417689,Davidson,Nashville,8/22/2022 6:55:00 PM,2,0,0,36.169850,-86.763510,FATHERLAND ST,,,,0.00,Feet,,S 5TH ST,,,,0.00,Y,Four-Way,N,Intersection,None,,,         ,Joseph,Gonzales,Clear,Angle,no,no,no,no,no,False
103394756,GOODLETTSVILLE POLICE DEPT,22-25761,Davidson,Goodlettsville,8/22/2022 3:21:00 PM,3,0,0,36.306160,-86.700730,VIETNAM VETERANS BLVDN,,,,1825.00,Feet,West,CONFERENCE DR,,,,0.00,N,Not at Intersection,N,Non-Junction,None,,,         ,Daniel,Knalls,Clear,Front to Rear,no,no,no,no,no,False
103394785,METROPOLITAN NASHVILLE POLICE DEPT,20220417676,Davidson,Not in City Limit,8/22/2022 5:29:00 PM,2,2,0,36.257540,-86.728130,VANTREASE RD,,,,0.00,Feet,,E MARTHONA RD,,,,0.00,Y,Four-Way,N,Intersection,None,,,         ,DuJuan,Kendrick,Clear,Angle,no,no,no,no,no,False
103394834,METROPOLITAN NASHVILLE POLICE DEPT,20220417564,Davidson,Not in City Limit,8/22/2022 5:09:00 PM,2,1,0,36.286040,-86.745390,DICKERSON PKES,,,,77.00,Feet,South,HILLCREST RD,,,,0.00,N,Not at Intersection,N,Non-Junction,None,,,         ,Bradley,Campbell,Clear,Angle,no,no,no,no,no,False
103394846,METROPOLITAN NASHVILLE POLICE DEPT,20220417648,Davidson,Nashville,8/22/2022 6:25:00 PM,2,0,0,36.045190,-86.716100,OLD HICKORY BLVD,,,,278.00,Feet,East,HICKORY PLZ,,,,0.00,N,Not at Intersection, ,Non-Junction,None,,,         ,Jacob,Robbins,Clear,Front to Rear,no,no,no,no,no,False
103394874,METROPOLITAN NASHVILLE POLICE DEPT,20220417669,Davidson,Nashville,8/22/2022 6:47:00 PM,2,0,0,36.040280,-86.768370,OLD HICKORY BLVD,,,,0.00,,,SEVEN SPRINGS WAY,,,,0.00,Y,Four-Way,N,Intersection,None,,,         ,Gabriel,Hamilton,Clear,Angle,no,no,no,no,no,False
103394887,METROPOLITAN NASHVILLE POLICE DEPT,20220417911,Davidson,Nashville,8/22/2022 8:24:00 PM,2,0,0,36.170820,-86.601550,OLD HICKORY BLVD,,,,0.00,,,I40 W EXT RAMP,,,,0.00,Y,Four-Way, ,,None,,,         ,Nelson,Hemingway,,,no,no,no,no,no,False
103394891,METROPOLITAN NASHVILLE POLICE DEPT,20220417704,Davidson,Nashville,8/21/2022 9:45:00 PM,2,0,0,36.150670,-86.794400,18TH AVS,,,,149.00,Feet,North,ROY ACUFF PL,,,,0.00,N,Not at Intersection,N,Non-Junction,None,,,         ,Garrett,Latham,Clear,Front to Rear,no,no,no,no,yes,False
103394914,METROPOLITAN NASHVILLE POLICE DEPT,20220417895,Davidson,Nashville,8/22/2022 9:26:00 PM,1,1,0,36.136040,-86.727300,I24 E EXT RAMP,,,,0.00,Feet,East,I 24,,,,0.00,N,Not at Intersection,N,Entrance/Exit Ramp Related,None,,,         ,Dillon,Gann,Clear,Not Collision with Motor Vehicle in Transport,no,no,no,no,no,False
103394941,METROPOLITAN NASHVILLE POLICE DEPT,20220418161,Davidson,Nashville,8/22/2022 8:00:00 PM,2,0,0,36.110890,-86.744450,THOMPSON LN,,,,227.00,Feet,East,NOLENSVILLE PKE,,,,0.00,N,Not at Intersection, ,Non-Junction,None,,,         ,Sefer,Kerim,Clear,Front to Rear,no,no,no,no,no,False
103394953,METROPOLITAN NASHVILLE POLICE DEPT,20220418347,Davidson,Nashville,8/22/2022 6:46:00 PM,1,0,0,36.130840,-86.792300,15TH AVS,,,,80.00,Feet,North,COMPTON AV,,,,0.00,N,Not at Intersection,N,Non-Junction,None,,,         ,Michael,Hodges,Clear,Not Collision with Motor Vehicle in Transport,no,no,no,no,yes,False
103394975,METROPOLITAN NASHVILLE POLICE DEPT,20220418518,Davidson,Nashville,8/23/2022 2:27:00 AM,1,0,0,36.156950,-86.793660,CHURCH ST,,,,49.00,Feet,East,16TH AVN,,,,0.00,N,Not at Intersection,N,Non-Junction,None,,,         ,Dallas,Johnson,Clear,Not Collision with Motor Vehicle in Transport,no,no,no,no,no,False
103394977,METROPOLITAN NASHVILLE POLICE DEPT,20220418420,Davidson,Nashville,8/23/2022 12:00:00 AM,1,0,0,36.069010,-86.820580,LAUREL RIDGE DR,,,,2091.00,Feet,South,BEAUREGARD DR,,,,0.00,N,Not at Intersection,N,Non-Junction,None,,,         ,Jack,Pfeiffer,Clear,Not Collision with Motor Vehicle in Transport,no,no,no,no,no,False
103395008,METROPOLITAN NASHVILLE POLICE DEPT,20220418602,Davidson,Nashville,8/23/2022 12:00:00 AM,3,1,0,36.062900,-86.716910,NOLENSVILLE PKE,,,,0.00,Feet,,FAIRLANE DR,,,,0.00,Y,T-Intersection,N,Intersection,None,,,         ,Jack,Pfeiffer,Clear,Angle,no,no,no,no,no,False
103395051,METROPOLITAN NASHVILLE POLICE DEPT,20220418679,Davidson,Nashville,8/23/2022 6:15:00 AM,2,0,0,36.153350,-86.848950,I40 E ENT RAMP,,,,0.00,Feet,East,I 40,,,,0.00,N,Not at Intersection, ,Non-Junction,None,,,         ,Douglas,Atwood,Clear,"Sideswipe, Same Direction",no,no,no,no,yes,False
103395056,METROPOLITAN NASHVILLE POLICE DEPT,20220418678,Davidson,Goodlettsville,8/23/2022 6:00:00 AM,2,0,0,36.293140,-86.702350,RIVERGATE STATION PVTDR,,,,0.00,,,GALLATIN PKEN,,,,0.00,Y,Four-Way,N,Intersection,None,,,         ,Paul,Hughes II,Clear,Angle,no,no,no,no,yes,False
103395085,METROPOLITAN NASHVILLE POLICE DEPT,20220418699,Davidson,Nashville,8/23/2022 6:33:00 AM,1,1,0,36.103230,-86.666480,MURFREESBORO PKE,,,,0.00,,,FAIRCLOTH LN,,,,0.00,Y,OTHER,N,Non-Junction,None,,,         ,Eric,Burford,Clear,Not Collision with Motor Vehicle in Transport,yes,no,no,no,no,False
103395086,METROPOLITAN NASHVILLE POLICE DEPT,20220418792,Davidson,Nashville,8/23/2022 7:00:00 AM,2,0,0,36.098730,-86.710120,I 24,,,,0.00,,,,,,,54.65,N,Not at Intersection,N,Non-Junction,None,,,         ,Todd,Watson,Clear,Front to Rear,no,no,no,no,yes,False
103395096,METROPOLITAN NASHVILLE POLICE DEPT,20220418754,Davidson,Nashville,8/23/2022 6:25:00 AM,1,0,0,36.168880,-86.777920,GAY ST,,,,303.00,Feet,North,DOWNTOWN GRNWY,,,,0.00,N,Not at Intersection, ,,None,,,         ,Luis,Pena,,,no,no,no,yes,no,False
103395107,METROPOLITAN NASHVILLE POLICE DEPT,20220418793,Davidson,Not in City Limit,8/23/2022 7:26:00 AM,2,0,0,36.077290,-87.005530,I 40,,,,0.00,,,,,,,193.35,N,Not at Intersection,N,Non-Junction,None,,,         ,Jack,Crouch,Clear,Front to Rear,no,no,no,no,no,False
103395116,METROPOLITAN NASHVILLE POLICE DEPT,20220418760,Davidson,Not in City Limit,8/23/2022 7:05:00 AM,2,1,0,36.316800,-86.866120,WHITES CREEK PKE,,,,373.00,Feet,North,UNION HILL RD,,,,0.00,N,Not at Intersection,N,Non-Junction,None,,,         ,Jeanine,Sarno,Clear,Front to Rear,no,no,no,no,no,False
103395128,METROPOLITAN NASHVILLE POLICE DEPT,202200419828,Davidson,Nashville,8/23/2022 8:29:00 AM,2,1,0,36.046430,-86.654700,HICKORY HOLLOW PKWY,,,,0.00,,,HICKORY HOLLOW LN,,,,0.00,Y,Four-Way,N,Intersection,None,,,         ,Michael,Esposito,Clear,Angle,no,no,no,no,no,False
103395132,METROPOLITAN NASHVILLE POLICE DEPT,20220418931,Davidson,Nashville,8/23/2022 8:31:00 AM,2,1,0,36.175360,-86.691860,BRILEY PKWYS,,,,583.00,Feet,North,BRILEY PKWYN,,,,0.00,N,Not at Intersection,N,Non-Junction,None,,,         ,Ian,Hammond,Clear,Front to Rear,no,no,no,no,no,False
103395135,METROPOLITAN NASHVILLE POLICE DEPT,20220418850,Davidson,Nashville,8/23/2022 7:34:00 AM,2,0,0,36.169410,-86.767860,RUSSELL ST,,,,0.00,,,INTERSTATE DR,,,,0.00,Y,Four-Way, ,Intersection,None,,,         ,Lisa,Vidrios,Clear,"Sideswipe, Same Direction",no,no,no,no,no,False
103395143,METROPOLITAN NASHVILLE POLICE DEPT,20220417033,Davidson,Nashville,8/22/2022 11:16:00 AM,2,0,0,36.150690,-86.767950,2ND AVS,,,,0.00,,,LAFAYETTE ST,,,,0.00,Y,OTHER, ,Intersection,None,,,         ,Jason,Kedzierski,Clear,Angle,no,no,no,no,no,False
103395155,METROPOLITAN NASHVILLE POLICE DEPT,20220419018,Davidson,Nashville,8/23/2022 12:00:00 AM,2,0,0,36.161020,-86.777200,BROADWAY,,,,0.00,,,4TH AVN,,,,0.00,Y,Four-Way, ,,None,,,         ,James,Thornton,,,no,no,no,no,no,False
103395158,METROPOLITAN NASHVILLE POLICE DEPT,20220418811,Davidson,Nashville,8/23/2022 7:27:00 AM,4,2,0,36.169330,-86.578420,I 40,,,,0.00,,,,,,,222.10,N,Not at Intersection,N,Non-Junction,None,,,         ,Corey,Schulz,Clear,Front to Rear,no,no,no,no,no,False
103395163,METROPOLITAN NASHVILLE POLICE DEPT,20220419009,Davidson,Nashville,8/23/2022 9:28:00 AM,2,1,0,36.041240,-86.778410,OLD HICKORY BLVD,,,,310.00,Feet,East,STONE BROOK DR,,,,0.00,N,Not at Intersection,N,Non-Junction,None,,,         ,Travis,Pemberton,Clear,Angle,no,no,no,no,no,False
103395166,METROPOLITAN NASHVILLE POLICE DEPT,20220418978,Davidson,Nashville,8/23/2022 9:00:00 AM,2,0,0,36.166420,-86.817060,I40 E EXT RAMP,,,,0.00,Feet,East,I 40,,,,0.00,N,Not at Intersection, ,Non-Junction,None,,,         ,Billy,Price,Clear,Front to Rear,no,no,no,no,no,False
103395170,GOODLETTSVILLE POLICE DEPT,22-25842,Davidson,Goodlettsville,8/23/2022 10:11:00 AM,2,1,0,36.323010,-86.713370,N MAIN ST,,,,0.00,,,W CEDAR ST,,,,0.00,Y,T-Intersection,N,Non-Junction,None,,,         ,Daniel,Knalls,Clear,Angle,no,no,no,no,no,False
103395176,METROPOLITAN NASHVILLE POLICE DEPT,20220418986,Davidson,Not in City Limit,8/23/2022 8:10:00 AM,2,0,0,36.264100,-86.724180,OLD HICKORY BLVDW,,,,0.00,Feet,,HERITAGE DR,,,,0.00,Y,Four-Way,Y,Intersection,None,,,         ,Kendric,Catron,Cloudy,Front to Rear,no,no,no,no,no,False
103395189,METROPOLITAN NASHVILLE POLICE DEPT,20220417160,Davidson,Nashville,8/22/2022 11:04:00 AM,2,0,0,36.151180,-86.691820,ELM HILL PKE,,,,0.00,Feet,,BRILEY PKWY S EXT RAMP,,,,0.00,Y,OTHER, ,Intersection,None,,,         ,Jason,Kedzierski,Clear,Angle,no,no,no,no,no,False
103395200,METROPOLITAN NASHVILLE POLICE DEPT,20220419063,Davidson,Nashville,8/23/2022 9:53:00 AM,2,0,0,36.155290,-86.812060,CHARLOTTE AV,,,,0.00,Feet,West,25TH AVN,,,,0.00,N,Not at Intersection, ,Non-Junction,None,,,         ,Cherell,Kinchloe,Clear,Front to Rear,no,no,no,no,yes,False
103395223,METROPOLITAN NASHVILLE POLICE DEPT,20220418974,Davidson,Nashville,8/23/2022 7:45:00 AM,3,0,0,36.124369,-86.741908,I 440 W,,,,0.00,,West,,,,,6.80,N,Not at Intersection,N,Non-Junction,None,,,         ,Todd,Watson,Clear,Front to Rear,no,no,no,no,no,False
103395236,METROPOLITAN NASHVILLE POLICE DEPT,20220418866,Davidson,Nashville,8/23/2022 7:15:00 AM,2,0,0,36.070920,-86.690590,I 24,,,,0.00,,,,,,,56.90,N,Not at Intersection, ,Non-Junction,None,,,         ,Joe,Hooper,Clear,"Sideswipe, Same Direction",no,no,no,no,no,False
103395241,METROPOLITAN NASHVILLE POLICE DEPT,20220419131,Davidson,Nashville,8/23/2022 11:05:00 AM,1,0,0,36.162870,-86.766800,CRUTCHER ST,,,,0.00,,,S 2ND ST,,,,0.00,Y,T-Intersection, ,Non-Junction,None,,,         ,Rachael,Robinson,Clear,Not Collision with Motor Vehicle in Transport,no,no,no,no,no,False
103395274,METROPOLITAN NASHVILLE POLICE DEPT,20220419220,Davidson,Nashville,8/23/2022 11:20:00 AM,2,1,0,36.152130,-86.843930,CHARLOTTE AV,,,,132.00,Feet,West,47TH AVN,,,,0.00,N,Not at Intersection,N,Non-Junction,None,,,         ,Tony,Folad,Clear,Front to Rear,no,no,no,no,no,False
103395309,THP District 3 - Nashville,322069036,Davidson,Nashville,8/23/2022 9:59:00 AM,2,1,0,36.121400,-86.704310,MURFREESBORO PKE,,,,216.00,Feet,South,KERMIT DR,,,,0.00,N,Not at Intersection,N,Non-Junction,None,,,         ,Alexander,Campbell,Clear,Front to Rear,no,no,no,no,no,False
103395314,METROPOLITAN NASHVILLE POLICE DEPT,20220419209,Davidson,Nashville,8/23/2022 12:02:00 PM,2,1,0,36.214750,-86.817670,BUENA VISTA PKE,,,,0.00,,,MOORMANS ARM RD,,,,0.00,Y,T-Intersection,N,Intersection,None,,,         ,James,Wray,Clear,Angle,no,no,no,no,no,False
103395318,METROPOLITAN NASHVILLE POLICE DEPT,20220419284,Davidson,Nashville,8/23/2022 12:46:00 PM,3,1,0,36.173750,-86.770120,I 24,,,,0.00,,,,,,,48.15,N,Not at Intersection,N,Non-Junction,None,,,         ,Jason,Milyaro Lucas,Clear,Front to Rear,no,no,no,no,yes,False
103395319,METROPOLITAN NASHVILLE POLICE DEPT,20220419187,Davidson,Nashville,8/23/2022 7:15:00 AM,1,0,0,36.105500,-86.834580,WALLACE LN,,,,893.00,Feet,South,HOBBS RD,,,,0.00,N,Not at Intersection, ,Non-Junction,None,,,         ,Douglas,Atwood,Clear,Not Collision with Motor Vehicle in Transport,no,no,no,no,no,False
103395320,METROPOLITAN NASHVILLE POLICE DEPT,20220419306,Davidson,Nashville,8/23/2022 1:04:00 PM,2,0,0,36.049800,-86.650140,BELL RD,,,,199.00,Feet,West,MT VIEW RD,,,,0.00,N,Not at Intersection,N,Non-Junction,None,,,         ,Steven,Bowler,Cloudy,Angle,no,no,no,no,yes,False
103395321,METROPOLITAN NASHVILLE POLICE DEPT,20220419299,Davidson,Goodlettsville,8/23/2022 1:16:00 PM,3,4,0,36.294780,-86.701050,GALLATIN PKEN,,,,60.00,Feet,South,MCHENRY CENTER PVTDR,,,,0.00,N,Not at Intersection,N,Non-Junction,None,,,         ,Christopher,Littles,Cloudy,Front to Rear,no,no,no,no,no,False
103395427,METROPOLITAN NASHVILLE POLICE DEPT,20220418976,Davidson,Nashville,8/23/2022 9:02:00 AM,2,0,0,36.079150,-86.746720,HARDING PL,,,,480.00,Feet,West,DANBY DR,,,,0.00,N,Not at Intersection,N,Non-Junction,None,,,         ,Bianca,Crawford,Clear,Front to Rear,no,no,no,no,no,False
103395455,METROPOLITAN NASHVILLE POLICE DEPT,20220419347,Davidson,Nashville,8/23/2022 1:44:00 PM,2,0,0,36.143980,-86.719140,ELM HILL PKE,,,,83.00,Feet,East,WRIGHT INDUSTRIES PVTDR,,,,0.00,N,Not at Intersection, ,Non-Junction,None,,,         ,Patrick,Lancaster,Clear,Rear to Side,no,no,no,yes,no,False
103395465,METROPOLITAN NASHVILLE POLICE DEPT,20220419421,Davidson,Nashville,8/23/2022 2:19:00 PM,2,0,0,36.104720,-86.813460,RICHARD JONES RD,,,,336.00,Feet,East,HILLSBORO PKE,,,,0.00,N,Not at Intersection,N,Non-Junction,None,,,         ,Alexandra,Foote,Cloudy,Angle,no,no,no,no,no,False
103395482,METROPOLITAN NASHVILLE POLICE DEPT,20220419417,Davidson,Nashville,8/23/2022 1:59:00 PM,2,0,0,36.088580,-86.717060,JONQUIL DR,,,,0.00,,,BENITA DR,,,,0.00,Y,Four-Way, ,Intersection,None,,,         ,Gerald,Gomes,Clear,Angle,no,no,no,no,yes,False
103395493,METROPOLITAN NASHVILLE POLICE DEPT,20220419401,Davidson,Nashville,8/23/2022 2:30:00 PM,2,0,0,36.207170,-86.776400,I 65,,,,0.00,,,,,,,87.35,N,Not at Intersection, ,Entrance/Exit Ramp Related,None,,,         ,Judah,Parker,Clear,"Sideswipe, Same Direction",no,no,no,no,no,False
103395513,METROPOLITAN NASHVILLE POLICE DEPT,20220419598,Davidson,Nashville,8/23/2022 12:52:00 PM,2,0,0,36.140750,-86.740670,FOSTER AV,,,,288.00,Feet,South,MURFREESBORO PKE,,,,0.00,N,Not at Intersection,N,Non-Junction,None,,,         ,Joseph,Hurst,Clear,Front to Rear,no,no,no,no,no,False
103395525,METROPOLITAN NASHVILLE POLICE DEPT,20220419520,Davidson,Nashville,8/23/2022 3:42:00 PM,3,0,0,36.137180,-86.891410,I 40,,,,0.00,,,,,,,201.70,N,Not at Intersection,N,Non-Junction,None,,,         ,Ryan,Wright,Clear,Front to Rear,no,no,no,no,no,False
103395529,METROPOLITAN NASHVILLE POLICE DEPT,20220419488,Davidson,Antioch,8/23/2022 2:50:00 PM,2,0,0,36.010020,-86.615450,I 24,,,,0.00,,,,,,,62.95,N,Not at Intersection,N,Non-Junction,None,,,         ,Keith,Parlato,Clear,Front to Rear,no,no,no,no,yes,False
103395530,METROPOLITAN NASHVILLE POLICE DEPT,20220419634,Davidson,Nashville,8/23/2022 4:48:00 PM,3,0,0,36.167850,-86.765750,I 24,,,,0.00,,,,,,,48.85,N,Not at Intersection,N,Non-Junction,None,,,         ,Randy,Puckett,Clear,Front to Rear,no,no,no,no,no,False
103395551,METROPOLITAN NASHVILLE POLICE DEPT,20220419694,Davidson,Nashville,8/23/2022 5:28:00 PM,1,1,0,36.040030,-86.649550,I 24,,,,0.00,,,,,,,60.00,N,Not at Intersection,N,Non-Junction,None,,,         ,Brian,Sherman,Cloudy,Not Collision with Motor Vehicle in Transport,no,no,no,no,no,False
103395553,METROPOLITAN NASHVILLE POLICE DEPT,20220419608,Davidson,Nashville,8/23/2022 4:36:00 PM,2,1,0,36.105520,-86.767580,I 65,,,,0.00,,,,,,,79.50,N,Not at Intersection,N,Non-Junction,None,,,         ,Dakota,Davis,Clear,Front to Rear,no,no,no,no,no,False
103395554,METROPOLITAN NASHVILLE POLICE DEPT,20220419577,Davidson,Nashville,8/23/2022 3:51:00 PM,3,0,0,36.060390,-86.917690,HARPETH BEND DR,,,,36.00,Feet,North,HIGHWAY 100,,,,0.00,N,Not at Intersection,N,Non-Junction,None,,,         ,Tony,Folad,Clear,Front to Rear,no,no,no,no,no,False
103395555,METROPOLITAN NASHVILLE POLICE DEPT,20220419468,Davidson,Nashville,8/23/2022 3:00:00 PM,2,0,0,36.146960,-86.799440,21ST AVS,,,,171.00,Feet,South,GRAND AV,,,,0.00,N,Not at Intersection,N,Non-Junction,None,,,         ,Garrett,Latham,Clear,Angle,no,no,no,yes,yes,Campus
103395556,METROPOLITAN NASHVILLE POLICE DEPT,20220419690,Davidson,Nashville,8/23/2022 4:49:00 PM,2,0,0,36.143410,-86.814530,WEST END AV,,,,38.00,Feet,South,30TH AVS,,,,0.00,N,Not at Intersection, ,Non-Junction,None,,,         ,Garrett,Latham,Cloudy,Angle,no,no,no,no,no,Campus
103395559,METROPOLITAN NASHVILLE POLICE DEPT,20220419572,Davidson,Nashville,8/23/2022 5:32:00 PM,2,0,0,36.174090,-86.608220,CENTRAL PKE,,,,87.00,Feet,East,FRIST BLVD,,,,0.00,N,Not at Intersection, ,Non-Junction,None,,,         ,Robert,Marquez,Clear,"Sideswipe, Same Direction",no,no,no,no,no,False
103395562,METROPOLITAN NASHVILLE POLICE DEPT,20220419452,Davidson,Nashville,8/23/2022 1:45:00 PM,2,0,0,36.087620,-86.920730,OLD HICKORY BLVD,,,,92.00,Feet,South,THE RESERVE PVTDR,,,,0.00,N,Not at Intersection, ,Non-Junction,None,,,         ,Jeremy,Huffine,Clear,Angle,no,no,no,no,no,False
103395585,METROPOLITAN NASHVILLE POLICE DEPT,20220419691,Davidson,Nashville,8/23/2022 4:51:00 PM,2,0,0,36.153560,-86.757200,I 40,,,,0.00,,,,,,,211.15,N,Not at Intersection, ,,None,,,         ,Douglas,Mann,,,no,no,no,no,no,False
103395592,BERRY HILL POLICE DEPT,22-2425,Davidson,Berry Hill,8/23/2022 12:00:00 AM,2,0,0,36.126970,-86.777350,FRANKLIN PKE,,,,0.00,,,HILLVIEW HTS,,,,0.00,Y,T-Intersection, ,Intersection,None,,,         ,John,Gleixner,Clear,Angle,no,no,no,no,no,False
103395594,METROPOLITAN NASHVILLE POLICE DEPT,20220419607,Davidson,Nashville,8/23/2022 4:33:00 PM,3,1,0,36.241250,-86.757070,BRILEY PKWYE,,,,57.00,Feet,East,DICKERSON PKE,,,,0.00,N,Not at Intersection,N,Non-Junction,None,,,         ,Bradley,Campbell,Clear,Front to Rear,no,no,no,no,yes,False
103395597,METROPOLITAN NASHVILLE POLICE DEPT,20220419706,Davidson,Nashville,8/23/2022 5:30:00 PM,2,0,0,36.117420,-86.719060,EAST THOMPSON LN,,,,0.00,,,OLD GLENROSE AV,,,,0.00,Y,T-Intersection,Y,Intersection,None,,,         ,Dalton,Crum,Clear,Angle,no,no,no,no,no,False
103395607,METROPOLITAN NASHVILLE POLICE DEPT,20220419418,Davidson,Nashville,8/23/2022 2:35:00 PM,2,1,0,36.206550,-86.809290,W TRINITY LN,,,,370.00,Feet,West,DAY ST,,,,0.00,N,Not at Intersection,N,Non-Junction,None,,,         ,Craig,Paschetti,Clear,Angle,no,no,no,no,no,False
103395613,METROPOLITAN NASHVILLE POLICE DEPT,20220419751,Davidson,Nashville,8/23/2022 6:02:00 PM,2,0,0,36.153360,-86.756630,I 40,,,,0.00,,,,,,,211.15,N,Not at Intersection, ,,None,,,         ,Douglas,Mann,,,no,no,no,no,no,False
103395615,METROPOLITAN NASHVILLE POLICE DEPT,20220419728,Davidson,Nashville,8/23/2022 5:50:00 PM,2,1,0,36.043540,-86.630820,MT VIEW RD,,,,23.00,Feet,East,OLD FRANKLIN RD,,,,0.00,N,Not at Intersection,N,Non-Junction,None,,,         ,Brandon,Simpkins,Clear,Angle,no,no,no,no,no,False
103395645,METROPOLITAN NASHVILLE POLICE DEPT,20220419628,Davidson,Nashville,8/23/2022 4:41:00 PM,2,1,0,36.090960,-86.651100,MURFREESBORO PKE,,,,0.00,Feet,,BOROWOOD DR,,,,0.00,Y,Four-Way,N,Intersection,None,,,         ,Megan,Arnett,Clear,Front to Rear,no,no,no,no,no,False
103395663,VANDERBILT UNIVERSITY POLICE,20220419743,Davidson,Nashville,8/23/2022 5:20:00 PM,2,0,0,36.146640,-86.809040,WEST END AV,,,,142.00,Feet,West,CENTENNIAL PARK PVTDR,,,,0.00,N,Not at Intersection, ,Non-Junction,None,,,         ,Robert,Gibson,,"Sideswipe, Same Direction",no,no,no,yes,no,Campus