master_record_number,agency,agency_tracking_number,county,city,collision_date,vehicles_involved,number_injured,number_dead,latitude,longitude,roadway_name,roadway_suffix,roadway_number,roadway_local_id,distance_from_reference,miles-feet_indicator,direction_from_reference,intersection_road_name,intersection_road_name_suffix,intersection_road_number,intersection_local_id,mile_marker,intersection_indicator,intersect_type,interchange_related_indicator,relation_to_junction,work_zone_type,construction_maintenance_zone,construction_maintenance_zone_location,fatal_case_number,officer_first_name,officer_last_name,weather_condition(s),manner_of_crash,pedestrian,bicycle,scooter,parking,hitrun,mou
103400784,METROPOLITAN NASHVILLE POLICE DEPT,20220430526,Davidson,Nashville,8/29/2022 6:16:00 AM,2,0,0,36.167680,-86.820720,28TH AVN,,,,40.00,Feet,South,JEFFERSON ST,,,,0.00,N,Not at Intersection, ,Non-Junction,None,,,         ,Jedidayah,Merriweather,Cloudy,Angle,no,no,no,no,no,False
103400793,METROPOLITAN NASHVILLE POLICE DEPT,20220430650,Davidson,Nashville,8/29/2022 8:40:00 AM,2,0,0,36.176860,-86.607220,FRIST BLVD,,,,765.00,Feet,West,I40 W ENT RAMP,,,,0.00,N,Not at Intersection, ,,None,,,         ,Torry,Hill,,,no,no,no,yes,no,False
103400797,METROPOLITAN NASHVILLE POLICE DEPT,20220430473,Davidson,Nashville,8/29/2022 7:14:00 AM,2,0,0,36.143030,-86.706180,I 40,,,,0.00,,,,,,,214.40,N,Not at Intersection,N,Non-Junction,None,,,         ,Dillon,Hanna,Clear,Front to Rear,no,no,no,no,no,False
103400798,METROPOLITAN NASHVILLE POLICE DEPT,20220430759,Davidson,Nashville,8/29/2022 12:00:00 AM,1,0,0,36.186530,-86.746910,PETWAY AV,,,,71.00,Feet,East,GALLATIN AV,,,,0.00,N,Not at Intersection,N,Non-Junction,None,,,         ,Samantha,Held,Unknown,Not Collision with Motor Vehicle in Transport,no,no,no,yes,yes,False
103400802,METROPOLITAN NASHVILLE POLICE DEPT,20220430627,Davidson,Nashville,8/29/2022 8:27:00 AM,1,1,0,36.231480,-86.616830,SHUTE LN,,,,0.00,,,MONTCHANIN TER,,,,0.00,Y,T-Intersection,N,Non-Junction,Work Zone,Work On Shoulder Or Median,Activity Area,         ,Zachariah,Souza,Clear,Not Collision with Motor Vehicle in Transport,yes,no,no,no,no,False
103400811,METROPOLITAN NASHVILLE POLICE DEPT,20220430744,Davidson,Nashville,8/29/2022 1:20:00 AM,1,0,0,36.030650,-86.583980,FIRELIGHT TRL,,,,104.00,Feet,South,SUNNYVALE DR,,,,0.00,N,Not at Intersection, ,Non-Junction,None,,,         ,Michael,Do,Unknown,Not Collision with Motor Vehicle in Transport,no,no,no,no,yes,False
103400834,METROPOLITAN NASHVILLE POLICE DEPT,20220430616,Davidson,Nashville,8/29/2022 7:40:00 AM,3,2,0,36.131230,-86.834940,WEST END AV,,,,117.00,Feet,West,MAYFAIR RD,,,,0.00,N,Not at Intersection,N,Non-Junction,None,,,         ,Stacia,Getz,Clear,Front to Rear,no,no,no,no,no,False
103400843,METROPOLITAN NASHVILLE POLICE DEPT,20220430871,Davidson,Antioch,8/29/2022 10:37:00 AM,2,0,0,36.052370,-86.599390,HOBSON PKE,,,,153.00,Feet,South,LAKEWALK DR,,,,0.00,N,Not at Intersection, ,,None,,,         ,Charles,Agius,,,no,no,no,no,no,False
103400848,METROPOLITAN NASHVILLE POLICE DEPT,20220430390,Davidson,Nashville,8/29/2022 6:23:00 AM,1,0,0,36.166230,-86.763290,S 4TH ST,,,,288.00,Feet,North,I24 W ENT RAMP,,,,0.00,N,Not at Intersection,Y,Entrance/Exit Ramp Related,None,,,         ,Theodore,Kenney,Clear,Not Collision with Motor Vehicle in Transport,no,no,no,no,no,False
103400880,METROPOLITAN NASHVILLE POLICE DEPT,20220430789,Davidson,Nashville,8/29/2022 8:50:00 AM,2,0,0,36.151420,-86.690620,BRILEY PKWYN,,,,247.00,Feet,South,ELM HILL PKE,,,,0.00,N,Not at Intersection,N,Non-Junction,None,,,         ,Bryan,Baldwin,Clear,"Sideswipe, Same Direction",no,no,no,no,no,False
103400903,GOODLETTSVILLE POLICE DEPT,22-26555,Davidson,Goodlettsville,8/29/2022 11:00:00 AM,2,3,0,36.338450,-86.717720,N MAIN ST,,,,0.00,Feet,,OLD SPRINGFIELD PKE,,,,0.00,Y,T-Intersection,Y,Intersection,None,,,         ,Benny,Alexander,Clear,Angle,no,no,no,no,no,False
103400910,METROPOLITAN NASHVILLE POLICE DEPT,20220431024,Davidson,Nashville,8/29/2022 12:20:00 PM,2,1,0,36.176370,-86.768830,SPRING ST,,,,0.00,,,I24 W EXT RAMP,,,,0.00,Y,Four-Way,N,Unknown,None,,,         ,Wesley,Young,Clear,Front to Rear,no,no,no,no,no,False
103400934,METROPOLITAN NASHVILLE POLICE DEPT,20220430983,Davidson,Nashville,8/29/2022 11:53:00 AM,1,1,0,36.087030,-86.868630,PAGE RD,,,,118.00,Feet,South,CLYDELAN CT,,,,0.00,N,Not at Intersection,N,Non-Junction,None,,,         ,Douglas,Atwood,Cloudy,Not Collision with Motor Vehicle in Transport,no,no,no,no,no,False
103400944,METROPOLITAN NASHVILLE POLICE DEPT,20220431030,Davidson,Nashville,8/29/2022 12:20:00 PM,2,0,0,36.116620,-86.923240,OLD HICKORY BLVD,,,,33.00,Feet,South,CHARLOTTE PKE,,,,0.00,N,Not at Intersection, ,Non-Junction,None,,,         ,Robert,Allen,Clear,Front to Rear,no,no,no,no,no,False
103400946,METROPOLITAN NASHVILLE POLICE DEPT,20220430883,Davidson,Old Hickory,8/29/2022 7:28:00 AM,2,0,0,36.267130,-86.668700,OLD HICKORY BLVD,,,,0.00,,,BRIDGEWAY AV,,,,0.00,Y,T-Intersection, ,Non-Junction,None,,,         ,Zachariah,Souza,Clear,Angle,no,no,no,no,no,False
103400962,METROPOLITAN NASHVILLE POLICE DEPT,20220431066,Davidson,Nashville,8/29/2022 12:40:00 PM,2,0,0,36.138860,-86.732440,MURFREESBORO PKE,,,,180.00,Feet,East,ARLINGTON AV,,,,0.00,N,Not at Intersection, ,Non-Junction,None,,,         ,Earl,Davis,Clear,Angle,no,no,no,yes,no,False
103400969,METROPOLITAN NASHVILLE POLICE DEPT,20220431053,Davidson,Nashville,8/29/2022 11:45:00 AM,1,0,0,36.254770,-86.738790,I 65,,,,0.00,,,,,,,91.55,N,Not at Intersection, ,Non-Junction,None,,,         ,Christopher,Littles,Clear,Not Collision with Motor Vehicle in Transport,no,no,no,no,no,False
103400979,METROPOLITAN NASHVILLE POLICE DEPT,20220430910,Davidson,Nashville,8/29/2022 10:59:00 AM,3,2,0,36.197950,-86.839280,NORTH GATE SHOPPING CTR PVTDR,,,,21.00,Feet,North,ASHLAND CITY HWY,,,,0.00,N,Not at Intersection,N,Non-Junction,Construction Zone,Other,Unknown,         ,James,Wray,Clear,Front to Rear,no,no,no,no,no,False
103400998,METROPOLITAN NASHVILLE POLICE DEPT,20220431124,Davidson,Nashville,8/29/2022 1:20:00 PM,2,1,0,36.167140,-86.787130,JAMES ROBERTSON PKWY,,,,0.00,,,ROSA L PARKS BLVD,,,,0.00,Y,Four-Way,N,Intersection,None,,,         ,Wesley,Young,Clear,"Sideswipe, Same Direction",no,no,no,no,no,False
103401009,METROPOLITAN NASHVILLE POLICE DEPT,20220431015,Davidson,Nashville,8/29/2022 12:13:00 PM,3,2,0,36.192330,-86.816080,ROSA L PARKS BLVD,,,,118.00,Feet,West,25TH AVN,,,,0.00,N,Not at Intersection,N,Non-Junction,None,,,         ,Jedidayah,Merriweather,Cloudy,Front to Rear,no,no,no,no,yes,False
103401041,METROPOLITAN NASHVILLE POLICE DEPT,20220431056,Davidson,Nashville,8/29/2022 12:30:00 PM,1,0,0,36.177300,-86.758430,NEILL AV,,,,175.00,Feet,North,RAMSEY ST,,,,0.00,N,Not at Intersection, ,Non-Junction,None,,,         ,Theodore,Kenney,Clear,Not Collision with Motor Vehicle in Transport,no,no,no,no,no,False
103401043,METROPOLITAN NASHVILLE POLICE DEPT,20220430542,Davidson,Nashville,8/29/2022 7:15:00 AM,2,0,0,36.200940,-86.776780,I 65,,,,0.00,,,,,,,86.90,N,Not at Intersection,Y,Entrance/Exit Ramp Related,None,,,         ,Aleksandra,Kawicka,Cloudy,Angle,no,no,no,no,no,False
103401044,METROPOLITAN NASHVILLE POLICE DEPT,20220431106,Davidson,Nashville,8/29/2022 12:50:00 PM,2,1,0,36.125310,-86.805610,HILLSBORO PKE,,,,0.00,,,ENCLAVE AT HILLSBORO VILLAGE P,,,,0.00,Y,Four-Way,Y,Intersection,None,,,         ,Kyle,Kinsman,Clear,Angle,no,no,no,no,no,False
103401045,METROPOLITAN NASHVILLE POLICE DEPT,20220430995,Davidson,Nashville,8/29/2022 11:30:00 AM,2,0,0,36.066280,-86.717750,NOLENSVILLE PKE,,,,150.00,Feet,South,NORTHCREST DR,,,,0.00,N,Not at Intersection,N,Non-Junction,None,,,         ,Dennis,Diesel,Clear,HeadOn,no,no,no,yes,yes,False
103401053,BELLE MEADE POLICE DEPT,22-0213,Davidson,Belle Meade,8/29/2022 12:00:00 AM,2,0,0,36.086220,-86.867300,NICHOL LN,,,,0.00,,,CANTERBURY DR,,,,0.00,Y,T-Intersection, ,Intersection,None,,,         ,William,Scarbrough,Cloudy,"Sideswipe, Same Direction",no,no,no,no,no,False
103401139,METROPOLITAN NASHVILLE POLICE DEPT,20220431223,Davidson,Nashville,8/29/2022 2:50:00 PM,2,2,0,36.213950,-86.764400,DICKERSON PKE,,,,0.00,,,ROCK ST,,,,0.00,Y,T-Intersection,N,Intersection-Related,None,,,         ,Samantha,Held,Clear,HeadOn,no,no,no,no,no,False
103401149,METROPOLITAN NASHVILLE POLICE DEPT,20220431214,Davidson,Nashville,8/29/2022 2:09:00 PM,3,0,0,36.192960,-86.747520,DOUGLAS AV,,,,340.00,Feet,East,EMMETT AV,,,,0.00,N,Not at Intersection,N,Non-Junction,None,,,         ,Jason,Milyaro Lucas,Clear,Front to Rear,no,no,no,no,no,False
103401156,METROPOLITAN NASHVILLE POLICE DEPT,20220431212,Davidson,Nashville,8/29/2022 12:00:00 AM,3,4,0,36.074480,-86.638650,MURFREESBORO PKE,,,,0.00,,,RURAL HILL RD,,,,0.00,Y,Four-Way,Y,Intersection,None,,,         ,James,Gilliam,Clear,Angle,no,no,no,no,no,False
103401157,METROPOLITAN NASHVILLE POLICE DEPT,20220431227,Davidson,Not in City Limit,8/29/2022 2:29:00 PM,3,0,0,36.270260,-86.755190,DICKERSON PKE,,,,397.00,Feet,North,OLD HICKORY BLVD,,,,0.00,N,Not at Intersection,N,Non-Junction,None,,,         ,Christopher,Littles,Cloudy,Angle,no,no,no,no,no,False
103401174,BERRY HILL POLICE DEPT,22-2471,Davidson,Berry Hill,8/26/2022 4:45:00 PM,2,0,0,36.118860,-86.774590,FRANKLIN PKE,,,,0.00,,,BERRY RD,,,,0.00,Y,Four-Way, ,Intersection,None,,,         ,Darren,Jenkins,Cloudy,Front to Rear,no,no,no,no,no,False
103401181,METROPOLITAN NASHVILLE POLICE DEPT,20220431246,Davidson,Nashville,8/29/2022 1:27:00 PM,2,0,0,36.174090,-86.762070,MAIN ST,,,,243.00,Feet,East,N 6TH ST,,,,0.00,N,Not at Intersection,N,Non-Junction,None,,,         ,Theodore,Kenney,Cloudy,Angle,no,no,no,no,no,False
103401183,METROPOLITAN NASHVILLE POLICE DEPT,20220431310,Davidson,Nashville,8/29/2022 3:25:00 PM,1,0,0,36.228470,-86.852840,BRILEY PKWYW,,,,860.00,Feet,West,BRILEY PKWYE,,,,0.00,N,Not at Intersection,N,Non-Junction,None,,,         ,Craig,Paschetti,Rain,Not Collision with Motor Vehicle in Transport,no,no,no,no,no,False
103401204,METROPOLITAN NASHVILLE POLICE DEPT,20220431432,Davidson,Nashville,8/29/2022 1:04:00 PM,2,0,0,36.163280,-86.826050,ALBION ST,,,,1.00,Feet,West,33RD AVN,,,,0.00,N,Not at Intersection,Y,Non-Junction,None,,,         ,Daniel,Kallman,Rain,HeadOn,no,no,no,no,no,False
103401222,GOODLETTSVILLE POLICE DEPT,22-26591,Davidson,Goodlettsville,8/29/2022 4:22:00 PM,2,2,0,36.298140,-86.723020,DICKERSON PKES,,,,0.00,,,DRY CREEK RD,,,,0.00,Y,Four-Way,N,Intersection-Related,None,,,         ,Benny,Alexander,Rain,Front to Rear,no,no,no,no,no,False
103401237,METROPOLITAN NASHVILLE POLICE DEPT,20220431461,Davidson,Nashville,8/29/2022 5:03:00 PM,2,0,0,36.136720,-86.892040,I 40,,,,0.00,,,,,,,201.65,N,Not at Intersection, ,Non-Junction,None,,,         ,Jared,Dick,Rain,Angle,no,no,no,no,no,False
103401250,METROPOLITAN NASHVILLE POLICE DEPT,20220431584,Davidson,Nashville,8/29/2022 6:00:00 PM,2,0,0,36.151190,-86.691820,ELM HILL PKE,,,,2.00,Feet,East,BRILEY PKWY S EXT RAMP,,,,0.00,N,Not at Intersection, ,,None,,,         ,Reagan,Heath,,,no,no,no,no,no,False
103401274,METROPOLITAN NASHVILLE POLICE DEPT,20220431459,Davidson,Not in City Limit,8/29/2022 5:02:00 PM,1,1,0,36.104470,-86.931870,I 40,,,,0.00,,,,,,,198.60,N,Not at Intersection,N,Non-Junction,None,,,         ,Kevin,Smithson,Rain,Not Collision with Motor Vehicle in Transport,no,no,no,no,no,False
103401277,METROPOLITAN NASHVILLE POLICE DEPT,20220431622,Davidson,Nashville,8/29/2022 4:36:00 PM,2,0,0,36.170820,-86.601550,OLD HICKORY BLVD,,,,0.00,,,I40 W EXT RAMP,,,,0.00,Y,Four-Way,Y,Entrance/Exit Ramp Related,None,,,         ,Tyler,Conrads,Rain,Angle,no,no,no,no,no,False
103401279,METROPOLITAN NASHVILLE POLICE DEPT,20220431652,Davidson,Nashville,8/29/2022 6:32:00 PM,2,0,0,36.149820,-86.859400,CHARLOTTE PKE,,,,0.00,,,MIDLAND AV,,,,0.00,Y,T-Intersection, ,Intersection-Related,None,,,         ,Ryan,Thomas,"Cloudy, Rain","Sideswipe, Opposite Direction",no,no,no,no,yes,False
103401282,METROPOLITAN NASHVILLE POLICE DEPT,20220431574,Davidson,Nashville,8/29/2022 6:02:00 PM,3,0,0,36.166300,-86.611780,I40 E EXT RAMP,,,,0.00,Feet,East,I 40,,,,0.00,N,Not at Intersection,N,Non-Junction,None,,,         ,Zacarias,Brito Jr.,"Cloudy, Rain","Sideswipe, Same Direction",no,no,no,no,no,False
103401308,METROPOLITAN NASHVILLE POLICE DEPT,20220431556,Davidson,Nashville,8/29/2022 5:20:00 PM,2,0,0,36.073450,-86.692170,I 24,,,,0.00,,,,,,,56.70,N,Not at Intersection,N,Non-Junction,None,,,         ,Madison,Rolon,Clear,Front to Rear,no,no,no,no,no,False
103401326,METROPOLITAN NASHVILLE POLICE DEPT,20220431692,Davidson,Nashville,8/29/2022 7:25:00 PM,1,1,0,36.154990,-86.674510,LAKELAND DR,,,,532.00,Feet,East,EMERY DR,,,,0.00,N,Not at Intersection,N,Non-Junction,None,,,         ,Dylan,Colquhoun,Cloudy,Not Collision with Motor Vehicle in Transport,no,no,no,no,no,False
103401365,METROPOLITAN NASHVILLE POLICE DEPT,20220431779,Davidson,Nashville,8/29/2022 6:18:00 PM,2,0,0,36.226310,-86.603190,SHUTE LN,,,,0.00,Feet,West,SAUNDERSVILLE RD,,,,0.00,N,Not at Intersection,N,Non-Junction,None,,,         ,Juan,Garcia-Canizales,Rain,Front to Rear,no,no,no,no,no,False
103401368,THP District 3 - Nashville,322070576,Davidson,Nashville,8/28/2022 10:03:00 AM,2,0,0,36.028530,-86.636130,I 24,,,,0.00,,,,,,,61.15,N,Not at Intersection, ,Non-Junction,None,,,         ,Jason,Murray,Clear,Front to Rear,no,no,no,no,no,False
103401449,METROPOLITAN NASHVILLE POLICE DEPT,20220431921,Davidson,Nashville,8/29/2022 8:50:00 PM,1,0,0,36.095010,-86.771670,FRANKLIN PKE,,,,617.00,Feet,South,MORRISWOOD DR,,,,0.00,N,Not at Intersection,N,Non-Junction,None,,,         ,Tony,Mingsing,Clear,Not Collision with Motor Vehicle in Transport,no,no,no,no,no,False
103401450,METROPOLITAN NASHVILLE POLICE DEPT,20220431803,Davidson,Nashville,8/29/2022 8:20:00 PM,2,1,0,36.167640,-86.820710,28TH AVN,,,,56.00,Feet,South,JEFFERSON ST,,,,0.00,N,Not at Intersection,N,Non-Junction,None,,,         ,Hendrik,Kruger,Clear,"Sideswipe, Same Direction",no,no,no,no,no,False
103401465,METROPOLITAN NASHVILLE POLICE DEPT,20220431842,Davidson,Nashville,8/29/2022 8:40:00 PM,2,2,0,36.051510,-86.714360,OCALA DR,,,,0.00,Feet,,NOLENSVILLE PKE,,,,0.00,Y,Four-Way,N,Intersection,None,,,         ,Stephen,Carlson,Clear,Angle,no,no,no,no,no,False
103401475,METROPOLITAN NASHVILLE POLICE DEPT,20220431528,Davidson,Nashville,8/29/2022 3:30:00 PM,2,0,0,36.041550,-86.722300,STEFFISBURG DR,,,,330.00,Feet,North,LAUSANNE DR,,,,0.00,N,Not at Intersection,N,Non-Junction,None,,,         ,Jacob,Robbins,Cloudy,Unknown,no,no,no,no,yes,False
103401491,METROPOLITAN NASHVILLE POLICE DEPT,20220431849,Davidson,Nashville,8/29/2022 8:48:00 PM,2,0,0,36.082660,-86.698050,I 24,,,,0.00,,,,,,,56.00,N,Not at Intersection,N,Non-Junction,None,,,         ,Steven,Bowler,Clear,Angle,no,no,no,no,no,False
103401493,METROPOLITAN NASHVILLE POLICE DEPT,20220431970,Davidson,Nashville,8/29/2022 8:50:00 PM,2,0,0,36.069250,-86.683920,ANTIOCH PKE,,,,52.00,Feet,North,RICHARDS RD,,,,0.00,N,Not at Intersection,N,Non-Junction,None,,,         ,Gregory,Rdzok,Cloudy,Front to Rear,no,no,no,no,yes,False
103401494,METROPOLITAN NASHVILLE POLICE DEPT,20220431702,Davidson,Nashville,8/29/2022 10:40:00 AM,1,0,0,36.204080,-86.718490,THISTLEWOOD AV,,,,293.00,Feet,South,BERRYWOOD RD,,,,0.00,N,Not at Intersection,N,Non-Junction,None,,,         ,McKenzie,Harper,Clear,Not Collision with Motor Vehicle in Transport,no,no,no,no,yes,False
103401499,METROPOLITAN NASHVILLE POLICE DEPT,20220431712,Davidson,Not in City Limit,8/29/2022 7:30:00 PM,2,0,0,36.264210,-86.737620,I 65,,,,0.00,,,,,,,92.20,N,Not at Intersection,N,Unknown,None,,,         ,Bradley,Campbell,Clear,"Sideswipe, Same Direction",no,no,no,no,no,False
103401521,METROPOLITAN NASHVILLE POLICE DEPT,20220431521,Davidson,Nashville,8/29/2022 12:00:00 AM,2,0,0,36.229260,-86.811890,WHITES CREEK PKE,,,,2056.00,Feet,North,KNIGHT DR,,,,0.00,N,Not at Intersection,N,Non-Junction,None,,,         ,Gabriel,Centeno,Rain,Front to Rear,no,no,no,no,no,False
103401539,METROPOLITAN NASHVILLE POLICE DEPT,20220431800,Davidson,Nashville,8/29/2022 6:46:00 PM,2,0,0,36.106210,-86.673060,MURFREESBORO PKE,,,,0.00,,,DONELSON PKE,,,,0.00,Y,Four-Way,Y,Intersection,None,,,         ,Andrew,Brazee,Clear,Front to Rear,no,no,no,no,no,False
103401542,METROPOLITAN NASHVILLE POLICE DEPT,20220431402,Davidson,Nashville,8/29/2022 2:58:00 PM,2,0,0,36.130940,-86.773640,I 65,,,,0.00,,,,,,,81.15,N,Not at Intersection, ,Non-Junction,None,,,         ,David,Harms,Rain,Front to Rear,no,no,no,no,yes,False
103401560,METROPOLITAN NASHVILLE POLICE DEPT,20220431936,Davidson,Nashville,8/29/2022 5:45:00 PM,2,0,0,36.224610,-86.774540,I 65,,,,0.00,,,,,,,88.55,N,Not at Intersection,N,Non-Junction,None,,,         ,Wyatt,Brooks,Rain,Front to Rear,no,no,no,no,yes,False
103401562,METROPOLITAN NASHVILLE POLICE DEPT,20220431280,Davidson,Nashville,8/29/2022 12:30:00 PM,2,0,0,36.050660,-86.718190,OCALA DR,,,,0.00,,,,,,,0.00,,,N,OtherLocation,None,,,         ,Jacob,Robbins,Cloudy,"Sideswipe, Same Direction",no,no,no,no,yes,False
103401639,METROPOLITAN NASHVILLE POLICE DEPT,20220432644,Davidson,Not in City Limit,8/30/2022 6:12:00 AM,3,0,0,36.313020,-86.830750,I 24,,,,0.00,,,,,,,37.35,N,Not at Intersection,N,Non-Junction,None,,,         ,Ronald,Bright,Cloudy,Front to Rear,no,no,no,no,no,False
103401644,METROPOLITAN NASHVILLE POLICE DEPT,20220432594,Davidson,Nashville,8/30/2022 5:11:00 AM,2,1,0,36.095400,-86.707410,I 24,,,,0.00,,,,,,,54.95,N,Not at Intersection,N,Non-Junction,None,,,         ,Sullivan,Souksanh,Clear,"Sideswipe, Same Direction",no,no,no,no,no,False
103401651,METROPOLITAN NASHVILLE POLICE DEPT,20220432678,Davidson,Nashville,8/30/2022 6:38:00 AM,2,1,0,36.154910,-86.776670,PEABODY ST,,,,0.00,,,6TH AVS,,,,0.00,Y,Four-Way,N,Non-Junction,None,,,         ,Rachael,Robinson,Cloudy,Angle,no,no,no,no,no,False
103401652,METROPOLITAN NASHVILLE POLICE DEPT,20220432676,Davidson,Not in City Limit,8/30/2022 5:51:00 AM,1,1,0,36.331480,-86.785350,LUSTER RD,,,,1576.00,Feet,North,LICKTON PKE,,,,0.00,N,Not at Intersection,N,Non-Junction,None,,,         ,Christopher,Littles,Cloudy,Not Collision with Motor Vehicle in Transport,no,no,no,no,no,False
103401658,METROPOLITAN NASHVILLE POLICE DEPT,20220432685,Davidson,Not in City Limit,8/30/2022 6:45:00 AM,1,0,0,36.080100,-86.927910,HICKS RD,,,,753.00,Feet,North,CLUB PKWY,,,,0.00,N,Not at Intersection,N,Non-Junction,None,,,         ,Douglas,Atwood,Rain,Not Collision with Motor Vehicle in Transport,no,no,no,no,no,False
103401679,METROPOLITAN NASHVILLE POLICE DEPT,20220432827,Davidson,Nashville,8/30/2022 6:46:00 AM,1,0,0,36.247950,-86.756820,DICKERSON PKE,,,,471.00,Feet,North,SKYLINE COMMONS PVTDR,,,,0.00,N,Not at Intersection,N,Non-Junction,None,,,         ,Benjamin,Williams,Cloudy,Not Collision with Motor Vehicle in Transport,no,no,no,no,no,False
103401718,METROPOLITAN NASHVILLE POLICE DEPT,20220432713,Davidson,Not in City Limit,8/30/2022 7:03:00 AM,3,1,0,36.325320,-86.878070,I 24,,,,0.00,,,,,,,34.40,N,Not at Intersection,N,Non-Junction,None,,,         ,James,Wray,Rain,Front to Rear,no,no,no,no,no,False
103401719,METROPOLITAN NASHVILLE POLICE DEPT,20220432736,Davidson,Nashville,8/30/2022 7:12:00 AM,2,1,0,36.206010,-86.710870,RAVENWOOD DR,,,,0.00,Feet,,COOPER LN,,,,0.00,Y,T-Intersection,Y,Intersection-Related,None,,,         ,Jason,Milyaro Lucas,Cloudy,Angle,no,no,no,no,no,False
103401734,VANDERBILT UNIVERSITY POLICE,20220432992,Davidson,Nashville,8/30/2022 8:45:00 AM,2,0,0,36.144720,-86.811520,28TH AVS,,,,0.00,,,,,,,0.00,,, ,Non-Junction,None,,,         ,Charles,Stevens,Clear,Rear to Rear,no,no,no,yes,no,Campus
103401744,METROPOLITAN NASHVILLE POLICE DEPT,20220432710,Davidson,Not in City Limit,8/30/2022 6:58:00 AM,1,1,0,36.121690,-86.980480,OLD CHARLOTTE PKE,,,,871.00,Feet,East,OLD POND CREEK RD,,,,0.00,N,Not at Intersection,N,Non-Junction,None,,,         ,George,Spencer,Cloudy,Not Collision with Motor Vehicle in Transport,no,no,no,no,no,False
103401750,METROPOLITAN NASHVILLE POLICE DEPT,202200433022,Davidson,Nashville,8/30/2022 8:47:00 AM,1,1,0,36.099120,-86.734260,MCCALL ST,,,,474.00,Feet,West,SABRE DR,,,,0.00,N,Not at Intersection,N,"Driveway, Alley Access, etc",None,,,         ,Brian,Mclarty,Cloudy,Not Collision with Motor Vehicle in Transport,yes,no,no,yes,yes,False
103401752,METROPOLITAN NASHVILLE POLICE DEPT,20220432995,Davidson,Nashville,8/30/2022 9:12:00 AM,2,0,0,36.152820,-86.683410,ELM HILL PKE,,,,0.00,,,MCGAVOCK PKE,,,,0.00,Y,Four-Way, ,Intersection,None,,,         ,Cameron,Fritschie,Cloudy,Angle,no,no,no,no,no,False
103401756,METROPOLITAN NASHVILLE POLICE DEPT,20220431335,Davidson,Nashville,8/29/2022 4:00:00 PM,2,0,0,36.183100,-86.812340,18TH AVN,,,,114.00,Feet,North,CLARKSVILLE PKE,,,,0.00,N,Not at Intersection,N,Non-Junction,None,,,         ,Jean,McCormack,"Cloudy, Rain",HeadOn,no,no,no,no,no,False
103401789,METROPOLITAN NASHVILLE POLICE DEPT,20220433081,Davidson,Not in City Limit,8/30/2022 10:17:00 AM,2,0,0,36.074820,-86.948880,PLANTATION CT,,,,433.00,Feet,North,TODD PREIS DR,,,,0.00,N,Not at Intersection, ,,None,,,         ,Robert,Allen,,,no,no,no,no,no,False
103401792,METROPOLITAN NASHVILLE POLICE DEPT,20220433122,Davidson,Nashville,8/30/2022 10:39:00 AM,2,0,0,36.187950,-86.607770,OLD LEBANON DIRT RD,,,,0.00,Feet,,ANDREW JACKSON PKWY,,,,0.00,Y,Four-Way,N,Intersection-Related,None,,,         ,Allison,Zornes,Clear,Front to Rear,no,no,no,no,no,False
103401794,METROPOLITAN NASHVILLE POLICE DEPT,20220433085,Davidson,Nashville,8/30/2022 9:52:00 AM,2,2,0,36.051510,-86.714360,OCALA DR,,,,0.00,Feet,,NOLENSVILLE PKE,,,,0.00,Y,Four-Way,N,Intersection,None,,,         ,Sekou,Samassi,Clear,Angle,no,no,no,no,no,False
103401797,GOODLETTSVILLE POLICE DEPT,22-26671,Davidson,Goodlettsville,8/30/2022 8:50:00 AM,4,0,0,36.329240,-86.720510,FANNIN,,,,1.00,Feet,South,FANNIN DRIVE,,,,0.00,N,Not at Intersection,N,Non-Junction,None,,,         ,Donald,Brinton,Clear,Not Collision with Motor Vehicle in Transport,no,no,no,no,yes,False
103401839,METROPOLITAN NASHVILLE POLICE DEPT,20220431222,Davidson,Nashville,8/29/2022 2:29:00 PM,2,0,0,36.118070,-86.726130,I 24,,,,0.00,,,,,,,53.00,N,Not at Intersection, ,Non-Junction,None,,,         ,Alex,Moore,Clear,Front to Rear,no,no,no,no,no,False
103401840,METROPOLITAN NASHVILLE POLICE DEPT,20220433251,Davidson,Nashville,8/30/2022 12:08:00 PM,2,1,0,36.221240,-86.761840,DICKERSON PKE,,,,0.00,,,PINE RIDGE DR,,,,0.00,Y,T-Intersection,Y,Intersection,None,,,         ,Ernie,Wilson,Clear,Angle,no,no,no,no,yes,False
103401848,METROPOLITAN NASHVILLE POLICE DEPT,20220433214,Davidson,Nashville,8/30/2022 11:55:00 AM,2,0,0,36.052210,-86.644910,EAGLE VIEW BLVD,,,,0.00,,,BELL RD,,,,0.00,Y,T-Intersection,Y,Intersection,None,,,         ,Thomas,White,Clear,Angle,no,no,no,no,no,False
103401951,METROPOLITAN NASHVILLE POLICE DEPT,20220433342,Davidson,Nashville,8/30/2022 12:15:00 PM,2,0,0,36.126660,-86.845240,HARDING PKE,,,,92.00,Feet,East,RIDGEFIELD WAY,,,,0.00,N,Not at Intersection,N,Non-Junction,None,,,         ,Douglas,Atwood,Cloudy,Front to Rear,no,no,no,no,no,False