master_record_number,agency,agency_tracking_number,county,city,collision_date,vehicles_involved,number_injured,number_dead,latitude,longitude,roadway_name,roadway_suffix,roadway_number,roadway_local_id,distance_from_reference,miles-feet_indicator,direction_from_reference,intersection_road_name,intersection_road_name_suffix,intersection_road_number,intersection_local_id,mile_marker,intersection_indicator,intersect_type,interchange_related_indicator,relation_to_junction,work_zone_type,construction_maintenance_zone,construction_maintenance_zone_location,fatal_case_number,officer_first_name,officer_last_name,weather_condition(s),manner_of_crash,pedestrian,bicycle,scooter,parking,hitrun,mou
103406561,METROPOLITAN NASHVILLE POLICE DEPT,20220441185,Davidson,Nashville,9/3/2022 1:10:00 PM,3,0,0,36.180080,-86.606630,FRIST BLVD,,,,274.00,Feet,North,OLD HICKORY BLVD,,,,0.00,N,Not at Intersection, ,Non-Junction,None,,,         ,Peabo,McAlmont,Cloudy,Angle,no,no,no,no,no,False
103406565,METROPOLITAN NASHVILLE POLICE DEPT,20220441093,Davidson,Nashville,9/3/2022 10:29:00 AM,2,1,0,36.134560,-86.779070,8TH AVS,,,,101.00,Feet,North,WEDGEWOOD AV,,,,0.00,N,Not at Intersection,N,Non-Junction,None,,,         ,Cherell,Kinchloe,Clear,Angle,no,no,no,no,no,False
103406577,METROPOLITAN NASHVILLE POLICE DEPT,20220441261,Davidson,Nashville,9/3/2022 2:47:00 PM,2,1,0,36.067570,-86.737390,EDMONDSON PKE,,,,37.00,Feet,South,BRIARWOOD DR,,,,0.00,N,Not at Intersection,N,Non-Junction,None,,,         ,Cecelia,Brown,Clear,Front to Rear,no,no,no,no,no,False
103406581,METROPOLITAN NASHVILLE POLICE DEPT,20220441315,Davidson,Nashville,9/3/2022 3:30:00 PM,1,1,0,36.239370,-86.776570,BRILEY PKWYW,,,,323.00,Feet,North,DOVERSIDE DR,,,,0.00,N,Not at Intersection,N,Non-Junction,None,,,         ,Alexander,Hartle,Rain,Not Collision with Motor Vehicle in Transport,no,no,no,no,no,False
103406594,METROPOLITAN NASHVILLE POLICE DEPT,20220441270,Davidson,Nashville,9/3/2022 3:03:00 PM,3,2,0,36.117520,-86.791430,GRANNY WHITE PKE,,,,151.00,Feet,North,GALE LN,,,,0.00,N,Not at Intersection,N,Non-Junction,None,,,         ,Travis,Pemberton,Rain,Front to Rear,no,no,no,no,no,False
103406610,METROPOLITAN NASHVILLE POLICE DEPT,20220441158,Davidson,Nashville,9/3/2022 12:35:00 PM,2,0,0,36.069030,-86.681710,RICHARDS RD,,,,150.00,Feet,West,CUMMINGS PARK DR,,,,0.00,N,Not at Intersection, ,Non-Junction,None,,,         ,Darrin,Hardin,Clear,Angle,no,no,no,no,no,False
103406614,METROPOLITAN NASHVILLE POLICE DEPT,20220441332,Davidson,Madison,9/3/2022 3:35:00 PM,2,1,0,36.298230,-86.698080,GALLATIN PKEN,,,,521.00,Feet,East,RIVERGATE PKWY,,,,0.00,N,Not at Intersection,N,Non-Junction,None,,,         ,Nicholas,Carter,Cloudy,Angle,no,no,no,no,yes,False
103406650,METROPOLITAN NASHVILLE POLICE DEPT,20220441329,Davidson,Not in City Limit,9/3/2022 3:36:00 PM,2,1,0,36.308610,-86.681540,GALLATIN PKEN,,,,0.00,Feet,West,RIVERCHASE BLVD,,,,0.00,N,Not at Intersection,N,Non-Junction,None,,,         ,Joseph,Santana,Rain,HeadOn,no,no,no,no,no,False
103406657,METROPOLITAN NASHVILLE POLICE DEPT,20220441324,Davidson,Nashville,9/3/2022 2:00:00 AM,1,0,0,36.177710,-86.813940,23RD AVN,,,,400.00,Feet,North,OSAGE ST,,,,0.00,N,Not at Intersection,N,Non-Junction,None,,,         ,Hendrik,Kruger,Unknown,Not Collision with Motor Vehicle in Transport,no,no,no,no,yes,False
103406666,METROPOLITAN NASHVILLE POLICE DEPT,20220441234,Davidson,Nashville,9/3/2022 12:00:00 AM,1,0,0,36.127830,-86.707270,PATRICIA DR,,,,231.00,Feet,North,THOMPSON PL,,,,0.00,N,Not at Intersection, ,,None,,,         ,Clayton,Smith,,,no,no,no,no,no,False
103406667,METROPOLITAN NASHVILLE POLICE DEPT,20220441338,Davidson,Nashville,9/3/2022 3:45:00 PM,1,1,0,36.180120,-86.762770,ELLINGTON PKWYS,,,,582.00,Feet,East,N 5TH ST,,,,0.00,N,Not at Intersection,N,Non-Junction,None,,,         ,Benjamin,Kopriva,Rain,Not Collision with Motor Vehicle in Transport,no,no,no,no,no,False
103406668,METROPOLITAN NASHVILLE POLICE DEPT,20220441372,Davidson,Nashville,9/3/2022 12:00:00 AM,1,1,0,36.119480,-86.726400,I 24,,,,0.00,,,,,,,52.95,N,Not at Intersection,N,Non-Junction,None,,,         ,Derek,Garcia,"Cloudy, Rain",Not Collision with Motor Vehicle in Transport,no,no,no,no,no,False
103406681,METROPOLITAN NASHVILLE POLICE DEPT,20220441350,Davidson,Nashville,9/3/2022 3:58:00 PM,1,0,0,36.149520,-86.872440,I 40,,,,0.00,,,,,,,203.10,N,Not at Intersection,N,Non-Junction,None,,,         ,Bryant,Howland,Rain,Not Collision with Motor Vehicle in Transport,no,no,no,no,no,False
103406684,METROPOLITAN NASHVILLE POLICE DEPT,20220441292,Davidson,Not in City Limit,9/3/2022 2:55:00 PM,2,0,0,36.264470,-86.732110,OLD HICKORY BLVDW,,,,51.00,Feet,East,N GRAYCROFT AV,,,,0.00,N,Not at Intersection,N,Non-Junction,None,,,         ,Wesley,Carver,Rain,Front to Rear,no,no,no,no,no,False
103406686,METROPOLITAN NASHVILLE POLICE DEPT,20220441356,Davidson,Nashville,9/3/2022 12:00:00 AM,2,1,0,36.206090,-86.811020,YOUNGS LN,,,,0.00,Feet,East,W TRINITY LN,,,,0.00,N,Not at Intersection,N,Non-Junction,None,,,         ,Wallace,Seay III,Rain,Front to Rear,no,no,no,no,no,False
103406702,METROPOLITAN NASHVILLE POLICE DEPT,20220441418,Davidson,Nashville,9/3/2022 5:00:00 PM,2,3,0,36.169250,-86.757870,S 7TH ST,,,,0.00,,,SHELBY AV,,,,0.00,Y,Four-Way,N,Intersection-Related,None,,,         ,Chad,Connors,Rain,Angle,no,no,no,no,no,False
103406705,METROPOLITAN NASHVILLE POLICE DEPT,20220441216,Davidson,Nashville,9/3/2022 1:44:00 PM,2,1,0,36.124980,-86.847640,HARDING PKE,,,,0.00,,,WHITE BRIDGE PKE,,,,0.00,Y,Four-Way,N,Intersection,None,,,         ,Robert,Higgins,Clear,Angle,no,no,no,no,no,False
103406706,METROPOLITAN NASHVILLE POLICE DEPT,20220441303,Davidson,Nashville,9/3/2022 2:56:00 PM,2,0,0,36.151260,-86.835740,42ND AVN,,,,0.00,,,,,,,0.00,,,N,Non-Junction,None,,,         ,Robert,Higgins,Unknown,Angle,no,no,no,yes,yes,False
103406721,METROPOLITAN NASHVILLE POLICE DEPT,20220441337,Davidson,Nashville,9/3/2022 3:41:00 PM,3,1,0,36.126140,-86.712110,EAST THOMPSON LN,,,,364.00,Feet,West,THOMPSON PL,,,,0.00,N,Not at Intersection,N,Non-Junction,None,,,         ,Adam,Kauffman,"Cloudy, Rain",Front to Rear,no,no,no,no,yes,False
103406722,METROPOLITAN NASHVILLE POLICE DEPT,20220441486,Davidson,Nashville,9/3/2022 6:00:00 PM,2,0,0,36.206790,-86.776440,I 65,,,,0.00,,,,,,,87.30,N,Not at Intersection,N,Non-Junction,None,,,         ,Lucas,Thomas,Rain,Front to Rear,no,no,no,no,yes,False
103406742,METROPOLITAN NASHVILLE POLICE DEPT,20220441459,Davidson,Nashville,9/3/2022 12:00:00 AM,2,1,0,36.171430,-86.769040,JAMES ROBERTSON PKWY,,,,0.00,,,INTERSTATE DR,,,,0.00,Y,OTHER,N,Intersection-Related,None,,,         ,Douglas,Hart,Rain,"Sideswipe, Same Direction",no,no,no,no,no,False
103406744,METROPOLITAN NASHVILLE POLICE DEPT,20220441473,Davidson,Nashville,9/3/2022 5:45:00 PM,2,0,0,36.191880,-86.783110,I 65,,,,0.00,,,,,,,86.15,N,Not at Intersection,N,Non-Junction,None,,,         ,Hendrik,Kruger,Cloudy,Angle,no,no,no,no,no,False
103406746,METROPOLITAN NASHVILLE POLICE DEPT,20220439697,Davidson,Nashville,9/2/2022 1:23:00 PM,2,0,0,36.155240,-86.790650,BROADWAY,,,,0.00,Feet,East,15TH AVN,,,,0.00,N,Not at Intersection,N,Non-Junction,None,,,         ,Ronald,Bright,Cloudy,"Sideswipe, Same Direction",no,no,no,no,yes,False
103406756,THP District 3 - Nashville,322070939,Davidson,Not in City Limit,8/29/2022 4:10:00 PM,4,1,0,36.309680,-86.824640,I 24,,,,0.00,,,,,,,37.75,N,Not at Intersection,N,Non-Junction,None,,,         ,Jason,Murray,Rain,Front to Rear,no,no,no,no,yes,False
103406761,METROPOLITAN NASHVILLE POLICE DEPT,20220441545,Davidson,Nashville,9/3/2022 7:10:00 PM,1,0,0,36.225060,-86.774470,I 65,,,,0.00,,,,,,,88.60,N,Not at Intersection,N,Non-Junction,None,,,         ,Tyler,Jordan,"Cloudy, Rain",Not Collision with Motor Vehicle in Transport,no,no,no,no,no,False
103406766,METROPOLITAN NASHVILLE POLICE DEPT,20220441432,Davidson,Madison,9/3/2022 5:30:00 PM,2,2,0,36.262620,-86.684380,E OLD HICKORY BLVD,,,,0.00,Feet,East,LARKIN SPRINGS RD,,,,0.00,N,Not at Intersection,N,Non-Junction,None,,,         ,Alexander,Hartle,Rain,Other,no,no,no,no,no,False
103406770,METROPOLITAN NASHVILLE POLICE DEPT,20220441377,Davidson,Nashville,9/3/2022 4:23:00 PM,3,1,0,36.047750,-86.663420,I 24,,,,0.00,,,,,,,59.10,N,Not at Intersection,N,Non-Junction,Work Zone,Laneclosure,Activity Area,         ,Steven,Bowler,Unknown,Front to Rear,no,no,no,no,no,False
103406799,METROPOLITAN NASHVILLE POLICE DEPT,20220441435,Davidson,Nashville,9/3/2022 12:00:00 AM,2,2,0,36.202170,-86.776850,I 65,,,,0.00,,,,,,,87.00,N,Not at Intersection,N,Non-Junction,None,,,         ,Wallace,Seay III,Rain,Front to Rear,no,no,no,no,no,False
103406805,METROPOLITAN NASHVILLE POLICE DEPT,20220441535,Davidson,Nashville,9/3/2022 7:00:00 PM,1,0,0,36.240580,-86.749670,I65 S EXT RAMP,,,,0.00,Feet,East,BRILEY PKWYW,,,,0.00,N,Not at Intersection,N,Non-Junction,None,,,         ,Zachary,Carter,Cloudy,Not Collision with Motor Vehicle in Transport,no,no,no,no,no,False
103406806,METROPOLITAN NASHVILLE POLICE DEPT,20220441333,Davidson,Nashville,9/3/2022 3:40:00 PM,1,1,0,36.066430,-86.917020,OLD HICKORY BLVD,,,,148.00,Feet,South,DEVON VALLEY DR,,,,0.00,N,Not at Intersection,N,Non-Junction,None,,,         ,Cameron,Van Der Merwe,Rain,Not Collision with Motor Vehicle in Transport,no,no,no,no,no,False
103406818,METROPOLITAN NASHVILLE POLICE DEPT,20220441609,Davidson,Nashville,9/3/2022 1:08:00 PM,2,0,0,36.185260,-86.846000,COCOA DR,,,,240.00,Feet,South,PANORAMA DR,,,,0.00,N,Not at Intersection,N,Non-Junction,None,,,         ,Tyler,Jordan,Cloudy,Angle,no,no,no,no,yes,False
103406824,METROPOLITAN NASHVILLE POLICE DEPT,20220441437,Davidson,Nashville,9/3/2022 5:13:00 PM,1,1,0,36.064440,-86.705970,MELPAR DR,,,,310.00,Feet,East,YORKTOWN RD,,,,0.00,N,Not at Intersection,N,Non-Junction,None,,,         ,John,Braun,"Cloudy, Rain",Not Collision with Motor Vehicle in Transport,no,no,no,no,no,False
103406831,METROPOLITAN NASHVILLE POLICE DEPT,20220441615,Davidson,Madison,9/3/2022 9:15:00 PM,2,0,0,36.266290,-86.731540,N GRAYCROFT AV,,,,548.00,Feet,South,N MARTHONA RD,,,,0.00,N,Not at Intersection, ,,None,,,         ,Alexander,Hartle,,,no,no,no,no,no,False
103406836,GOODLETTSVILLE POLICE DEPT,22-27168,Davidson,Goodlettsville,9/3/2022 4:30:00 PM,1,0,0,36.306840,-86.694510,VIETNAM VETERANS BLVD NB EXT R,,,,0.00,,,CONFERENCE DR,,,,0.00,Y,T-Intersection,N,Entrance/Exit Ramp Related,None,,,         ,Austin,Herendeen,Unknown,Not Collision with Motor Vehicle in Transport,no,no,no,no,no,False
103406837,METROPOLITAN NASHVILLE POLICE DEPT,20220441455,Davidson,Nashville,9/3/2022 5:35:00 PM,2,2,0,36.047300,-86.656250,BELL RD,,,,129.00,Feet,West,HICKORY HOLLOW PKWY,,,,0.00,N,Not at Intersection,N,Non-Junction,None,,,         ,Steven,Bowler,Rain,Front to Rear,no,no,no,no,no,False
103406866,METROPOLITAN NASHVILLE POLICE DEPT,20220441626,Davidson,Nashville,9/3/2022 12:00:00 AM,1,0,0,36.070550,-86.689980,I24 W ENT RAMP,,,,0.00,Feet,East,I 24,,,,0.00,N,Not at Intersection,N,Non-Junction,None,,,         ,Derek,Garcia,"Cloudy, Rain",Not Collision with Motor Vehicle in Transport,no,no,no,no,no,False
103406867,METROPOLITAN NASHVILLE POLICE DEPT,20220441532,Davidson,Nashville,9/3/2022 12:00:00 AM,2,0,0,36.230640,-86.782340,I 24,,,,0.00,,,,,,,44.00,N,Not at Intersection, ,Non-Junction,None,,,         ,Wallace,Seay III,Rain,Front to Rear,no,no,no,no,no,False
103406868,METROPOLITAN NASHVILLE POLICE DEPT,20220441358,Davidson,Nashville,9/3/2022 4:06:00 PM,1,0,0,36.064330,-86.725200,WHISPERING HILLS DR,,,,318.00,Feet,West,LEWISDALE CT,,,,0.00,N,Not at Intersection,N,Non-Junction,None,,,         ,David,Harms,Rain,Not Collision with Motor Vehicle in Transport,no,no,no,no,no,False
103406888,METROPOLITAN NASHVILLE POLICE DEPT,20220441743,Davidson,Nashville,9/3/2022 10:17:00 PM,1,1,0,36.103740,-86.729400,SOUTHLAKE DR,,,,0.00,Feet,East,HOLBROOK DR,,,,0.00,N,Not at Intersection,N,Non-Junction,None,,,         ,Eric,Laury,Rain,Not Collision with Motor Vehicle in Transport,no,no,no,no,no,False
103406894,THP District 3 - Nashville,322071566,Davidson,Nashville,8/31/2022 6:15:00 PM,2,0,0,36.082670,-86.710490,TAMPA DR,,,,0.00,,,HARDING PL,,,,0.00,Y,Four-Way, ,,None,,,         ,Jennifer,Hicks,,,no,no,no,no,no,False
103406915,METROPOLITAN NASHVILLE POLICE DEPT,20220441580,Davidson,Nashville,9/3/2022 7:52:00 PM,2,3,0,36.080580,-86.697930,LINBAR DR,,,,876.00,Feet,West,LUNA DR,,,,0.00,N,Not at Intersection,N,Non-Junction,None,,,         ,Adam,Kauffman,"Cloudy, Rain",HeadOn,no,no,no,no,no,False
103406916,METROPOLITAN NASHVILLE POLICE DEPT,20220441604,Davidson,Nashville,9/3/2022 8:27:00 PM,2,2,0,36.149480,-86.857920,WHITE BRIDGE PKE,,,,244.00,Feet,South,CHARLOTTE PKE,,,,0.00,N,Not at Intersection,N,Non-Junction,None,,,         ,Bryant,Howland,Rain,Front to Rear,no,no,no,no,no,False
103406917,METROPOLITAN NASHVILLE POLICE DEPT,20220441771,Davidson,Nashville,9/3/2022 10:34:00 PM,2,0,0,36.161850,-86.779390,COMMERCE ST,,,,14.00,Feet,West,5TH AVN,,,,0.00,N,Not at Intersection,N,Non-Junction,None,,,         ,Tyler,Lewis,Clear,"Sideswipe, Same Direction",no,no,no,no,yes,False
103406936,METROPOLITAN NASHVILLE POLICE DEPT,20220441715,Davidson,Nashville,9/3/2022 10:00:00 PM,1,0,1,36.255010,-86.715240,MADISON SQ,,,,3.00,Feet,West,GALLATIN PKES,,,,0.00,N,Not at Intersection,N,Non-Junction,None,,,         ,Russell,Ward,Rain,Not Collision with Motor Vehicle in Transport,yes,no,no,no,yes,False
103406945,METROPOLITAN NASHVILLE POLICE DEPT,20220441500,Davidson,Nashville,9/3/2022 5:53:00 PM,3,2,0,36.145500,-86.626190,LINCOYA BAY DR,,,,0.00,Feet,,BELL RD,,,,0.00,Y,Four-Way,N,Intersection,None,,,         ,Joshua,Zambrano-Vera,"Cloudy, Rain",Angle,no,no,no,no,yes,False
103406960,METROPOLITAN NASHVILLE POLICE DEPT,20220441956,Davidson,Nashville,9/4/2022 12:55:00 AM,2,0,0,36.161300,-86.784520,9TH AVN,,,,0.00,,,CHURCH ST,,,,0.00,Y,Four-Way,Y,Intersection,None,,,         ,Jarrett,Messick,Clear,Angle,no,no,no,no,yes,False
103406961,METROPOLITAN NASHVILLE POLICE DEPT,20220441927,Davidson,Nashville,9/4/2022 12:10:00 AM,1,0,0,36.063440,-86.637570,RICE RD,,,,70.00,Feet,West,BELL RD,,,,0.00,N,Not at Intersection,N,Non-Junction,None,,,         ,Phillip,Lovell,Clear,Not Collision with Motor Vehicle in Transport,no,no,no,no,yes,False
103406963,METROPOLITAN NASHVILLE POLICE DEPT,20220441487,Davidson,Nashville,9/3/2022 6:00:00 PM,1,1,0,36.036570,-86.783900,I65 S EXT RAMP,,,,0.00,,,I 65,,,,0.00,Y,OTHER,N,Non-Junction,None,,,         ,Eric,Modransky,Rain,Not Collision with Motor Vehicle in Transport,no,no,no,no,no,False
103406977,METROPOLITAN NASHVILLE POLICE DEPT,20220441735,Davidson,Nashville,9/3/2022 10:13:00 PM,3,1,0,36.069190,-86.689420,HAYWOOD LN,,,,21.00,Feet,East,I24 E EXT RAMP,,,,0.00,N,Not at Intersection,N,Non-Junction,None,,,         ,Gregory,Rdzok,Cloudy,Angle,no,no,no,no,no,False
103406978,METROPOLITAN NASHVILLE POLICE DEPT,20220441561,Davidson,Nashville,9/3/2022 7:32:00 PM,1,1,0,36.077260,-86.733450,HARDING PL,,,,193.00,Feet,East,OVERCREST DR,,,,0.00,N,Not at Intersection,N,Non-Junction,None,,,         ,Nicholas,Hoffmann,"Cloudy, Rain",Not Collision with Motor Vehicle in Transport,no,no,no,no,no,False
103406981,METROPOLITAN NASHVILLE POLICE DEPT,20220441983,Davidson,Not in City Limit,9/4/2022 12:00:00 AM,2,1,0,35.996870,-86.689890,NOLENSVILLE PKE,,,,0.00,,,CONCORD RD,,,,0.00,Y,T-Intersection,Y,Intersection,None,,,         ,Aaron,Brumley,Clear,Angle,no,no,no,no,no,False
103406994,METROPOLITAN NASHVILLE POLICE DEPT,20220442044,Davidson,Nashville,9/4/2022 2:45:00 AM,1,0,0,36.045600,-86.658480,I24 W ENT RAMP,,,,0.00,Feet,East,I 24,,,,0.00,N,Not at Intersection,N,Non-Junction,None,,,         ,Gregory,Rdzok,Cloudy,Not Collision with Motor Vehicle in Transport,no,no,no,no,no,False
103407000,METROPOLITAN NASHVILLE POLICE DEPT,20220441912,Davidson,Nashville,9/4/2022 12:15:00 AM,3,0,0,36.162860,-86.776840,3RD AVN,,,,16.00,Feet,South,COMMERCE ST,,,,0.00,N,Not at Intersection,N,Non-Junction,None,,,         ,Tyler,Lewis,Clear,Front to Rear,no,no,no,no,yes,False
103407034,METROPOLITAN NASHVILLE POLICE DEPT,20220441949,Davidson,Nashville,9/4/2022 12:40:00 AM,1,2,0,36.109710,-86.730990,THOMPSON LN,,,,29.00,Feet,East,MASHBURN RD,,,,0.00,N,Not at Intersection,N,Non-Junction,None,,,         ,Jerrod,Kalinsky,Clear,Not Collision with Motor Vehicle in Transport,no,no,no,no,no,False
103407036,METROPOLITAN NASHVILLE POLICE DEPT,20220442094,Davidson,Nashville,9/4/2022 12:00:00 AM,1,0,0,36.143030,-86.684990,MCGAVOCK PKE,,,,213.00,Feet,North,KNIGHTS OF COLUMBUS BLVD,,,,0.00,N,Not at Intersection,N,Unknown,None,,,         ,Jack,Pfeiffer,Cloudy,Unknown,no,no,no,no,yes,False
103407047,METROPOLITAN NASHVILLE POLICE DEPT,20220441717,Davidson,Not in City Limit,9/3/2022 10:00:00 PM,2,0,0,36.323270,-86.861880,I 24,,,,0.00,,,,,,,35.30,N,Not at Intersection,N,Non-Junction,None,,,         ,Martin,Brown,Cloudy,Front to Rear,no,no,no,no,no,False
103407062,METROPOLITAN NASHVILLE POLICE DEPT,20220442132,Davidson,Not in City Limit,9/4/2022 6:15:00 AM,2,1,0,36.257940,-86.683270,MANZANO RD,,,,451.00,Feet,West,FAWN LN,,,,0.00,N,Not at Intersection,N,Non-Junction,None,,,         ,Marcus,Mitchell,Cloudy,Angle,no,no,no,no,no,False
103407100,METROPOLITAN NASHVILLE POLICE DEPT,20220442269,Davidson,Nashville,9/4/2022 4:30:00 AM,2,0,0,36.136890,-86.800840,BRILEY,PKWY,,,0.00,,,,,,,0.00,,,N,Non-Junction,None,,,         ,Paxton,Montgomery,Clear,"Sideswipe, Same Direction",no,no,no,no,yes,Campus
103407149,METROPOLITAN NASHVILLE POLICE DEPT,20220442345,Davidson,Nashville,9/4/2022 10:05:00 AM,2,0,0,36.180440,-86.749780,GALLATIN AV,,,,84.00,Feet,South,ORDWAY PL,,,,0.00,N,Not at Intersection,N,Non-Junction,None,,,         ,Samantha,Held,Clear,Angle,no,no,no,no,no,False
103407168,METROPOLITAN NASHVILLE POLICE DEPT,20220442369,Davidson,Nashville,9/4/2022 10:41:00 AM,2,1,0,36.231930,-86.724850,GALLATIN PKE,,,,153.00,Feet,South,INGLEWOOD DR,,,,0.00,N,Not at Intersection,N,Non-Junction,None,,,         ,Michael,Agee,Cloudy,Front to Rear,no,no,no,no,no,False
103407169,METROPOLITAN NASHVILLE POLICE DEPT,20220442387,Davidson,Nashville,9/4/2022 10:57:00 AM,2,1,0,36.175200,-86.678930,MCGAVOCK PKE,,,,57.00,Feet,North,SELMA AV,,,,0.00,N,Not at Intersection,N,Non-Junction,None,,,         ,Ryan,Sherry,Clear,Angle,no,no,no,no,no,False
103407236,METROPOLITAN NASHVILLE POLICE DEPT,20220442438,Davidson,Nashville,9/4/2022 12:18:00 PM,2,0,0,36.070030,-86.689860,I 24,,,,0.00,,,,,,,57.00,N,Not at Intersection,N,Non-Junction,None,,,         ,Charles,Agius,Clear,Front to Rear,no,no,no,no,yes,False
103407238,METROPOLITAN NASHVILLE POLICE DEPT,20220442392,Davidson,Nashville,9/4/2022 10:43:00 AM,2,1,0,36.134280,-86.778850,WEDGEWOOD AV,,,,71.00,Feet,East,8TH AVS,,,,0.00,N,Not at Intersection,N,Non-Junction,None,,,         ,Cecelia,Brown,Clear,Front to Rear,no,no,no,no,no,False
103407345,METROPOLITAN NASHVILLE POLICE DEPT,20220442500,Davidson,Nashville,9/4/2022 1:14:00 PM,2,0,0,36.081140,-86.696890,I 24,,,,0.00,,,,,,,56.10,N,Not at Intersection, ,,None,,,         ,Charles,Agius,,,no,no,no,no,no,False
103407387,METROPOLITAN NASHVILLE POLICE DEPT,20220442429,Davidson,Nashville,9/4/2022 12:00:00 AM,3,1,0,36.089790,-86.702850,I 24,,,,0.00,,,,,,,55.40,N,Not at Intersection,N,Non-Junction,None,,,         ,Luis,Pena,Clear,Front to Rear,no,no,no,no,yes,False
103407484,METROPOLITAN NASHVILLE POLICE DEPT,20220442498,Davidson,Nashville,9/4/2022 1:34:00 PM,2,1,0,36.142040,-86.675730,I 40,,,,0.00,,,,,,,216.05,N,Not at Intersection,N,Non-Junction,None,,,         ,Dillon,Hanna,Cloudy,Angle,no,no,no,no,no,False
103407487,METROPOLITAN NASHVILLE POLICE DEPT,20220442441,Davidson,Nashville,9/4/2022 12:25:00 PM,2,1,0,36.059820,-86.679710,I 24,,,,0.00,,,,,,,57.85,N,Not at Intersection,N,Non-Junction,None,,,         ,Ryan,Thomas,Clear,Front to Rear,no,no,no,no,no,False
103407498,METROPOLITAN NASHVILLE POLICE DEPT,20220442396,Davidson,Nashville,9/4/2022 11:00:00 AM,2,1,0,36.089460,-86.622180,RURAL HILL RD,,,,58.00,Feet,South,SMITH SPRINGS RD,,,,0.00,N,Not at Intersection,Y,Non-Junction,None,,,         ,Peabo,McAlmont,Clear,Angle,no,no,no,no,no,False
103407503,BERRY HILL POLICE DEPT,22-2564,Davidson,Berry Hill,9/3/2022 9:20:00 PM,3,0,0,36.124580,-86.776540,FRANKLIN PKE,,,,150.00,Feet,South,INVERNESS AV,,,,0.00,N,Not at Intersection,N,Non-Junction,None,,,         ,Darren,Jenkins,Cloudy,Angle,no,no,no,no,no,False
103407521,METROPOLITAN NASHVILLE POLICE DEPT,20220442524,Davidson,Nashville,9/4/2022 12:00:00 AM,2,2,0,36.199260,-86.692660,OPRY MILLS DR,,,,997.00,Feet,North,SHELBY BOTTOMS GRNWY,,,,0.00,N,Not at Intersection,N,Non-Junction,None,,,         ,Clayton,Smith,Clear,"Sideswipe, Same Direction",no,no,no,yes,yes,False
103407551,METROPOLITAN NASHVILLE POLICE DEPT,20220442559,Davidson,Nashville,9/4/2022 1:40:00 PM,2,1,0,36.068110,-86.632020,MURFREESBORO PKE,,,,343.00,Feet,North,FOREST VIEW DR,,,,0.00,N,Not at Intersection,N,Non-Junction,None,,,         ,Andrew,Campbell,Cloudy,Angle,no,no,no,no,no,False
103407559,METROPOLITAN NASHVILLE POLICE DEPT,20220442592,Davidson,Nashville,9/4/2022 2:00:00 AM,2,0,0,36.141650,-86.765100,HUMPHREYS ST,,,,79.00,Feet,West,LITTLE HAMILTON AV,,,,0.00,N,Not at Intersection,N,Non-Junction,None,,,         ,Nicholas,Carroll,Clear,"Sideswipe, Same Direction",no,no,no,no,yes,False
103407599,METROPOLITAN NASHVILLE POLICE DEPT,20220442640,Davidson,Nashville,9/4/2022 2:50:00 PM,2,0,0,36.166990,-86.820540,28TH AVN,,,,139.00,Feet,North,JEFFERSON ST,,,,0.00,N,Not at Intersection,N,Non-Junction,None,,,         ,Dylan,Ramos,Cloudy,"Sideswipe, Same Direction",no,no,no,no,no,False
103407608,METROPOLITAN NASHVILLE POLICE DEPT,20220442600,Davidson,Nashville,9/4/2022 2:24:00 PM,2,1,0,36.203550,-86.738530,GALLATIN PKE,,,,0.00,Feet,,E TRINITY LN,,,,0.00,Y,T-Intersection,N,Intersection-Related,None,,,         ,Theodore,Kenney,Cloudy,Angle,no,no,no,no,no,False
103407613,METROPOLITAN NASHVILLE POLICE DEPT,20220442621,Davidson,Nashville,9/4/2022 3:45:00 PM,2,0,0,36.153150,-86.765090,I 40,,,,0.00,,,,,,,210.65,N,Not at Intersection, ,,None,,,         ,Shane,Byrnes,,,no,no,no,no,no,False
103407626,METROPOLITAN NASHVILLE POLICE DEPT,20220442687,Davidson,Nashville,9/4/2022 3:50:00 PM,2,0,0,36.068060,-86.599570,LEGEND DR,,,,425.00,Feet,North,MT VIEW RD,,,,0.00,N,Not at Intersection, ,Non-Junction,None,,,         ,Andre,Williams,Clear,Rear to Side,no,no,no,no,yes,False
103407647,METROPOLITAN NASHVILLE POLICE DEPT,20220442564,Davidson,Nashville,9/4/2022 3:09:00 PM,2,4,0,36.051800,-86.670350,I 24,,,,0.00,,,,,,,58.65,N,Not at Intersection,N,Non-Junction,None,,,         ,Steven,Bowler,Cloudy,Not Collision with Motor Vehicle in Transport,no,no,no,no,no,False
103407670,METROPOLITAN NASHVILLE POLICE DEPT,20220442549,Davidson,Not in City Limit,9/4/2022 2:48:00 PM,2,3,0,36.283690,-86.692320,MYATT DR,,,,0.00,,,NORTHGATE BUSINESS PKWY,,,,0.00,Y,T-Intersection,N,Intersection,None,,,         ,William,Coy,Clear,Angle,no,no,no,no,no,False
103407721,METROPOLITAN NASHVILLE POLICE DEPT,20220442764,Davidson,Nashville,9/4/2022 6:20:00 PM,2,0,0,36.161040,-86.781250,COMMERCE ST,,,,0.00,,,,,,,0.00,,, ,Non-Junction,None,,,         ,Ralph,Gault,Clear,Angle,no,no,no,no,no,False