master_record_number,agency,agency_tracking_number,county,city,collision_date,vehicles_involved,number_injured,number_dead,latitude,longitude,roadway_name,roadway_suffix,roadway_number,roadway_local_id,distance_from_reference,miles-feet_indicator,direction_from_reference,intersection_road_name,intersection_road_name_suffix,intersection_road_number,intersection_local_id,mile_marker,intersection_indicator,intersect_type,interchange_related_indicator,relation_to_junction,work_zone_type,construction_maintenance_zone,construction_maintenance_zone_location,fatal_case_number,officer_first_name,officer_last_name,weather_condition(s),manner_of_crash,pedestrian,bicycle,scooter,parking,hitrun,mou
103407731,METROPOLITAN NASHVILLE POLICE DEPT,20220442558,Davidson,Nashville,9/4/2022 12:00:00 AM,2,0,0,36.128700,-86.841770,HARDING PKE,,,,634.00,Feet,West,BRIXWORTH LN,,,,0.00,N,Not at Intersection,N,Non-Junction,None,,,         ,Blake,Langford,Clear,Front to Rear,no,no,no,no,no,False
103407772,METROPOLITAN NASHVILLE POLICE DEPT,20220442938,Davidson,Not in City Limit,9/4/2022 8:43:00 PM,2,0,0,36.262130,-86.712230,GALLATIN PKES,,,,29.00,Feet,South,E OLD HICKORY BLVD,,,,0.00,N,Not at Intersection,N,Non-Junction,None,,,         ,YUNUS,ADAK,Clear,Front to Rear,no,no,no,no,no,False
103407809,METROPOLITAN NASHVILLE POLICE DEPT,20220442881,Davidson,Nashville,9/4/2022 8:43:00 PM,2,0,0,36.170110,-86.601270,OLD HICKORY BLVD,,,,220.00,Feet,North,I40 W EXT RAMP,,,,0.00,N,Not at Intersection,N,Non-Junction,None,,,         ,Zacarias,Brito Jr.,Clear,HeadOn,no,no,no,no,no,False
103407824,METROPOLITAN NASHVILLE POLICE DEPT,20220442887,Davidson,Nashville,9/4/2022 8:47:00 PM,2,1,0,36.168340,-86.770620,S 2ND ST,,,,0.00,Feet,,RUSSELL ST,,,,0.00,Y,T-Intersection,N,Intersection,None,,,         ,Zachary,Triano,Clear,Angle,no,no,no,no,no,False
103407830,METROPOLITAN NASHVILLE POLICE DEPT,20220441452,Davidson,Nashville,9/3/2022 5:33:00 PM,2,1,0,36.065900,-86.680630,ANTIOCH PKE,,,,200.00,Feet,West,MILL CREEK BLUE HOLE GRNWY,,,,0.00,N,Not at Intersection,N,Non-Junction,None,,,         ,Michael,Hones,Rain,Front to Rear,no,no,no,no,no,False
103407833,METROPOLITAN NASHVILLE POLICE DEPT,20220442793,Davidson,Nashville,9/4/2022 12:00:00 AM,2,1,0,36.149010,-86.863560,CHARLOTTE PKE,,,,426.00,Feet,South,LELLYETT ST,,,,0.00,N,Not at Intersection,N,Non-Junction,None,,,         ,Blake,Langford,Clear,Angle,no,no,no,no,no,False
103407842,METROPOLITAN NASHVILLE POLICE DEPT,20220443069,Davidson,Nashville,9/4/2022 9:30:00 PM,2,0,0,36.218690,-86.792820,DYNE CT,,,,163.00,Feet,North,COMBS DR,,,,0.00,N,Not at Intersection, ,Non-Junction,None,,,         ,Nathan,Sizemore,Clear,Angle,no,no,no,no,no,False
103407855,METROPOLITAN NASHVILLE POLICE DEPT,20220443070,Davidson,Nashville,9/4/2022 10:15:00 PM,2,0,0,36.124330,-86.696760,VULTEE BLVD,,,,126.00,Feet,West,BRILEY PKWY,,,,0.00,N,Not at Intersection,N,Non-Junction,None,,,         ,Sean,Fitzmaurice,Clear,Angle,no,no,no,no,yes,False
103407860,METROPOLITAN NASHVILLE POLICE DEPT,20220442770,Davidson,Nashville,9/4/2022 5:44:00 PM,2,0,0,36.126830,-86.708600,THOMPSON PL,,,,0.00,,,,,,,0.00,,,N,Non-Junction,None,,,         ,Robert,Marquez,Clear,"Sideswipe, Same Direction",no,no,no,yes,yes,False
103407861,METROPOLITAN NASHVILLE POLICE DEPT,20220443030,Davidson,Nashville,9/4/2022 10:21:00 PM,3,0,0,36.053270,-86.660040,HICKORY HOLLOW PL,,,,516.00,Feet,South,HICKORY HOLLOW MALL PVTDR PL,,,,0.00,N,Not at Intersection,N,Non-Junction,None,,,         ,Parker,Vegas,Clear,Angle,no,no,no,yes,no,False
103407865,METROPOLITAN NASHVILLE POLICE DEPT,20220443143,Davidson,Nashville,9/4/2022 12:00:00 AM,2,1,0,36.253140,-86.697230,NEELYS BEND RD,,,,218.00,Feet,West,HILLCREST DR,,,,0.00,N,Not at Intersection,N,Non-Junction,None,,,         ,Zachary,Smith,Clear,Angle,no,no,no,no,no,False
103407872,METROPOLITAN NASHVILLE POLICE DEPT,20220442009,Davidson,Nashville,9/4/2022 1:50:00 AM,2,1,0,36.153900,-86.758160,I 40,,,,0.00,,,,,,,211.10,N,Not at Intersection,N,Non-Junction,None,,,         ,Connor,Hosey,Cloudy,Not Collision with Motor Vehicle in Transport,no,no,no,no,no,False
103407873,METROPOLITAN NASHVILLE POLICE DEPT,20220442090,Davidson,Nashville,9/4/2022 12:00:00 AM,2,1,0,36.154360,-86.759740,I 40,,,,0.00,,,,,,,211.00,N,Not at Intersection,N,Non-Junction,None,,,         ,Connor,Hosey,Cloudy,Front to Rear,no,no,no,no,no,False
103407874,METROPOLITAN NASHVILLE POLICE DEPT,20220442929,Davidson,Nashville,9/4/2022 12:00:00 AM,2,0,0,36.150580,-86.694460,ELM HILL PKE,,,,556.00,Feet,West,SANBORN DR,,,,0.00,N,Not at Intersection, ,Non-Junction,None,,,         ,Connor,Hosey,Cloudy,Angle,no,no,no,no,no,False
103407875,METROPOLITAN NASHVILLE POLICE DEPT,20220443186,Davidson,Nashville,9/4/2022 11:50:00 PM,2,2,0,36.148030,-86.663900,PATRIOT WAY,,,,3.00,Feet,North,ELM HILL PKE,,,,0.00,N,Not at Intersection,N,Non-Junction,None,,,         ,Connor,Hosey,Clear,Angle,no,no,no,no,no,False
103407879,METROPOLITAN NASHVILLE POLICE DEPT,20220443074,Davidson,Nashville,9/4/2022 10:40:00 PM,2,0,0,36.142010,-86.652920,I 40,,,,0.00,,,,,,,217.40,N,Not at Intersection,Y,Non-Junction,None,,,         ,Samuel,Fredericks,Clear,Front to Rear,no,no,no,no,yes,False
103407895,METROPOLITAN NASHVILLE POLICE DEPT,20220443342,Davidson,Nashville,9/5/2022 2:04:00 AM,2,2,0,36.154080,-86.838710,BRILEY PKWY N ENT RAMP,,,,0.00,Feet,East,I 40,,,,0.00,N,Not at Intersection,N,Non-Junction,None,,,         ,Nicholas,Smith,Clear,Front to Rear,no,no,no,no,yes,False
103407925,METROPOLITAN NASHVILLE POLICE DEPT,20220443390,Davidson,Nashville,9/5/2022 3:05:00 AM,1,0,0,36.147160,-86.744720,I40 E EXT RAMP,,,,0.00,Feet,East,I 40,,,,0.00,N,Not at Intersection,N,Entrance/Exit Ramp Related,None,,,         ,Richard,Luellen,Clear,Not Collision with Motor Vehicle in Transport,no,no,no,no,yes,False
103407973,METROPOLITAN NASHVILLE POLICE DEPT,20220443381,Davidson,Nashville,9/5/2022 2:20:00 AM,1,0,0,36.176750,-86.799890,ARTHUR AV,,,,0.00,,,,,,,0.00,,,N,Non-Junction,None,,,         ,Brian,DeMarce,Clear,Not Collision with Motor Vehicle in Transport,no,no,no,no,yes,False
103407999,METROPOLITAN NASHVILLE POLICE DEPT,20220441839,Davidson,Nashville,9/5/2022 12:20:00 AM,2,0,0,36.153060,-86.764850,I 40,,,,0.00,,,,,,,210.65,N,Not at Intersection, ,,None,,,         ,Alexander,Perry,,,no,no,no,no,no,False
103408008,METROPOLITAN NASHVILLE POLICE DEPT,20220443454,Davidson,Nashville,9/5/2022 12:00:00 AM,4,0,0,36.128230,-86.816820,SHARONDALE DR,,,,72.00,Feet,North,ELMINGTON AV,,,,0.00,N,Not at Intersection, ,OtherLocation,None,,,         ,Jayla,Johnson,Clear,Unknown,no,no,no,yes,yes,False
103408014,METROPOLITAN NASHVILLE POLICE DEPT,20220443514,Davidson,Nashville,9/5/2022 6:45:00 AM,2,1,0,36.193660,-86.831220,CLARKSVILLE PKE,,,,0.00,,,BUENA VISTA PKE,,,,0.00,Y,Four-Way,N,Intersection,None,,,         ,Anthony,Butler,Clear,Front to Rear,no,no,no,no,no,False
103408016,METROPOLITAN NASHVILLE POLICE DEPT,20220443507,Davidson,Nashville,9/5/2022 12:00:00 AM,1,0,0,36.116740,-86.839050,WOODMONT BLVD,,,,163.00,Feet,East,WOODMONT LN,,,,0.00,N,Not at Intersection,N,Non-Junction,None,,,         ,Douglas,Atwood,Cloudy,Not Collision with Motor Vehicle in Transport,no,no,no,no,yes,False
103408020,METROPOLITAN NASHVILLE POLICE DEPT,20220443437,Davidson,Nashville,9/4/2022 8:40:00 PM,2,0,0,36.065070,-86.685810,APACHE TRL,,,,0.00,,,PACKARD DR,,,,0.00,Y,T-Intersection,Y,Intersection-Related,None,,,         ,Phillip,Lovell,Clear,Angle,no,no,no,no,yes,False
103408025,METROPOLITAN NASHVILLE POLICE DEPT,20220440775,Davidson,Nashville,9/3/2022 5:14:00 AM,4,0,0,36.165500,-86.760480,SUMMER PL,,,,168.00,Feet,East,S 5TH ST,,,,0.00,N,Not at Intersection, ,Non-Junction,None,,,         ,Jordan,Knight,Rain,Unknown,no,no,no,no,yes,False
103408031,METROPOLITAN NASHVILLE POLICE DEPT,20220443603,Davidson,Not in City Limit,9/5/2022 8:17:00 AM,2,1,0,36.266900,-86.710910,DUPONT AV,,,,0.00,,,GALLATIN PKEN,,,,0.00,Y,Four-Way,N,Intersection,None,,,         ,Christopher,Littles,Cloudy,Angle,no,no,no,no,no,False
103408058,METROPOLITAN NASHVILLE POLICE DEPT,20220442473,Davidson,Nashville,9/1/2022 12:00:00 AM,2,0,0,36.142390,-86.824010,WRENWOOD DR,,,,84.00,Feet,West,PARK CIR,,,,0.00,N,Not at Intersection,N,Non-Junction,None,,,         ,Stacia,Getz,Unknown,Unknown,no,no,no,no,yes,False
103408059,METROPOLITAN NASHVILLE POLICE DEPT,20220443489,Davidson,Nashville,9/5/2022 5:28:00 AM,2,1,0,36.156310,-86.854320,DELRAY DR,,,,179.00,Feet,South,RICHLAND CREEK ENGLAND PARK GR,,,,0.00,N,Not at Intersection,N,Non-Junction,None,,,         ,Stacia,Getz,Cloudy,Front to Rear,no,no,no,no,no,False
103408061,METROPOLITAN NASHVILLE POLICE DEPT,20220443613,Davidson,Nashville,9/5/2022 8:06:00 AM,1,0,0,36.236960,-86.791240,BRILEY PKWYE,,,,213.00,Feet,West,I24 E ENT RAMP,,,,0.00,N,Not at Intersection,N,Non-Junction,None,,,         ,Ryan,Worstall,Unknown,Not Collision with Motor Vehicle in Transport,no,no,no,no,yes,False
103408126,METROPOLITAN NASHVILLE POLICE DEPT,20220443773,Davidson,Nashville,9/5/2022 11:05:00 AM,1,1,0,36.171860,-86.768320,I 24,,,,0.00,,,,,,,48.30,N,Not at Intersection,N,Non-Junction,None,,,         ,Jarret,Sonnenberg,Clear,Not Collision with Motor Vehicle in Transport,no,no,no,no,no,False
103408149,METROPOLITAN NASHVILLE POLICE DEPT,20220443729,Davidson,Nashville,9/5/2022 12:00:00 AM,2,0,0,36.071300,-86.636390,BELL RD,,,,217.00,Feet,South,MURFREESBORO PKE,,,,0.00,N,Not at Intersection,N,Non-Junction,None,,,         ,Zera,Ntahonirukiye,Clear,Front to Rear,no,no,no,no,no,False
103408175,THP District 3 - Nashville,322072561,Davidson,Nashville,9/3/2022 6:00:00 AM,2,0,0,36.037480,-86.646050,I 24,,,,0.00,,,,,,,60.30,N,Not at Intersection,N,Non-Junction,None,,,         ,Jason,Murray,Clear,Angle,no,no,no,no,yes,False
103408176,THP District 3 - Nashville,322072628,Davidson,Nashville,9/3/2022 1:25:00 PM,2,0,0,36.252490,-86.829930,LLOYD RD,,,,7.00,Feet,West,WHITES CREEK PKE,,,,0.00,N,Not at Intersection, ,Non-Junction,None,,,         ,Jason,Murray,Clear,Angle,no,no,no,no,no,False
103408177,THP District 3 - Nashville,322072660,Davidson,Nashville,9/3/2022 3:52:00 PM,2,0,0,36.125600,-86.904750,I 40,,,,0.00,,,,,,,200.60,N,Not at Intersection,N,Non-Junction,None,,,         ,Jason,Murray,Clear,"Sideswipe, Same Direction",no,no,no,no,no,False
103408190,METROPOLITAN NASHVILLE POLICE DEPT,20220443883,Davidson,Nashville,9/5/2022 12:22:00 PM,2,0,0,36.134290,-86.774730,I65 N ENT RAMP,,,,0.00,Feet,,I 65,,,,0.00,Y,Four-Way,Y,Intersection,None,,,         ,Jarret,Sonnenberg,Clear,Front to Rear,no,no,no,no,yes,False
103408194,METROPOLITAN NASHVILLE POLICE DEPT,20220443576,Davidson,Nashville,9/5/2022 7:53:00 AM,2,4,0,36.151800,-86.771250,LAFAYETTE ST,,,,0.00,Feet,,4TH AVS,,,,0.00,Y,Four-Way,Y,Intersection-Related,None,,,         ,Rachael,Robinson,Cloudy,Angle,no,no,no,no,no,False
103408259,METROPOLITAN NASHVILLE POLICE DEPT,20220443862,Davidson,Nashville,9/5/2022 11:30:00 AM,2,0,0,36.159080,-86.664590,DONELSON PKE,,,,3.00,Feet,North,MCCAMPBELL AV,,,,0.00,N,Not at Intersection,N,Non-Junction,None,,,         ,Tyler,Hall,Clear,Front to Rear,no,no,no,no,no,False
103408372,METROPOLITAN NASHVILLE POLICE DEPT,20220443900,Davidson,Not in City Limit,9/5/2022 12:39:00 PM,2,0,0,36.051870,-86.952230,OLD HARDING PKE,,,,7.00,Feet,North,SOUTH COLONY DR,,,,0.00,N,Not at Intersection, ,Non-Junction,None,,,         ,Robert,Allen,Clear,Front to Rear,no,no,no,no,no,False
103408462,METROPOLITAN NASHVILLE POLICE DEPT,20220443976,Davidson,Nashville,9/5/2022 2:18:00 PM,2,0,0,36.076940,-86.725920,EDMONDSON PKE,,,,119.00,Feet,West,WALLACE RD,,,,0.00,N,Not at Intersection, ,Non-Junction,None,,,         ,Travis,Pemberton,Cloudy,Angle,no,no,no,yes,yes,False
103408465,METROPOLITAN NASHVILLE POLICE DEPT,20220443935,Davidson,Not in City Limit,9/5/2022 1:46:00 PM,2,0,0,36.264280,-86.711490,GALLATIN PKEN,,,,0.00,,,OLD TIME VILLAGE PVTDR,,,,0.00,Y,T-Intersection, ,Intersection,None,,,         ,Christopher,Littles,Cloudy,"Sideswipe, Same Direction",no,no,no,no,no,False
103408466,METROPOLITAN NASHVILLE POLICE DEPT,20220443988,Davidson,Not in City Limit,9/5/2022 2:37:00 PM,2,1,0,36.259190,-86.682780,WARRIOR RD,,,,85.00,Feet,East,MALLOW DR,,,,0.00,N,Not at Intersection,N,Non-Junction,None,,,         ,Christopher,Littles,Cloudy,"Sideswipe, Opposite Direction",no,no,no,no,no,False
103408557,METROPOLITAN NASHVILLE POLICE DEPT,20220444015,Davidson,Nashville,9/5/2022 1:30:00 PM,2,0,0,36.132800,-86.726870,I24E,,,,914.00,Feet,North,I24 W EXT RAMP,,,,0.00,N,Not at Intersection, ,Non-Junction,None,,,         ,Todd,Watson,Clear,Front to Rear,no,no,no,no,no,False
103408570,METROPOLITAN NASHVILLE POLICE DEPT,20220444023,Davidson,Nashville,9/5/2022 3:00:00 PM,2,0,0,36.043480,-86.692520,BELL RD,,,,286.00,Feet,East,BROOK VIEW ESTATES DR,,,,0.00,N,Not at Intersection,N,Non-Junction,None,,,         ,Brian,Sherman,Cloudy,Front to Rear,no,no,no,no,no,False
103408642,METROPOLITAN NASHVILLE POLICE DEPT,20220444039,Davidson,Nashville,9/5/2022 3:10:00 PM,1,1,0,36.171670,-86.802600,I65 N ENT RAMP,,,,0.00,Feet,East,I 40,,,,0.00,N,Not at Intersection,N,Non-Junction,None,,,         ,Hendrik,Kruger,Clear,Not Collision with Motor Vehicle in Transport,no,no,no,no,no,False
103408697,METROPOLITAN NASHVILLE POLICE DEPT,20220442059,Davidson,Nashville,9/4/2022 2:32:00 AM,2,1,0,36.126700,-86.711090,MURFREESBORO PKE,,,,0.00,,,THOMPSON PL,,,,0.00,Y,T-Intersection,Y,Intersection-Related,None,,,         ,Craig,Amabile,Clear,Angle,no,no,no,no,no,False
103408698,METROPOLITAN NASHVILLE POLICE DEPT,20220444180,Davidson,Nashville,9/5/2022 5:14:00 PM,2,1,0,36.081000,-86.696800,I 24,,,,0.00,,,,,,,56.10,N,Not at Intersection,N,Non-Junction,None,,,         ,Andre,Williams,Rain,Angle,no,no,no,no,no,False
103408705,METROPOLITAN NASHVILLE POLICE DEPT,20220444262,Davidson,Nashville,9/5/2022 6:49:00 PM,2,1,0,36.213130,-86.696810,OPRYLAND DR,,,,0.00,Feet,East,AUTOMATED COLLECTION SERVICES,,,,0.00,N,Not at Intersection,N,Non-Junction,None,,,         ,Charis,Holland,Clear,Angle,no,no,no,yes,no,False
103408706,METROPOLITAN NASHVILLE POLICE DEPT,20220444293,Davidson,Goodlettsville,9/5/2022 6:53:00 PM,2,0,0,36.298940,-86.700180,RIVERGATE PKWY,,,,0.00,,,GLANCY ST,,,,0.00,Y,Four-Way,N,Non-Junction,None,,,         ,Joseph,Santana,Clear,Angle,no,no,no,no,no,False
103408716,METROPOLITAN NASHVILLE POLICE DEPT,20220444300,Davidson,Nashville,9/5/2022 7:37:00 PM,2,1,0,36.045370,-86.713260,OLD HICKORY BLVD,,,,0.00,Feet,,NOLENSVILLE PKE,,,,0.00,Y,Four-Way,Y,Intersection,None,,,         ,Laura,Williams,Clear,Angle,no,no,no,no,no,False
103408740,METROPOLITAN NASHVILLE POLICE DEPT,20220444362,Davidson,Nashville,9/5/2022 8:13:00 PM,2,0,0,36.039710,-86.762790,OLD HICKORY BLVD,,,,0.00,,,HEARTHSTONE LN,,,,0.00,Y,Four-Way,N,Intersection,None,,,         ,Steven,Powers,Clear,Not Collision with Motor Vehicle in Transport,no,no,no,no,yes,False
103408839,METROPOLITAN NASHVILLE POLICE DEPT,20220444233,Davidson,Nashville,9/5/2022 6:10:00 PM,3,2,0,36.052830,-86.674560,TUSCULUM RD,,,,30.00,Feet,East,BLUE LAKE CIR,,,,0.00,N,Not at Intersection,N,Non-Junction,None,,,         ,Steven,Bowler,Cloudy,Front to Rear,no,no,no,no,no,False
103408860,METROPOLITAN NASHVILLE POLICE DEPT,20220444291,Davidson,Nashville,9/5/2022 6:00:00 PM,2,0,0,36.233510,-86.747130,ELLINGTON PKWYS,,,,274.00,Feet,North,ELLINGTON PKWYN,,,,0.00,N,Not at Intersection,N,Non-Junction,None,,,         ,Chad,Connors,Clear,"Sideswipe, Same Direction",no,no,no,no,yes,False
103408861,METROPOLITAN NASHVILLE POLICE DEPT,20220444388,Davidson,Nashville,9/5/2022 9:05:00 PM,2,2,0,36.137860,-86.803110,BLAKEMORE AV,,,,0.00,,,23RD AVS,,,,0.00,Y,T-Intersection,N,Intersection,None,,,         ,Garrett,Latham,Clear,Angle,no,no,no,no,no,Campus
103408868,METROPOLITAN NASHVILLE POLICE DEPT,20220444527,Davidson,Nashville,9/5/2022 10:19:00 PM,1,1,0,36.125290,-86.752330,NOLENSVILLE PKE,,,,118.00,Feet,North,ROSEDALE AV,,,,0.00,N,Not at Intersection,N,Non-Junction,None,,,         ,Laura,Williams,Clear,Not Collision with Motor Vehicle in Transport,yes,no,no,no,yes,False
103408881,METROPOLITAN NASHVILLE POLICE DEPT,20220444187,Davidson,Nashville,9/5/2022 5:24:00 PM,2,3,0,36.141140,-86.717950,I40 W EXT RAMP,,,,0.00,Feet,East,I 40,,,,0.00,N,Not at Intersection,N,Non-Junction,None,,,         ,Nicholas,Carroll,Rain,Front to Rear,no,no,no,no,no,False
103408887,METROPOLITAN NASHVILLE POLICE DEPT,20220444514,Davidson,Nashville,9/5/2022 10:11:00 PM,2,1,0,36.102790,-86.665780,MURFREESBORO PKE,,,,162.00,Feet,East,TOWN PARK DR,,,,0.00,N,Not at Intersection,N,Non-Junction,None,,,         ,Michael,Overberg,,"Sideswipe, Same Direction",no,no,no,no,no,False
103408890,METROPOLITAN NASHVILLE POLICE DEPT,20220444390,Davidson,Nashville,9/5/2022 8:00:00 AM,2,1,0,36.045370,-86.713260,OLD HICKORY BLVD,,,,0.00,,,NOLENSVILLE PKE,,,,0.00,Y,Four-Way,Y,Intersection,None,,,         ,Michael,Raash,Clear,Angle,no,no,no,no,no,False
103408900,METROPOLITAN NASHVILLE POLICE DEPT,20220444474,Davidson,Nashville,9/5/2022 9:49:00 PM,2,0,0,36.067730,-86.631600,MURFREESBORO PKE,,,,155.00,Feet,North,FOREST VIEW DR,,,,0.00,N,Not at Intersection,N,Non-Junction,None,,,         ,William,Williams,Clear,Angle,no,no,no,no,yes,False
103408901,METROPOLITAN NASHVILLE POLICE DEPT,20220444546,Davidson,Nashville,9/5/2022 10:31:00 PM,2,0,0,36.167600,-86.762220,S 5TH ST,,,,0.00,Feet,West,SHELBY AV,,,,0.00,N,Not at Intersection,N,Non-Junction,None,,,         ,Spencer,Arroyo,Clear,Front to Rear,no,no,no,no,no,False
103408902,METROPOLITAN NASHVILLE POLICE DEPT,20220444386,Davidson,Nashville,9/5/2022 9:13:00 PM,2,1,0,36.068230,-86.719050,HAYWOOD LN,,,,20.00,Feet,East,NOLENSVILLE PKE,,,,0.00,N,Not at Intersection,N,Non-Junction,None,,,         ,Andre,Williams,Clear,HeadOn,no,no,no,no,no,False
103408915,METROPOLITAN NASHVILLE POLICE DEPT,20220444642,Davidson,Nashville,9/5/2022 11:40:00 PM,1,0,0,36.250090,-86.757170,DICKERSON PKE,,,,158.00,Feet,North,OLD DUE WEST AV,,,,0.00,N,Not at Intersection,N,Non-Junction,None,,,         ,Jonathon,Sheppard,Clear,Not Collision with Motor Vehicle in Transport,no,no,no,no,yes,False
103408917,METROPOLITAN NASHVILLE POLICE DEPT,20220444333,Davidson,Nashville,9/5/2022 8:00:00 PM,1,1,0,36.149260,-86.875750,AMERICAN RD,,,,260.00,Feet,East,THUNDERBIRD DR,,,,0.00,N,Not at Intersection,N,Non-Junction,None,,,         ,Ryan,Thomas,Clear,Not Collision with Motor Vehicle in Transport,no,no,no,no,no,False
103408930,Nashville Airport Police,2022-3723,Davidson,Nashville,9/1/2022 12:00:00 AM,2,1,0,36.137170,-86.664870,SATELLITE WAY,,,,0.00,,,DONELSON PKE,,,,0.00,Y,Y-Intersection,N,Non-Junction,None,,,         ,Ahscari,Valencia,Clear,Angle,no,no,no,no,no,False
103408951,METROPOLITAN NASHVILLE POLICE DEPT,20220444532,Davidson,Nashville,9/5/2022 10:09:00 PM,1,2,0,36.214760,-86.867220,CATO RD,,,,778.00,Feet,West,BRILEY PKWY N ENT RAMP,,,,0.00,N,Not at Intersection,N,Non-Junction,None,,,         ,Scott,St. John,Clear,Not Collision with Motor Vehicle in Transport,no,no,no,no,no,False
103408953,METROPOLITAN NASHVILLE POLICE DEPT,20220444541,Davidson,Nashville,9/5/2022 10:20:00 PM,2,1,0,36.128170,-86.713020,MURFREESBORO PKE,,,,0.00,,,PHILFRE CT,,,,0.00,Y,T-Intersection,N,Intersection,None,,,         ,Sean,Fitzmaurice,Clear,Angle,no,no,no,no,no,False
103408955,METROPOLITAN NASHVILLE POLICE DEPT,20220444732,Davidson,Nashville,9/6/2022 12:00:00 AM,2,0,0,36.059070,-86.716220,TUSCULUM RD,,,,0.00,Feet,West,NOLENSVILLE PKE,,,,0.00,N,Not at Intersection,N,SharedUsePathOrTrail,None,,,         ,Jack,Burke,,Angle,no,no,no,no,no,False
103408973,METROPOLITAN NASHVILLE POLICE DEPT,20220444512,Davidson,Nashville,9/5/2022 12:00:00 AM,1,0,0,36.221850,-86.851540,DRAKES BRANCH RD,,,,129.00,Feet,North,JUDD DR,,,,0.00,N,Not at Intersection, ,Non-Junction,None,,,         ,Scott,St. John,Clear,Not Collision with Motor Vehicle in Transport,no,no,no,no,yes,False
103408975,METROPOLITAN NASHVILLE POLICE DEPT,20220444847,Davidson,Nashville,9/5/2022 7:47:00 PM,2,0,0,36.087660,-86.714910,TAMPA DR,,,,3.00,Feet,South,PARAGON MILLS RD,,,,0.00,N,Not at Intersection,N,Non-Junction,None,,,         ,Michael,Overberg,,"Sideswipe, Same Direction",no,no,no,no,yes,False
103408981,METROPOLITAN NASHVILLE POLICE DEPT,20220444836,Davidson,Nashville,9/6/2022 12:00:00 AM,2,0,0,36.156140,-86.806280,CHARLOTTE AV,,,,132.00,Feet,South,21ST AVN,,,,0.00,N,Not at Intersection,N,Non-Junction,None,,,         ,Jack,Pfeiffer,Clear,Angle,no,no,no,no,no,False
103408982,METROPOLITAN NASHVILLE POLICE DEPT,20220444875,Davidson,Nashville,9/6/2022 4:13:00 AM,1,0,0,36.095600,-86.636180,SMITH SPRINGS RD,,,,333.00,Feet,North,SMITH SPRINGS CT,,,,0.00,N,Not at Intersection,N,Non-Junction,None,,,         ,Bridget,Griepentrog,Clear,Not Collision with Motor Vehicle in Transport,no,no,no,no,yes,False
103408991,METROPOLITAN NASHVILLE POLICE DEPT,20220444831,Davidson,Nashville,9/6/2022 3:03:00 AM,2,2,0,36.014050,-86.620340,I 24,,,,0.00,,,,,,,62.55,N,Not at Intersection,N,Non-Junction,None,,,         ,Kurt,Lewton,,Front to Rear,no,no,no,no,no,False
103409023,THP District 3 - Nashville,322072200,Davidson,Nashville,9/2/2022 10:29:00 AM,2,0,0,35.991200,-86.683490,NOLENSVILLE RD,,,,0.00,Feet,,BURKITT RD,,,,0.00,Y,T-Intersection, ,Intersection,None,,,         ,Keith,Velez,Clear,Front to Rear,no,no,no,no,no,False
103409029,METROPOLITAN NASHVILLE POLICE DEPT,20220444528,Davidson,Nashville,9/5/2022 8:00:00 PM,2,0,0,36.149740,-86.848420,ELKINS AV,,,,0.00,,,51ST AVN,,,,0.00,Y,Four-Way, ,Intersection,None,,,         ,Justin,McCormick,,Angle,no,no,no,no,no,False
103409037,METROPOLITAN NASHVILLE POLICE DEPT,20220427053,Davidson,Nashville,8/27/2022 1:50:00 AM,1,1,0,36.154270,-86.792890,BROADWAY,,,,0.00,,,16TH AVS,,,,0.00,Y,Four-Way,N,Intersection,None,,,         ,Donald,Davidson,Clear,Not Collision with Motor Vehicle in Transport,yes,no,no,no,no,False
103409081,METROPOLITAN NASHVILLE POLICE DEPT,20220445046,Davidson,Nashville,9/6/2022 6:44:00 AM,3,0,0,36.153800,-86.818940,CHARLOTTE AV,,,,250.00,Feet,West,28TH AVN,,,,0.00,N,Not at Intersection,N,Non-Junction,None,,,         ,Earl,Davis,Clear,Front to Rear,no,no,no,no,no,False
103409108,THP District 3 - Nashville,322069948,Davidson,Nashville,8/26/2022 8:15:00 AM,2,0,0,36.181320,-86.642230,LEBANON PKE,,,,260.00,Feet,West,POLO PARK APT PVTDR,,,,0.00,N,Not at Intersection, ,,None,,,         ,Christopher,Ware,,,no,no,no,no,no,False
103409124,METROPOLITAN NASHVILLE POLICE DEPT,20220445176,Davidson,Nashville,9/6/2022 8:07:00 AM,2,1,0,36.150430,-86.771660,I40 W ENT RAMP,,,,0.00,Feet,East,I 40,,,,0.00,N,Not at Intersection,N,Non-Junction,None,,,         ,Cory,Fetner,Clear,Front to Rear,no,no,no,no,no,False
103409145,METROPOLITAN NASHVILLE POLICE DEPT,20220445203,Davidson,Nashville,9/6/2022 8:15:00 AM,2,0,0,36.086930,-86.693510,HARDING PL,,,,424.00,Feet,West,ANTIOCH PKE,,,,0.00,N,Not at Intersection, ,,None,,,         ,Zachary,Wilbanks,,,no,no,no,no,no,False