master_record_number,agency,agency_tracking_number,county,city,collision_date,vehicles_involved,number_injured,number_dead,latitude,longitude,roadway_name,roadway_suffix,roadway_number,roadway_local_id,distance_from_reference,miles-feet_indicator,direction_from_reference,intersection_road_name,intersection_road_name_suffix,intersection_road_number,intersection_local_id,mile_marker,intersection_indicator,intersect_type,interchange_related_indicator,relation_to_junction,work_zone_type,construction_maintenance_zone,construction_maintenance_zone_location,fatal_case_number,officer_first_name,officer_last_name,weather_condition(s),manner_of_crash,pedestrian,bicycle,scooter,parking,hitrun,mou
103414389,METROPOLITAN NASHVILLE POLICE DEPT,20020455380,Davidson,Not in City Limit,9/11/2022 12:00:00 AM,1,1,0,36.261730,-86.712370,GALLATIN PKES,,,,267.00,Feet,South,E OLD HICKORY BLVD,,,,0.00,N,Not at Intersection,N,Non-Junction,None,,,         ,James,Kidd,Cloudy,Not Collision with Motor Vehicle in Transport,no,no,no,yes,no,False
103414392,METROPOLITAN NASHVILLE POLICE DEPT,20220455212,Davidson,Nashville,9/11/2022 3:01:00 PM,5,3,0,36.109150,-86.680110,MURFREESBORO PIKE,PIKE,SR0,,0.00,Feet,,NO NAME,ST,,,0.00,Y,T-Intersection,N,Intersection-Related,None,,,         ,Robert,Marquez,Clear,Front to Rear,no,no,no,no,yes,False
103414395,METROPOLITAN NASHVILLE POLICE DEPT,20220455054,Davidson,Nashville,9/11/2022 11:04:00 AM,3,0,0,36.139350,-86.819100,ORLEANS DR,,,,0.00,Feet,North,WEST END AV,,,,0.00,N,Not at Intersection,N,Non-Junction,None,,,         ,Cecelia,Brown,Clear,Angle,no,no,no,no,no,False
103414409,METROPOLITAN NASHVILLE POLICE DEPT,20220455496,Davidson,Nashville,9/11/2022 6:34:00 PM,2,0,0,36.176930,-86.774970,SPRING ST,,,,116.00,Feet,West,N 1ST ST,,,,0.00,N,Not at Intersection, ,,None,,,         ,Shane,Byrnes,,,no,no,no,no,no,False
103414410,METROPOLITAN NASHVILLE POLICE DEPT,20220455268,Davidson,Nashville,9/11/2022 3:41:00 PM,2,0,0,36.110960,-86.745820,THOMPSON LN,,,,25.00,Feet,East,ELIZABETH ST,,,,0.00,N,Not at Intersection,N,Non-Junction,None,,,         ,David,Harms,Cloudy,Angle,no,no,no,no,no,False
103414411,Nashville Airport Police,2022-03850,Davidson,Nashville,9/11/2022 6:00:00 PM,1,1,0,36.132890,-86.665230,TERMINAL DR,,,,515.00,Feet,South,BNA DR,,,,0.00,N,Not at Intersection,N,Non-Junction,None,,,         ,Megan,Vetter,Cloudy,Not Collision with Motor Vehicle in Transport,yes,no,no,yes,no,False
103414448,METROPOLITAN NASHVILLE POLICE DEPT,20220455467,Davidson,Nashville,9/11/2022 7:13:00 PM,2,1,0,36.159480,-86.760040,I 24,,,,0.00,,,,,,,49.65,N,Not at Intersection,N,Non-Junction,None,,,         ,Joao,Pinho,Cloudy,Front to Rear,no,no,no,no,no,False
103414449,METROPOLITAN NASHVILLE POLICE DEPT,20220455394,Davidson,Nashville,9/11/2022 12:00:00 AM,2,0,0,36.189610,-86.738610,CHAPEL AV,,,,0.00,Feet,,GREENWOOD AV,,,,0.00,Y,Four-Way,N,Intersection,None,,,         ,McKenzie,Harper,Cloudy,Other,no,no,no,no,no,False
103414450,METROPOLITAN NASHVILLE POLICE DEPT,20220455490,Davidson,Nashville,9/11/2022 7:36:00 PM,2,0,0,36.159480,-86.760040,I 24,,,,0.00,,,,,,,49.65,N,Not at Intersection,N,Non-Junction,None,,,         ,Joseph,Gonzales,Cloudy,"Sideswipe, Same Direction",no,no,no,no,yes,False
103414451,METROPOLITAN NASHVILLE POLICE DEPT,20220455520,Davidson,Nashville,9/11/2022 7:55:00 PM,2,2,0,36.237560,-86.757880,DICKERSON PKE,,,,0.00,,,I65 N ENT RAMP,,,,0.00,Y,Y-Intersection,N,Entrance/Exit Ramp Related,None,,,         ,Justen,Ogle,Rain,Angle,no,no,no,no,no,False
103414505,METROPOLITAN NASHVILLE POLICE DEPT,20220455632,Davidson,Nashville,9/11/2022 12:00:00 AM,1,0,0,36.232410,-86.826110,BRILEY PKWYW,,,,269.00,Feet,West,BRILEY PKWYE,,,,0.00,N,Not at Intersection,N,Non-Junction,None,,,         ,Nathan,Sizemore,Unknown,Not Collision with Motor Vehicle in Transport,no,no,no,no,yes,False
103414519,METROPOLITAN NASHVILLE POLICE DEPT,20220455633,Davidson,Nashville,9/11/2022 12:00:00 AM,2,0,0,36.086910,-86.648680,MURFREESBORO PKE,,,,0.00,,,NASHBORO BLVD,,,,0.00,Y,Four-Way, ,Intersection,None,,,         ,Michael,Raash,Cloudy,Angle,no,no,no,no,no,False
103414523,METROPOLITAN NASHVILLE POLICE DEPT,20220455256,Davidson,Nashville,9/11/2022 3:17:00 PM,2,0,0,36.126080,-86.712220,EAST THOMPSON LN,,,,401.00,Feet,West,THOMPSON PL,,,,0.00,N,Not at Intersection,N,Non-Junction,None,,,         ,Sean,McConnell,Clear,Front to Rear,no,no,no,no,no,False
103414540,METROPOLITAN NASHVILLE POLICE DEPT,20220455492,Davidson,Nashville,9/11/2022 7:20:00 PM,2,0,0,36.159480,-86.760040,I 24,,,,0.00,,,,,,,49.65,N,Not at Intersection, ,Non-Junction,None,,,         ,Joao,Pinho,Cloudy,Front to Rear,no,no,no,no,no,False
103414542,METROPOLITAN NASHVILLE POLICE DEPT,20220455209,Davidson,Antioch,9/11/2022 2:05:00 PM,2,1,0,36.030670,-86.588820,LAVERGNE COUCHVILLE PKE,,,,93.00,Feet,North,HICKORY WAY,,,,0.00,N,Not at Intersection,N,Non-Junction,None,,,         ,Michael,Hones,Clear,Angle,no,no,no,no,no,False
103414543,METROPOLITAN NASHVILLE POLICE DEPT,20220454330,Davidson,Nashville,9/10/2022 10:46:00 PM,2,0,0,36.053370,-86.690640,OLD TUSCULUM RD,,,,15.00,Feet,West,TUSCULUM RD,,,,0.00,N,Not at Intersection,N,Non-Junction,None,,,         ,Michael,Hones,Clear,"Sideswipe, Opposite Direction",no,no,no,no,no,False
103414544,METROPOLITAN NASHVILLE POLICE DEPT,20220452323,Davidson,Nashville,9/9/2022 4:02:00 PM,2,0,0,36.091320,-86.704090,I 24,,,,0.00,,,,,,,55.30,N,Not at Intersection, ,,None,,,         ,Michael,Hones,,,no,no,no,no,no,False
103414547,METROPOLITAN NASHVILLE POLICE DEPT,20220455577,Davidson,Nashville,9/11/2022 8:52:00 PM,2,1,0,36.061540,-86.907790,HIGHWAY 100,,,,935.00,Feet,East,WARNER NATURE CTR PVTDR,,,,0.00,N,Not at Intersection,N,Non-Junction,None,,,         ,Steven,Begley,Cloudy,Front to Rear,no,no,no,no,no,False
103414572,METROPOLITAN NASHVILLE POLICE DEPT,20220455861,Davidson,Nashville,9/11/2022 10:49:00 PM,1,0,0,36.044950,-86.650080,CROSSINGS BLVD,,,,254.00,Feet,West,CROSSINGS PL,,,,0.00,N,Not at Intersection,N,Non-Junction,None,,,         ,Lisa,Beck,"Cloudy, Rain",Not Collision with Motor Vehicle in Transport,no,no,no,no,no,False
103414575,METROPOLITAN NASHVILLE POLICE DEPT,20220455559,Davidson,Not in City Limit,9/11/2022 12:00:00 AM,2,0,0,36.261240,-86.712500,MAPLE ST,,,,9.00,Feet,East,GALLATIN PKES,,,,0.00,N,Not at Intersection, ,Non-Junction,None,,,         ,James,Kidd,Cloudy,Angle,no,no,no,no,no,False
103414580,METROPOLITAN NASHVILLE POLICE DEPT,20220455513,Davidson,Nashville,9/11/2022 7:49:00 PM,2,0,0,36.153080,-86.772690,ELM ST,,,,168.00,Feet,West,4TH AVS,,,,0.00,N,Not at Intersection,N,Non-Junction,None,,,         ,Matthew,Hogan,Cloudy,Front to Rear,no,no,no,no,no,False
103414596,METROPOLITAN NASHVILLE POLICE DEPT,20220455905,Davidson,Nashville,9/12/2022 12:28:00 AM,2,0,0,36.180530,-86.774460,I 24,,,,0.00,,,,,,,47.65,N,Not at Intersection,N,Non-Junction,None,,,         ,Jarrett,Messick,Cloudy,"Sideswipe, Same Direction",no,no,no,no,no,False
103414608,METROPOLITAN NASHVILLE POLICE DEPT,20220455930,Davidson,Nashville,9/12/2022 12:53:00 AM,1,0,0,36.124010,-86.706120,VULTEE BLVD,,,,404.00,Feet,East,MURFREESBORO PKE,,,,0.00,N,Not at Intersection,N,Non-Junction,None,,,         ,Dylan,Motes,Cloudy,Not Collision with Motor Vehicle in Transport,no,no,no,no,yes,False
103414615,METROPOLITAN NASHVILLE POLICE DEPT,20220455276,Davidson,Nashville,9/11/2022 3:25:00 PM,2,0,0,36.168420,-86.687960,LEBANON PKE,,,,0.00,,,BRILEY PKWY N ENT RAMP,,,,0.00,Y,Four-Way,N,Intersection,None,,,         ,Forrest,Punke,Rain,Angle,no,no,no,no,no,False
103414616,METROPOLITAN NASHVILLE POLICE DEPT,20220455939,Davidson,Nashville,9/12/2022 12:00:00 AM,2,0,0,36.154300,-86.827750,36TH AVN,,,,344.00,Feet,West,DELAWARE AV,,,,0.00,N,Not at Intersection, ,Unknown,None,,,         ,Jayla,Johnson,Clear,Other,no,no,no,yes,no,False
103414618,METROPOLITAN NASHVILLE POLICE DEPT,20220455808,Davidson,Nashville,9/11/2022 11:22:00 PM,5,3,0,36.149280,-86.861740,CHARLOTTE PKE,,,,536.00,Feet,East,OCEOLA AV,,,,0.00,N,Not at Intersection,N,Non-Junction,None,,,         ,Ryan,Thomas,Clear,Angle,no,no,no,no,no,False
103414620,METROPOLITAN NASHVILLE POLICE DEPT,20220455961,Davidson,Nashville,9/12/2022 1:29:00 AM,2,1,0,36.110970,-86.713820,I24 W ENT RAMP,,,,0.00,Feet,East,BRILEY PKWYN,,,,0.00,N,Not at Intersection,N,Non-Junction,None,,,         ,Jerrod,Kalinsky,Clear,Front to Rear,no,no,no,no,yes,False
103414621,METROPOLITAN NASHVILLE POLICE DEPT,20220455890,Davidson,Nashville,9/11/2022 11:30:00 PM,2,0,0,36.158410,-86.790610,GEORGE L DAVIS BLVD,,,,0.00,,,CHURCH ST,,,,0.00,Y,Four-Way,N,Intersection,None,,,         ,Kelly,Turcios,Clear,"Sideswipe, Opposite Direction",no,no,no,no,yes,False
103414624,METROPOLITAN NASHVILLE POLICE DEPT,20220455730,Davidson,Nashville,9/11/2022 10:48:00 PM,8,1,0,36.105620,-86.671800,MURFREESBORO PKE,,,,0.00,,,EZELL PKE,,,,0.00,Y,T-Intersection,Y,Non-Junction,None,,,         ,Michael,Overberg,Rain,Angle,no,no,no,no,no,False
103414635,METROPOLITAN NASHVILLE POLICE DEPT,20220455684,Davidson,Nashville,9/11/2022 10:10:00 PM,2,0,0,36.216810,-86.588170,BIG HORN DR,,,,73.00,Feet,North,SHSHONE DR,,,,0.00,N,Not at Intersection,N,Non-Junction,None,,,         ,Nelson,Hemingway,Clear,Angle,no,no,no,no,no,False
103414709,METROPOLITAN NASHVILLE POLICE DEPT,20220449588,Davidson,Nashville,9/8/2022 8:40:00 AM,2,0,0,36.113970,-86.724090,I 24,,,,0.00,,,,,,,53.35,N,Not at Intersection,N,Non-Junction,None,,,         ,Donald,Davidson,Clear,"Sideswipe, Same Direction",no,no,no,no,yes,False
103414722,METROPOLITAN NASHVILLE POLICE DEPT,20220456261,Davidson,Nashville,9/12/2022 7:26:00 AM,2,2,0,36.174100,-86.608520,CENTRAL PKE,,,,0.00,,,FRIST BLVD,,,,0.00,Y,Four-Way,N,Intersection-Related,None,,,         ,Brian,Ritz,Clear,Angle,no,no,no,no,no,False
103414731,METROPOLITAN NASHVILLE POLICE DEPT,20220456343,Davidson,Nashville,9/12/2022 8:04:00 AM,2,1,0,36.077090,-86.725560,NOLENSVILLE PKE,,,,0.00,Feet,,WALLACE RD,,,,0.00,Y,Four-Way,N,Intersection-Related,None,,,         ,Grey,Maxwell,Clear,Front to Rear,no,no,no,no,no,False
103414737,METROPOLITAN NASHVILLE POLICE DEPT,20220456281,Davidson,Nashville,9/12/2022 7:28:00 AM,4,3,0,36.079520,-86.714490,WALLACE RD,,,,0.00,,,HUMBER DR,,,,0.00,Y,Four-Way,Y,Intersection,None,,,         ,David,Rehm,Clear,Angle,no,no,no,no,no,False
103414742,METROPOLITAN NASHVILLE POLICE DEPT,20220456415,Davidson,Nashville,9/12/2022 8:44:00 AM,2,1,0,36.176880,-86.793860,ROSA L PARKS BLVD,,,,4.00,Feet,North,TAYLOR ST,,,,0.00,N,Not at Intersection,N,Non-Junction,None,,,         ,Jordan,Vrbas,Clear,Angle,no,no,no,no,no,False
103414749,METROPOLITAN NASHVILLE POLICE DEPT,20220456335,Davidson,Nashville,9/12/2022 12:00:00 AM,2,0,0,36.100630,-86.662490,MURFREESBORO PKE,,,,715.00,Feet,East,OLD MURFREESBORO PKE,,,,0.00,N,Not at Intersection, ,,None,,,         ,Clayton,Smith,,,no,no,no,no,no,False
103414764,METROPOLITAN NASHVILLE POLICE DEPT,20220456352,Davidson,Nashville,9/12/2022 7:56:00 AM,2,0,0,36.081870,-86.701890,WALLACE RD,,,,0.00,,,LINBAR DR,,,,0.00,Y,T-Intersection,N,Intersection,None,,,         ,Eric,Burford,Clear,Angle,no,no,no,no,no,False
103414767,METROPOLITAN NASHVILLE POLICE DEPT,20220455448,Davidson,Nashville,9/11/2022 7:03:00 PM,2,0,0,36.165430,-86.768650,S 2ND ST,,,,0.00,,,VICTORY AV,,,,0.00,Y,Four-Way, ,Intersection,None,,,         ,Donald,Davidson,Cloudy,Angle,no,no,no,no,no,False
103414783,METROPOLITAN NASHVILLE POLICE DEPT,20220456206,Davidson,Not in City Limit,9/12/2022 7:00:00 AM,3,2,0,36.073840,-86.929790,HIGHWAY 70S,,,,129.00,Feet,East,BRISTOL CREEK DR,,,,0.00,N,Not at Intersection,N,Non-Junction,None,,,         ,Jack,Crouch,Clear,"Sideswipe, Same Direction",no,no,no,no,no,False
103414792,METROPOLITAN NASHVILLE POLICE DEPT,20220456567,Davidson,Nashville,9/12/2022 9:38:00 AM,3,0,0,36.146290,-86.742180,I 40,,,,0.00,,,,,,,212.15,N,Not at Intersection, ,Non-Junction,None,,,         ,Brian,Ritz,Clear,Front to Rear,no,no,no,no,yes,False
103414800,METROPOLITAN NASHVILLE POLICE DEPT,20220456579,Davidson,Nashville,9/12/2022 9:28:00 AM,2,0,0,36.128920,-86.900210,I 40,,,,0.00,,,,,,,200.90,N,Not at Intersection, ,,None,,,         ,Jackson,Smythe,,,no,no,no,no,no,False
103414803,METROPOLITAN NASHVILLE POLICE DEPT,20220456412,Davidson,Nashville,9/12/2022 8:43:00 AM,1,1,0,36.129550,-86.899640,I 40,,,,0.00,,,,,,,201.00,N,Not at Intersection,N,Non-Junction,None,,,         ,Tony,Folad,Clear,Not Collision with Motor Vehicle in Transport,no,no,no,no,no,False
103414804,METROPOLITAN NASHVILLE POLICE DEPT,20220456564,Davidson,Nashville,9/12/2022 8:40:00 AM,2,0,0,36.126330,-86.730400,I440 W ENT RAMP,,,,0.00,,,I 440,,,,0.00,Y,OTHER,N,Non-Junction,None,,,         ,Jordan,Vrbas,Clear,Front to Rear,no,no,no,no,yes,False
103414805,METROPOLITAN NASHVILLE POLICE DEPT,20220456406,Davidson,Nashville,9/12/2022 8:38:00 AM,2,0,0,36.050790,-86.646820,BELL RD,,,,30.00,Feet,East,HICKORY HOLLOW TER,,,,0.00,N,Not at Intersection, ,Non-Junction,None,,,         ,Andrew,Campbell,Clear,"Sideswipe, Same Direction",no,no,no,no,no,False
103414812,METROPOLITAN NASHVILLE POLICE DEPT,20220456656,Davidson,Nashville,9/12/2022 11:32:00 AM,2,0,0,36.194350,-86.775590,I 65,,,,0.00,,,,,,,86.45,N,Not at Intersection,N,Non-Junction,None,,,         ,Jarret,Sonnenberg,Clear,"Sideswipe, Same Direction",no,no,no,no,yes,False
103414817,BERRY HILL POLICE DEPT,22-2468,Davidson,Berry Hill,9/12/2022 7:10:00 AM,2,1,0,36.112330,-86.767020,THOMPSON LN,,,,0.00,,,BRANSFORD AV,,,,0.00,Y,Four-Way,N,Intersection,None,,,         ,Anthony,Russo,Clear,"Sideswipe, Opposite Direction",no,no,no,no,no,False
103414820,METROPOLITAN NASHVILLE POLICE DEPT,20220456621,Davidson,Nashville,9/12/2022 10:58:00 AM,4,2,0,36.248130,-86.742930,I65 S EXT RAMP,,,,0.00,,,I 65,,,,0.00,Y,Y-Intersection,N,Entrance/Exit Ramp Related,None,,,         ,Kyle,Eicholtz,Clear,Not Collision with Motor Vehicle in Transport,no,no,no,no,no,False
103414839,METROPOLITAN NASHVILLE POLICE DEPT,20220430484,Davidson,Nashville,8/29/2022 7:15:00 AM,2,1,1,36.100070,-86.552210,HOBSON PKE,,,,1031.00,Feet,North,COUCHVILLE PKE,,,,0.00,N,Not at Intersection,N,Non-Junction,None,,,         ,Donald,Davidson,Clear,HeadOn,no,no,no,no,no,False
103414852,BERRY HILL POLICE DEPT,22-2607,Davidson,Berry Hill,9/8/2022 12:00:00 AM,3,1,0,36.128590,-86.777890,FRANKLIN PKE,,,,0.00,,,8TH AVS,,,,0.00,Y,Four-Way,Y,Intersection,None,,,         ,John,Gleixner,Clear,Angle,no,no,no,no,no,False
103414857,METROPOLITAN NASHVILLE POLICE DEPT,20220456721,Davidson,Nashville,9/12/2022 11:14:00 AM,2,0,0,36.193940,-86.831660,CLARKSVILLE PKE,,,,150.00,Feet,West,BUENA VISTA PKE,,,,0.00,N,Not at Intersection,N,"Driveway, Alley Access, etc",None,,,         ,Walter,Gray II,Clear,Angle,no,no,no,no,yes,False
103414863,METROPOLITAN NASHVILLE POLICE DEPT,20220456689,Davidson,Nashville,9/12/2022 11:52:00 AM,2,0,0,36.126990,-86.902140,I 40,,,,0.00,,,,,,,200.75,N,Not at Intersection,N,Non-Junction,None,,,         ,Jack,Crouch,Clear,"Sideswipe, Same Direction",no,no,no,no,yes,False
103414864,METROPOLITAN NASHVILLE POLICE DEPT,20220456612,Davidson,Nashville,9/12/2022 10:39:00 AM,2,0,0,36.163170,-86.780190,5TH AVN,,,,0.00,,,CHURCH ST,,,,0.00,Y,Four-Way, ,Intersection-Related,None,,,         ,Shawn,Taylor,Clear,"Sideswipe, Same Direction",no,no,no,no,no,False
103414877,BELLE MEADE POLICE DEPT,22-0224,Davidson,Nashville,9/12/2022 11:50:00 AM,2,0,0,36.120880,-86.853230,HARDING PKE,,,,0.00,,,HARDING PKE,,,,0.00,Y,OTHER, ,Non-Junction,None,,,         ,William,Scarbrough,Clear,Front to Rear,no,no,no,no,no,False
103414880,METROPOLITAN NASHVILLE POLICE DEPT,20220456839,Davidson,Nashville,9/12/2022 10:00:00 AM,1,0,0,36.081460,-86.698970,LINBAR DR,,,,877.00,Feet,East,I24 W EXT RAMP,,,,0.00,N,Not at Intersection,N,Non-Junction,None,,,         ,Gary,Anderson,Clear,Not Collision with Motor Vehicle in Transport,no,no,no,no,yes,False
103414881,THP District 9 - Administrative,209091209,Davidson,Nashville,9/9/2022 2:00:00 PM,2,0,0,36.172580,-86.789450,7TH AVN,,,,361.00,Feet,North,ROSA L PARKS BLVD,,,,0.00,N,Not at Intersection, ,,None,,,         ,Eric,Pincince,,,no,no,no,yes,no,False
103414929,METROPOLITAN NASHVILLE POLICE DEPT,20220456790,Davidson,Nashville,9/12/2022 12:55:00 PM,1,1,0,36.154600,-86.786200,DEMONBREUN ST,,,,0.00,,,12TH AVS,,,,0.00,Y,Four-Way,N,Intersection,None,,,         ,Shawn,Taylor,Clear,Not Collision with Motor Vehicle in Transport,yes,no,no,no,no,False
103414931,METROPOLITAN NASHVILLE POLICE DEPT,20220456664,Davidson,Not in City Limit,9/12/2022 11:37:00 AM,2,0,0,36.085940,-86.946370,I 40,,,,0.00,,,,,,,97.00,N,Not at Intersection,N,Non-Junction,None,,,         ,Darren,Key,Clear,Front to Rear,no,no,no,no,no,False
103414953,METROPOLITAN NASHVILLE POLICE DEPT,20220456771,Davidson,Nashville,9/12/2022 6:40:00 AM,2,0,0,36.132820,-86.818540,440,,,,0.20,Miles,West,,,I440,,3.20,N,Not at Intersection,N,Non-Junction,None,,,         ,Grey,Maxwell,Clear,"Sideswipe, Same Direction",no,no,no,no,yes,False
103414999,VANDERBILT UNIVERSITY POLICE,2022-0456863,Davidson,Nashville,9/12/2022 1:20:00 PM,2,0,0,36.139750,-86.804660,PIERCE AV,,,,0.00,,,,,,,0.00,,, ,,None,,,         ,Joseph,Musick,,,no,no,no,yes,no,Campus
103415009,METROPOLITAN NASHVILLE POLICE DEPT,20220456192,Davidson,Nashville,9/12/2022 6:20:00 AM,2,0,0,36.134740,-86.784080,WEDGEWOOD AV,,,,0.00,Feet,West,HILLSIDE AV,,,,0.00,N,Not at Intersection,N,Non-Junction,None,,,         ,Cherell,Kinchloe,Clear,Angle,no,no,no,no,no,False
103415019,METROPOLITAN NASHVILLE POLICE DEPT,20220456517,Davidson,Nashville,9/12/2022 9:30:00 AM,2,0,0,36.152140,-86.847220,50TH AVN,,,,44.00,Feet,North,CHARLOTTE AV,,,,0.00,N,Not at Intersection,N,Non-Junction,None,,,         ,Stacia,Getz,Clear,Angle,no,no,no,no,yes,False
103415022,METROPOLITAN NASHVILLE POLICE DEPT,20220456819,Davidson,Nashville,9/12/2022 2:00:00 AM,2,0,0,36.131460,-86.713970,MILLWOOD DR,,,,751.00,Feet,North,MURFREESBORO PKE,,,,0.00,N,Not at Intersection,N,Non-Junction,None,,,         ,Aimee,Ortiz,Clear,"Sideswipe, Opposite Direction",no,no,no,yes,yes,False
103415029,METROPOLITAN NASHVILLE POLICE DEPT,20220455635,Davidson,Nashville,9/11/2022 7:42:00 PM,2,0,0,36.165550,-86.782610,CHARLOTTE AV,,,,0.00,,,6TH AVN,,,,0.00,Y,T-Intersection,N,Unknown,None,,,         ,Carey,Steel,Cloudy,Angle,no,no,no,no,yes,False
103415034,METROPOLITAN NASHVILLE POLICE DEPT,2022-0456696,Davidson,Nashville,9/12/2022 11:56:00 AM,2,0,0,36.081950,-86.758290,TROUSDALE DR,,,,309.00,Feet,North,HARDING PL,,,,0.00,N,Not at Intersection,N,Non-Junction,None,,,         ,Sean,Williams,Clear,Front to Rear,no,no,no,no,yes,False
103415056,METROPOLITAN NASHVILLE POLICE DEPT,20220456957,Davidson,Nashville,9/12/2022 2:47:00 PM,3,0,0,36.157500,-86.760420,I 24,,,,0.00,,,,,,,49.80,N,Not at Intersection,N,Non-Junction,None,,,         ,Rachael,Robinson,Clear,Front to Rear,no,no,no,no,no,False
103415073,VANDERBILT UNIVERSITY POLICE,20220457026,Davidson,Nashville,9/12/2022 12:00:00 AM,2,0,0,36.139730,-86.803440,PIERCE AV,,,,120.00,Feet,West,23RD AVS,,,,0.00,N,Not at Intersection,N,Non-Junction,None,,,         ,Shannon,McVey,Clear,Unknown,no,no,no,yes,yes,Campus
103415079,METROPOLITAN NASHVILLE POLICE DEPT,20220456420,Davidson,Nashville,9/12/2022 7:18:00 AM,5,2,0,36.113470,-86.771890,I440 E ENT RAMP,,,,0.00,Feet,East,I 65,,,,0.00,N,Not at Intersection,N,Non-Junction,None,,,         ,Michael,Do,Clear,Front to Rear,no,no,no,no,no,False
103415080,METROPOLITAN NASHVILLE POLICE DEPT,20220456972,Davidson,Nashville,9/12/2022 12:00:00 AM,2,2,0,36.067190,-86.686960,I24 W EXT RAMP,,,,0.00,Feet,East,I 24,,,,0.00,N,Not at Intersection,N,Non-Junction,None,,,         ,Michael,Do,Clear,Front to Rear,no,no,no,no,no,False
103415086,METROPOLITAN NASHVILLE POLICE DEPT,20220457011,Davidson,Nashville,9/12/2022 3:20:00 PM,2,0,0,36.052560,-86.687510,OCALA DR,,,,126.00,Feet,South,TUSCULUM RD,,,,0.00,N,Not at Intersection,N,Non-Junction,None,,,         ,Dalton,Crum,Clear,Front to Rear,no,no,no,no,no,False
103415089,NOLENSVILLE POLICE DEPT,22-3910,Davidson,Not in City Limit,9/12/2022 4:09:00 PM,2,0,0,35.991200,-86.683500,NOLENSVILLE RD,,,,1.00,Feet,North,BURKITT RD,,,,0.00,N,Not at Intersection, ,Non-Junction,None,,,         ,Michael,Hofer,Clear,Front to Rear,no,no,no,no,no,False
103415107,METROPOLITAN NASHVILLE POLICE DEPT,20220456993,Davidson,Nashville,9/12/2022 3:19:00 PM,3,4,0,36.088390,-86.880970,HIGHWAY 100,,,,64.00,Feet,North,CHEEKWOOD TER,,,,0.00,N,Not at Intersection,N,Non-Junction,None,,,         ,Jared,Dick,Clear,Front to Rear,no,no,no,no,no,False
103415122,METROPOLITAN NASHVILLE POLICE DEPT,20220457030,Davidson,Nashville,9/12/2022 2:56:00 PM,2,0,0,36.166870,-86.857870,CENTENNIAL BLVD,,,,318.00,Feet,North,OHIO AV,,,,0.00,N,Not at Intersection,N,Non-Junction,None,,,         ,Ryan,Thomas,Clear,"Sideswipe, Same Direction",no,no,no,no,no,False
103415126,METROPOLITAN NASHVILLE POLICE DEPT,20220456959,Davidson,Nashville,9/12/2022 2:47:00 PM,3,2,0,36.042260,-86.671340,BELL TRACE DR,,,,0.00,,,HICKORY PARK DR,,,,0.00,Y,Four-Way,Y,Intersection,None,,,         ,Andrew,Campbell,Clear,Angle,no,no,no,no,no,False
103415128,METROPOLITAN NASHVILLE POLICE DEPT,20220457127,Davidson,Nashville,9/12/2022 4:55:00 PM,2,0,0,36.047070,-86.647990,MT VIEW RD,,,,0.00,,,BELL FORGE LNE,,,,0.00,Y,Four-Way,N,Intersection-Related,None,,,         ,John,Braun,Clear,"Sideswipe, Same Direction",no,no,no,no,yes,False
103415143,METROPOLITAN NASHVILLE POLICE DEPT,20220457047,Davidson,Antioch,9/12/2022 4:02:00 PM,2,1,0,36.016820,-86.619560,FIRESTONE PKWY,,,,96.00,Feet,East,OLD HICKORY BLVD,,,,0.00,N,Not at Intersection,N,Non-Junction,None,,,         ,Andrew,Brazee,Clear,Angle,no,no,no,no,no,False
103415177,METROPOLITAN NASHVILLE POLICE DEPT,20220455294,Davidson,Nashville,9/12/2022 4:13:00 PM,2,1,0,36.109680,-86.727850,EAST THOMPSON LN,,,,104.00,Feet,North,BRILEY PKWYN,,,,0.00,N,Not at Intersection,N,Non-Junction,None,,,         ,Amgad,Bekhit,Clear,Front to Rear,no,no,no,no,no,False
103415179,METROPOLITAN NASHVILLE POLICE DEPT,20220457065,Davidson,Nashville,9/12/2022 4:14:00 PM,2,0,0,36.106210,-86.673060,MURFREESBORO PKE,,,,0.00,,,DONELSON PKE,,,,0.00,Y,Four-Way, ,Intersection,None,,,         ,Phillip,Burke,Clear,Front to Rear,no,no,no,no,no,False
103415217,METROPOLITAN NASHVILLE POLICE DEPT,20220457237,Davidson,Nashville,9/12/2022 5:28:00 PM,2,2,0,36.308610,-86.681540,GALLATIN PKEN,,,,0.00,,,RIVERCHASE BLVD,,,,0.00,Y,Four-Way,N,Intersection-Related,None,,,         ,Brandon,Lopez,Clear,Front to Rear,no,no,no,no,no,False
103415238,METROPOLITAN NASHVILLE POLICE DEPT,20220457291,Davidson,Nashville,9/12/2022 5:55:00 PM,2,0,0,36.151460,-86.751330,EXIT 212,,,,0.00,Feet,East,I 40,,,,0.00,N,Not at Intersection,N,Non-Junction,None,,,         ,Reagan,Heath,Clear,Angle,no,no,no,no,no,False
103415254,METROPOLITAN NASHVILLE POLICE DEPT,20220457334,Davidson,Nashville,9/12/2022 6:10:00 PM,2,0,0,36.037400,-86.786570,FRANKLIN PKE,,,,0.00,,,OLD HICKORY BLVD,,,,0.00,Y,Four-Way, ,Intersection,None,,,         ,Steven,Powers,Clear,Front to Rear,no,no,no,no,no,False