master_record_number,agency,agency_tracking_number,county,city,collision_date,vehicles_involved,number_injured,number_dead,latitude,longitude,roadway_name,roadway_suffix,roadway_number,roadway_local_id,distance_from_reference,miles-feet_indicator,direction_from_reference,intersection_road_name,intersection_road_name_suffix,intersection_road_number,intersection_local_id,mile_marker,intersection_indicator,intersect_type,interchange_related_indicator,relation_to_junction,work_zone_type,construction_maintenance_zone,construction_maintenance_zone_location,fatal_case_number,officer_first_name,officer_last_name,weather_condition(s),manner_of_crash,pedestrian,bicycle,scooter,parking,hitrun,mou
103424648,METROPOLITAN NASHVILLE POLICE DEPT,20220474812,Davidson,Nashville,9/21/2022 1:57:00 PM,2,1,0,36.106140,-86.672920,MURFREESBORO PKE,,,,47.00,Feet,East,DONELSON PKE,,,,0.00,N,Not at Intersection,N,Non-Junction,None,,,         ,Justin,Ramos,Clear,Front to Rear,no,no,no,no,no,False
103424649,METROPOLITAN NASHVILLE POLICE DEPT,20220474908,Davidson,Nashville,9/21/2022 4:11:00 PM,2,1,0,36.110060,-86.735810,THOMPSON LN,,,,33.00,Feet,East,THOMPSON PARK DR,,,,0.00,N,Not at Intersection,N,Non-Junction,None,,,         ,Justin,Ramos,Clear,Front to Rear,no,no,no,no,no,False
103424651,METROPOLITAN NASHVILLE POLICE DEPT,20220475485,Davidson,Nashville,9/21/2022 10:13:00 PM,2,0,0,36.158290,-86.771890,KOREAN VETERANS BLVD,,,,0.00,,,1ST AVS,,,,0.00,Y,Four-Way, ,Intersection,None,,,         ,Brenton,Adcox,Clear,"Sideswipe, Same Direction",no,no,no,no,no,False
103424653,METROPOLITAN NASHVILLE POLICE DEPT,20220475192,Davidson,Nashville,9/21/2022 6:04:00 PM,2,1,0,36.073310,-86.920650,OLD HICKORY BLVD,,,,62.00,Feet,North,BELLEVUE VALLEY PLAZA PVTDR,,,,0.00,N,Not at Intersection,N,Non-Junction,None,,,         ,Steven,Begley,Clear,"Sideswipe, Opposite Direction",no,no,no,no,no,False
103424657,METROPOLITAN NASHVILLE POLICE DEPT,20220475500,Davidson,Nashville,9/21/2022 5:20:00 PM,2,0,0,36.110500,-86.724870,EAST THOMPSON LN,,,,0.00,,,,,,,0.00,,,N,Non-Junction,None,,,         ,Christopher,Cantrell,Clear,Rear to Rear,no,no,no,yes,yes,False
103424682,METROPOLITAN NASHVILLE POLICE DEPT,20220475434,Davidson,Madison,9/21/2022 12:00:00 AM,2,0,0,36.266000,-86.741390,PORT DR,,,,0.00,,,NESBITT LN,,,,0.00,Y,Four-Way,N,Intersection-Related,None,,,         ,Thomas,Denenea,Clear,Front to Rear,no,no,no,no,no,False
103424683,METROPOLITAN NASHVILLE POLICE DEPT,20220475043,Davidson,Nashville,9/21/2022 5:48:00 PM,2,0,0,36.192270,-86.815620,24TH AVN,,,,69.00,Feet,South,ROSA L PARKS BLVD,,,,0.00,N,Not at Intersection,N,Non-Junction,None,,,         ,Alec,Pellissier,Clear,Angle,no,no,no,no,no,False
103424684,METROPOLITAN NASHVILLE POLICE DEPT,20220475528,Davidson,Nashville,9/21/2022 12:00:00 AM,2,0,0,36.148280,-86.745250,I 40,,,,0.00,,,,,,,211.90,N,Not at Intersection,N,Non-Junction,None,,,         ,laina,herod,Clear,"Sideswipe, Same Direction",no,no,no,no,yes,False
103424685,METROPOLITAN NASHVILLE POLICE DEPT,20220475340,Davidson,Nashville,9/21/2022 12:00:00 AM,1,1,0,36.042160,-86.646660,CROSSINGS BLVD,,,,821.00,Feet,South,I24 W EXT RAMP,,,,0.00,N,Not at Intersection,N,Non-Junction,Work Zone,Work On Shoulder Or Median,Activity Area,         ,Parker,Vegas,Clear,Not Collision with Motor Vehicle in Transport,no,no,no,no,no,False
103424686,METROPOLITAN NASHVILLE POLICE DEPT,20220475475,Davidson,Nashville,9/21/2022 10:16:00 PM,2,1,0,36.045740,-86.674350,BELL RD,,,,0.00,,,BLUE HOLE RD,,,,0.00,Y,Four-Way,N,Non-Junction,None,,,         ,Dillon,Gann,Clear,Front to Rear,no,no,no,no,no,False
103424715,METROPOLITAN NASHVILLE POLICE DEPT,20220475846,Davidson,Nashville,9/22/2022 2:05:00 AM,1,0,0,36.073720,-86.669090,TERRAGON TRL,,,,223.00,Feet,South,LONG BR,,,,0.00,N,Not at Intersection,N,Non-Junction,None,,,         ,Alex,DiBernardo,Clear,Not Collision with Motor Vehicle in Transport,no,no,no,no,yes,False
103424716,VANDERBILT UNIVERSITY POLICE,20220475503,Davidson,Nashville,9/21/2022 10:28:00 PM,1,1,0,36.140250,-86.806870,25TH AVS,,,,396.00,Feet,North,CHILDRENS WAY,,,,0.00,N,Not at Intersection,N,"Driveway, Alley Access, etc",None,,,         ,Kyle,Hartley,Clear,Not Collision with Motor Vehicle in Transport,yes,no,no,no,no,Campus
103424800,METROPOLITAN NASHVILLE POLICE DEPT,20220476006,Davidson,Nashville,9/22/2022 5:10:00 AM,2,1,0,36.167140,-86.787130,JAMES ROBERTSON PKWY,,,,0.00,,,ROSA L PARKS BLVD,,,,0.00,Y,T-Intersection,N,Intersection,None,,,         ,Kelly,Turcios,Clear,Angle,no,no,no,no,no,False
103424836,METROPOLITAN NASHVILLE POLICE DEPT,20220476080,Davidson,Nashville,9/22/2022 5:40:00 AM,2,0,0,36.160440,-86.802020,JO JOHNSTON AV,,,,53.00,Feet,West,DR D B TODD JR BLVD,,,,0.00,N,Not at Intersection, ,Non-Junction,None,,,         ,Ashley,Kelley,Clear,HeadOn,no,no,no,no,yes,False
103424845,METROPOLITAN NASHVILLE POLICE DEPT,20220476107,Davidson,Nashville,9/22/2022 7:00:00 AM,2,0,0,36.107140,-86.719470,I24 W EXT RAMP,,,,0.00,Feet,East,I 24,,,,0.00,N,Not at Intersection, ,,None,,,         ,John,Walden,,,no,no,no,no,no,False
103424867,METROPOLITAN NASHVILLE POLICE DEPT,20220476061,Davidson,Nashville,9/22/2022 6:27:00 AM,2,0,0,36.096440,-86.656060,SMITH SPRINGS RD,,,,0.00,,,MURFREESBORO PKE,,,,0.00,Y,T-Intersection,N,Intersection,None,,,         ,Michael,Brooks,Clear,Front to Rear,no,no,no,no,no,False
103424883,METROPOLITAN NASHVILLE POLICE DEPT,20220476174,Davidson,Nashville,9/22/2022 7:25:00 AM,2,1,0,36.155750,-86.809740,23RD AVN,,,,0.00,Feet,,CHARLOTTE AV,,,,0.00,Y,Four-Way,N,Intersection,None,,,         ,Andrew,Yurgil,Clear,Angle,no,no,no,no,no,False
103424895,METROPOLITAN NASHVILLE POLICE DEPT,20220476282,Davidson,Nashville,9/22/2022 8:14:00 AM,2,0,0,36.283250,-86.730640,I 65,,,,0.00,,,,,,,93.60,N,Not at Intersection, ,Non-Junction,None,,,         ,Christopher,Littles,Clear,Front to Rear,no,no,no,no,no,False
103424898,METROPOLITAN NASHVILLE POLICE DEPT,20220476229,Davidson,Nashville,9/22/2022 7:45:00 AM,2,1,0,36.040880,-86.743690,EDMONDSON PKE,,,,323.00,Feet,North,OLD HICKORY BLVD,,,,0.00,N,Not at Intersection,N,Non-Junction,None,,,         ,Brent,Bauer,Clear,Angle,no,no,no,no,no,False
103424915,METROPOLITAN NASHVILLE POLICE DEPT,20220476041,Davidson,Nashville,9/22/2022 6:06:00 AM,3,1,0,36.248450,-86.720050,GALLATIN PKES,,,,187.00,Feet,North,DUE WEST AVW,,,,0.00,N,Not at Intersection,N,Non-Junction,None,,,         ,Reuben,Hewit,Clear,Front to Rear,no,no,no,no,no,False
103424918,METROPOLITAN NASHVILLE POLICE DEPT,20220476234,Davidson,Nashville,9/22/2022 7:48:00 AM,2,0,0,36.112800,-86.723410,I 24,,,,0.00,,,,,,,53.45,N,Not at Intersection, ,,None,,,         ,Zachary,Wilbanks,,,no,no,no,no,no,False
103424920,METROPOLITAN NASHVILLE POLICE DEPT,20220476262,Davidson,Nashville,9/22/2022 8:10:00 AM,1,1,0,36.128090,-86.845420,ST THOMAS DR,,,,58.00,Feet,West,BOSLEY SPRINGS RD,,,,0.00,N,Not at Intersection,N,Non-Junction,None,,,         ,Douglas,Atwood,Clear,Not Collision with Motor Vehicle in Transport,yes,no,no,yes,yes,False
103424925,METROPOLITAN NASHVILLE POLICE DEPT,20220476075,Davidson,Nashville,9/22/2022 6:30:00 AM,1,1,0,36.151990,-86.692150,BRILEY PKWY S ENT RAMP,,,,0.00,Feet,East,BRILEY PKWY S EXT RAMP,,,,0.00,N,Not at Intersection,N,Entrance/Exit Ramp Related,None,,,         ,Wyatt,Brooks,Clear,Not Collision with Motor Vehicle in Transport,no,no,no,no,no,False
103424928,METROPOLITAN NASHVILLE POLICE DEPT,20220476182,Davidson,Not in City Limit,9/22/2022 7:30:00 AM,1,0,0,36.119660,-86.940950,OLD CHARLOTTE PKE,,,,1219.00,Feet,East,SULLIVAN HOLLOW RD PVTDR,,,,0.00,N,Not at Intersection, ,Non-Junction,None,,,         ,Nicholas,Ragan,Clear,Not Collision with Motor Vehicle in Transport,no,no,no,no,no,False
103424943,METROPOLITAN NASHVILLE POLICE DEPT,20220476370,Davidson,Nashville,9/22/2022 9:07:00 AM,2,1,0,36.046490,-86.777080,I 65,,,,0.00,,,,,,,75.20,N,Not at Intersection,N,Non-Junction,None,,,         ,Earl,Davis,Cloudy,"Sideswipe, Same Direction",no,no,no,no,no,False
103424945,METROPOLITAN NASHVILLE POLICE DEPT,20220476378,Davidson,Nashville,9/22/2022 9:16:00 AM,1,0,0,36.228480,-86.852250,BRILEY PKWYW,,,,686.00,Feet,West,BRILEY PKWYE,,,,0.00,N,Not at Intersection, ,Non-Junction,None,,,         ,Michael,Richardson,Clear,Not Collision with Motor Vehicle in Transport,no,no,no,no,no,False
103424953,METROPOLITAN NASHVILLE POLICE DEPT,20220476427,Davidson,Not in City Limit,9/22/2022 9:45:00 AM,2,1,0,36.274810,-86.709890,GALLATIN PKEN,,,,498.00,Feet,North,ANDERSON LN,,,,0.00,N,Not at Intersection,N,Non-Junction,None,,,         ,Christopher,Littles,Cloudy,Front to Rear,no,no,no,no,no,False
103424954,METROPOLITAN NASHVILLE POLICE DEPT,202200474650,Davidson,Not in City Limit,9/21/2022 5:55:00 AM,1,0,0,36.316150,-86.755070,DRY CREEK RD,,,,1120.00,Feet,South,DRY CREEK RD PVTDR,,,,0.00,N,Not at Intersection,N,Non-Junction,None,,,         ,Christopher,Littles,Clear,Not Collision with Motor Vehicle in Transport,no,no,no,no,no,False
103424956,METROPOLITAN NASHVILLE POLICE DEPT,20220476305,Davidson,Nashville,9/22/2022 8:09:00 AM,2,0,0,36.128090,-86.845420,ST THOMAS DR,,,,58.00,Feet,West,BOSLEY SPRINGS RD,,,,0.00,N,Not at Intersection, ,Non-Junction,None,,,         ,Douglas,Atwood,Clear,Angle,no,no,no,yes,yes,False
103424959,METROPOLITAN NASHVILLE POLICE DEPT,20220476301,Davidson,Nashville,9/22/2022 8:27:00 AM,2,1,0,36.219700,-86.750530,HART LN,,,,552.00,Feet,West,ELLINGTON PKWY S EXT RAMP,,,,0.00,N,Not at Intersection,N,Non-Junction,None,,,         ,Jarret,Sonnenberg,Cloudy,Front to Rear,no,no,no,no,yes,False
103424961,TENNESSEE STATE UNIVERSITY ,22-29807,Davidson,Nashville,9/21/2022 12:30:00 PM,2,1,0,36.169690,-86.820460,W HEIMAN ST,,,,246.00,Feet,East,ED TEMPLE BLVD,,,,0.00,N,Not at Intersection,N,SharedUsePathOrTrail,None,,,         ,James,Driscoll,Clear,Front to Rear,no,no,no,yes,no,False
103424966,METROPOLITAN NASHVILLE POLICE DEPT,20220476384,Davidson,Nashville,9/22/2022 9:12:00 AM,2,0,0,36.024330,-86.742380,EDMONDSON PKE,,,,9.00,Feet,North,MT PISGAH RD,,,,0.00,N,Not at Intersection,N,Non-Junction,None,,,         ,Richard,Gilbert,Cloudy,Front to Rear,no,no,no,no,no,False
103424969,METROPOLITAN NASHVILLE POLICE DEPT,20220474360,Davidson,Nashville,9/21/2022 10:40:00 AM,2,1,0,36.087900,-86.691120,HARDING PL,,,,364.00,Feet,East,ANTIOCH PKE,,,,0.00,N,Not at Intersection,N,Non-Junction,None,,,         ,Alma,Villa,Clear,Angle,no,no,no,no,no,False
103424970,METROPOLITAN NASHVILLE POLICE DEPT,20220476453,Davidson,Nashville,9/22/2022 9:58:00 AM,2,0,0,36.013910,-86.621200,I24 E EXT RAMP,,,,0.00,,,I 24,,,,0.00,Y,T-Intersection, ,Non-Junction,None,,,         ,Alma,Villa,Clear,Front to Rear,no,no,no,no,yes,False
103424973,METROPOLITAN NASHVILLE POLICE DEPT,20220476439,Davidson,Nashville,9/22/2022 12:00:00 AM,2,1,0,36.243850,-86.784700,I 24,,,,0.00,,,,,,,43.00,N,Not at Intersection,N,Non-Junction,None,,,         ,Mark,Iovine,Cloudy,"Sideswipe, Same Direction",no,no,no,no,no,False
103424976,GOODLETTSVILLE POLICE DEPT,22-29184,Davidson,Goodlettsville,9/22/2022 8:45:00 AM,2,0,0,36.294040,-86.718370,I 65,,,,0.00,,,,,,,94.55,N,Not at Intersection,N,Non-Junction,None,,,         ,Benny,Alexander,Cloudy,"Sideswipe, Same Direction",no,no,no,no,no,False
103424984,METROPOLITAN NASHVILLE POLICE DEPT,20220476169,Davidson,Not in City Limit,9/22/2022 12:00:00 AM,1,0,0,36.023640,-86.631070,I 24,,,,0.00,,,,,,,61.70,N,Not at Intersection,N,Non-Junction,None,,,         ,Patrick,Martin,Unknown,Not Collision with Motor Vehicle in Transport,no,no,no,no,no,False
103425004,METROPOLITAN NASHVILLE POLICE DEPT,20220476083,Davidson,Nashville,9/21/2022 6:15:00 PM,2,0,0,36.049980,-86.649500,BELL RD,,,,0.00,,,MT VIEW RD,,,,0.00,Y,Four-Way,N,Intersection,None,,,         ,Leonard,Cato,Clear,"Sideswipe, Opposite Direction",no,no,no,no,yes,False
103425009,METROPOLITAN NASHVILLE POLICE DEPT,20220476508,Davidson,Nashville,9/22/2022 10:17:00 AM,2,0,0,36.057820,-86.773830,I 65,,,,0.00,,,,,,,76.10,N,Not at Intersection, ,,None,,,         ,Brian,Cavaliere,,,no,no,no,no,no,False
103425053,METROPOLITAN NASHVILLE POLICE DEPT,20220476628,Davidson,Nashville,9/22/2022 12:00:00 AM,2,1,0,36.191860,-86.780140,I 65,,,,0.00,,,,,,,86.30,N,Not at Intersection,Y,Entrance/Exit Ramp Related,None,,,         ,Alex,Gibson,Cloudy,Front to Rear,no,no,no,no,no,False
103425054,METROPOLITAN NASHVILLE POLICE DEPT,20220475100,Davidson,Nashville,9/21/2022 6:29:00 PM,3,0,0,36.124860,-86.752120,NOLENSVILLE PKE,,,,53.00,Feet,South,ROSEDALE AV,,,,0.00,N,Not at Intersection,N,Non-Junction,None,,,         ,Trenton,Searcy,Clear,"Sideswipe, Opposite Direction",no,no,no,no,no,False
103425060,METROPOLITAN NASHVILLE POLICE DEPT,20220476653,Davidson,Antioch,9/22/2022 11:32:00 AM,1,0,0,36.057300,-86.617790,MURFREESBORO PKE,,,,0.82,Miles,West,MOUNTAIN SPRINGS RD,,,,0.00,N,Not at Intersection,N,Non-Junction,None,,,         ,Patrick,Martin,Clear,Not Collision with Motor Vehicle in Transport,no,no,no,no,no,False
103425071,METROPOLITAN NASHVILLE POLICE DEPT,20220476625,Davidson,Nashville,9/22/2022 11:00:00 AM,2,1,0,36.139120,-86.733210,MURFREESBORO PKE,,,,0.00,,,ARLINGTON AV,,,,0.00,Y,Four-Way,Y,Intersection-Related,None,,,         ,Zachary,Wilbanks,Clear,Front to Rear,no,no,no,no,no,False
103425102,METROPOLITAN NASHVILLE POLICE DEPT,20220476437,Davidson,Nashville,9/22/2022 9:15:00 AM,2,0,0,36.138670,-86.732050,US HWY 41,,,,386.00,Feet,East,ARLINGTON AVE,,,,0.00,N,Not at Intersection, ,,None,,,         ,Timothy,Mead,,,no,no,no,no,no,False
103425169,METROPOLITAN NASHVILLE POLICE DEPT,20220476761,Davidson,Nashville,9/22/2022 12:40:00 PM,2,0,0,36.164920,-86.820070,28TH AVN,,,,0.00,,,I40 W EXT RAMP,,,,0.00,Y,OTHER, ,Non-Junction,None,,,         ,Ronald,Bright,Cloudy,Angle,no,no,no,no,no,False
103425190,METROPOLITAN NASHVILLE POLICE DEPT,20220476703,Davidson,Nashville,9/22/2022 12:26:00 PM,2,2,0,36.056850,-86.676630,I 24,,,,0.00,,,,,,,58.15,N,Not at Intersection,N,Non-Junction,None,,,         ,Darrin,Hardin,Clear,"Sideswipe, Same Direction",no,no,no,no,no,False
103425220,METROPOLITAN NASHVILLE POLICE DEPT,20220476324,Davidson,Nashville,9/22/2022 8:45:00 AM,2,0,0,36.122860,-86.774530,BILOXI AV,,,,0.00,,,WESTWOOD DR,,,,0.00,Y,OTHER, ,Non-Junction,None,,,         ,Megan,Lamon,Clear,Front to Rear,no,no,no,no,no,False
103425244,METROPOLITAN NASHVILLE POLICE DEPT,20220476660,Davidson,Nashville,9/22/2022 11:58:00 AM,3,3,0,36.152270,-86.767050,I 40,,,,0.00,,,,,,,210.55,N,Not at Intersection,N,Non-Junction,None,,,         ,Johnathan,Carlisle,Cloudy,Front to Rear,no,no,no,no,no,False
103425260,METROPOLITAN NASHVILLE POLICE DEPT,20220476914,Davidson,Not in City Limit,9/22/2022 2:30:00 PM,2,0,0,36.260610,-86.680260,BUBBLING WELL RD,,,,142.00,Feet,East,EDWARD VII AV,,,,0.00,N,Not at Intersection, ,Non-Junction,None,,,         ,Brian,Otto,Clear,Angle,no,no,no,no,no,False
103425261,METROPOLITAN NASHVILLE POLICE DEPT,20220476624,Davidson,Nashville,9/22/2022 11:38:00 AM,2,2,0,36.164240,-86.793320,JO JOHNSTON AV,,,,0.00,Feet,East,GEORGE L DAVIS BLVD,,,,0.00,N,Not at Intersection,N,Non-Junction,None,,,         ,Alex,Mendoza-Aguilera,Clear,Angle,no,no,no,no,no,False
103425293,METROPOLITAN NASHVILLE POLICE DEPT,20220476875,Davidson,Nashville,9/22/2022 12:00:00 AM,3,0,0,36.153650,-86.764130,I40 W ENT RAMP,,,,0.00,,,I 40,,,,0.00,Y,OTHER, ,Entrance/Exit Ramp Related,None,,,         ,James,Thornton,Clear,Angle,no,no,no,no,no,False
103425320,METROPOLITAN NASHVILLE POLICE DEPT,20220476897,Davidson,Nashville,9/22/2022 2:31:00 PM,2,0,0,36.154380,-86.761290,I 40,,,,0.00,,,,,,,210.90,N,Not at Intersection, ,Entrance/Exit Ramp Related,None,,,         ,Michael,Brooks,Clear,Front to Rear,no,no,no,no,no,False
103425323,METROPOLITAN NASHVILLE POLICE DEPT,20220476969,Davidson,Nashville,9/22/2022 2:43:00 PM,2,0,0,36.191840,-86.779520,I 65,,,,0.00,,,,,,,86.35,N,Not at Intersection,N,Non-Junction,None,,,         ,Ashley,Kelley,Clear,"Sideswipe, Same Direction",no,no,no,no,yes,False
103425328,METROPOLITAN NASHVILLE POLICE DEPT,20220476840,Davidson,Nashville,9/22/2022 1:57:00 PM,5,2,0,36.115670,-86.780780,I65 ENT RAMP,,,,0.00,Feet,East,I 440,,,,0.00,N,Not at Intersection,N,Non-Junction,None,,,         ,Richard,Gilbert,Clear,Front to Rear,no,no,no,no,no,False
103425334,METROPOLITAN NASHVILLE POLICE DEPT,20220476892,Davidson,Nashville,9/22/2022 2:20:00 PM,2,1,0,36.044770,-86.661530,BELL RD,,,,0.00,,,CANE RIDGE RD,,,,0.00,Y,OTHER,N,Non-Junction,None,,,         ,Alma,Villa,Clear,Angle,no,no,no,no,no,False
103425338,METROPOLITAN NASHVILLE POLICE DEPT,20220474912,Davidson,Nashville,9/21/2022 4:17:00 PM,2,2,0,36.193100,-86.830310,CLARKSVILLE PKE,,,,334.00,Feet,East,BUENA VISTA PKE,,,,0.00,N,Not at Intersection,N,Non-Junction,None,,,         ,Austin,Bowles,Clear,Angle,no,no,no,no,no,False
103425350,METROPOLITAN NASHVILLE POLICE DEPT,20220476970,Davidson,Nashville,9/22/2022 3:20:00 PM,2,1,0,36.157050,-86.708980,LEBANON PKE,,,,0.00,,,OMOHUNDRO DR,,,,0.00,Y,T-Intersection,N,Intersection-Related,None,,,         ,Douglas,Mann,Clear,Front to Rear,no,no,no,no,no,False
103425364,METROPOLITAN NASHVILLE POLICE DEPT,20220477018,Davidson,Nashville,9/22/2022 3:42:00 PM,2,0,0,36.155090,-86.627030,I40 E ENT RAMP,,,,0.00,Feet,East,I 40,,,,0.00,N,Not at Intersection,N,Non-Junction,None,,,         ,Stephen,Sciolinos,Clear,Angle,no,no,no,no,no,False
103425384,METROPOLITAN NASHVILLE POLICE DEPT,20220477052,Davidson,Nashville,9/22/2022 3:59:00 PM,2,1,0,36.149240,-86.773650,I 40,,,,0.00,,,,,,,210.15,N,Not at Intersection,N,Non-Junction,None,,,         ,Brady,Reynolds,Clear,"Sideswipe, Same Direction",no,no,no,no,no,False
103425432,METROPOLITAN NASHVILLE POLICE DEPT,20220477192,Davidson,Nashville,9/22/2022 4:46:00 PM,2,0,0,36.114120,-86.724390,I 24,,,,0.00,,,,,,,53.35,N,Not at Intersection, ,Non-Junction,None,,,         ,Justin,Ramos,Clear,Front to Rear,no,no,no,no,yes,False
103425444,METROPOLITAN NASHVILLE POLICE DEPT,20220477056,Davidson,Nashville,9/22/2022 3:07:00 PM,2,0,0,36.071200,-86.636430,BELL RD,,,,253.00,Feet,South,MURFREESBORO PKE,,,,0.00,N,Not at Intersection, ,,None,,,         ,Brandon,Simpkins,,,no,no,no,no,no,False
103425445,METROPOLITAN NASHVILLE POLICE DEPT,20220477162,Davidson,Nashville,9/22/2022 4:36:00 PM,2,1,0,36.235440,-86.711690,BRILEY PKWYW,,,,346.00,Feet,West,BRILEY PKWYE,,,,0.00,N,Not at Intersection,N,Non-Junction,None,,,         ,Brandon,Chapman,Clear,Front to Rear,no,no,no,no,no,False
103425446,METROPOLITAN NASHVILLE POLICE DEPT,20220477181,Davidson,Madison,9/22/2022 4:35:00 PM,2,0,0,36.252770,-86.695740,NEELYS BEND RD,,,,242.00,Feet,East,HILLCREST DR,,,,0.00,N,Not at Intersection, ,Non-Junction,None,,,         ,Dylan,Bradley,Clear,Front to Rear,no,no,no,no,no,False
103425459,METROPOLITAN NASHVILLE POLICE DEPT,20220477073,Davidson,Nashville,9/22/2022 4:08:00 PM,2,1,0,36.137390,-86.798770,WEDGEWOOD AV,,,,186.00,Feet,West,19TH AVS,,,,0.00,N,Not at Intersection,N,Non-Junction,None,,,         ,Nicholas,Carroll,Clear,HeadOn,no,no,no,no,no,Campus
103425462,METROPOLITAN NASHVILLE POLICE DEPT,20220477107,Davidson,Nashville,9/22/2022 4:21:00 PM,2,0,0,36.186620,-86.777230,COWAN ST,,,,620.00,Feet,North,I24 E ENT RAMP,,,,0.00,N,Not at Intersection, ,Non-Junction,None,,,         ,Jonas,Elias,Clear,Front to Rear,no,no,no,no,no,False
103425466,METROPOLITAN NASHVILLE POLICE DEPT,20220477232,Davidson,Nashville,9/22/2022 3:56:00 PM,2,0,0,36.133980,-86.748350,HACKWORTH ST,,,,3.00,Feet,North,POLK AV,,,,0.00,N,Not at Intersection,N,Non-Junction,None,,,         ,Parker,Vegas,Clear,Front to Rear,no,no,no,no,no,False
103425470,METROPOLITAN NASHVILLE POLICE DEPT,20220477231,Davidson,Nashville,9/22/2022 5:57:00 PM,2,0,0,36.218650,-86.692840,BRILEY PKWYN,,,,362.00,Feet,North,BRILEY PKWY N ENT RAMP,,,,0.00,N,Not at Intersection, ,Non-Junction,None,,,         ,Brandon,Chapman,Clear,Front to Rear,no,no,no,no,no,False
103425473,METROPOLITAN NASHVILLE POLICE DEPT,20220477078,Davidson,Nashville,9/22/2022 4:12:00 PM,2,0,0,36.166610,-86.820440,28TH AVN,,,,0.00,,,MEHARRY BLVD,,,,0.00,Y,Four-Way,N,Intersection,None,,,         ,Gabriel,Centeno,Clear,Angle,no,no,no,no,yes,False
103425497,METROPOLITAN NASHVILLE POLICE DEPT,20220477115,Davidson,Nashville,9/22/2022 3:30:00 PM,2,0,0,36.086610,-86.729930,NOLENSVILLE PKE,,,,131.00,Feet,South,ELYSIAN FIELDS CT,,,,0.00,N,Not at Intersection, ,,None,,,         ,Steven,Powers,,,no,no,no,no,no,False
103425498,METROPOLITAN NASHVILLE POLICE DEPT,20220477268,Davidson,Nashville,9/22/2022 5:49:00 PM,2,0,0,36.082270,-86.762170,HARDING PL,,,,46.00,Feet,East,I65 N ENT RAMP,,,,0.00,N,Not at Intersection,N,Non-Junction,None,,,         ,Steven,Powers,Clear,"Sideswipe, Same Direction",no,no,no,no,no,False
103425512,METROPOLITAN NASHVILLE POLICE DEPT,20220477228,Davidson,Nashville,9/22/2022 5:50:00 PM,2,1,0,36.240760,-86.757470,BRILEY PKWY E EXT RAMP,,,,0.00,Feet,East,DICKERSON PKE,,,,0.00,N,Not at Intersection,N,Non-Junction,None,,,         ,Zachary,Carter,Cloudy,Front to Rear,no,no,no,no,no,False
103425515,METROPOLITAN NASHVILLE POLICE DEPT,20220477054,Davidson,Nashville,9/22/2022 3:59:00 PM,2,0,0,36.139070,-86.880560,HILLWOOD BLVD,,,,0.00,,,CHARLOTTE PKE,,,,0.00,Y,Four-Way,N,Intersection,None,,,         ,Kyle,Eaton,Clear,Angle,no,no,no,no,no,False
103425516,METROPOLITAN NASHVILLE POLICE DEPT,20220477242,Davidson,Nashville,9/22/2022 5:00:00 PM,1,0,0,36.134260,-86.705300,PATRICIA DR,,,,66.00,Feet,North,REXDALE DR,,,,0.00,N,Not at Intersection,N,Non-Junction,None,,,         ,Joshua,Zambrano-Vera,Clear,Not Collision with Motor Vehicle in Transport,no,no,no,no,yes,False
103425519,METROPOLITAN NASHVILLE POLICE DEPT,20220477238,Davidson,Nashville,9/22/2022 4:50:00 PM,2,0,0,36.069970,-86.685630,HAYWOOD LN,,,,0.00,Feet,East,BAKERTOWN RD,,,,0.00,N,Not at Intersection, ,Non-Junction,None,,,         ,Megan,Arnett,Clear,"Sideswipe, Same Direction",no,no,no,no,no,False
103425521,METROPOLITAN NASHVILLE POLICE DEPT,20220477379,Davidson,Nashville,9/22/2022 6:11:00 PM,2,0,0,36.176760,-86.772820,SPRING ST,,,,0.00,,,I24 E ENT RAMP,,,,0.00,Y,OTHER,N,Entrance/Exit Ramp Related,None,,,         ,Randy,Puckett,Clear,Angle,no,no,no,no,no,False
103425529,METROPOLITAN NASHVILLE POLICE DEPT,20220477216,Davidson,Nashville,9/22/2022 5:41:00 PM,2,0,0,36.193740,-86.831140,BUENA VISTA PKE,,,,100.00,Feet,North,CLARKSVILLE PKE,,,,0.00,N,Not at Intersection,N,Non-Junction,None,,,         ,Gabriel,Centeno,Clear,Angle,no,no,no,no,no,False
103425542,METROPOLITAN NASHVILLE POLICE DEPT,20220477415,Davidson,Antioch,9/22/2022 5:30:00 PM,2,0,0,36.066880,-86.599780,MT VIEW RD,,,,10.00,Feet,West,TRU LONG DR,,,,0.00,N,Not at Intersection,N,Non-Junction,None,,,         ,Nadine,Klemenz,Clear,Angle,no,no,no,no,no,False
103425561,METROPOLITAN NASHVILLE POLICE DEPT,20220477129,Davidson,Nashville,9/22/2022 4:30:00 PM,1,1,0,36.169990,-86.862450,CENTENNIAL BLVD,,,,84.00,Feet,South,CENTENNIAL BLVD ACCESS RD,,,,0.00,N,Not at Intersection,N,Non-Junction,None,,,         ,Robert,Higgins,Clear,Not Collision with Motor Vehicle in Transport,no,no,no,no,yes,False