master_record_number,agency,agency_tracking_number,county,city,collision_date,vehicles_involved,number_injured,number_dead,latitude,longitude,roadway_name,roadway_suffix,roadway_number,roadway_local_id,distance_from_reference,miles-feet_indicator,direction_from_reference,intersection_road_name,intersection_road_name_suffix,intersection_road_number,intersection_local_id,mile_marker,intersection_indicator,intersect_type,interchange_related_indicator,relation_to_junction,work_zone_type,construction_maintenance_zone,construction_maintenance_zone_location,fatal_case_number,officer_first_name,officer_last_name,weather_condition(s),manner_of_crash,pedestrian,bicycle,scooter,parking,hitrun,mou
103425642,METROPOLITAN NASHVILLE POLICE DEPT,20220477517,Davidson,Nashville,9/22/2022 6:30:00 PM,2,0,0,36.161750,-86.779610,COMMERCE ST,,,,90.00,Feet,West,5TH AVN,,,,0.00,N,Not at Intersection,N,Non-Junction,None,,,         ,Brenton,Adcox,Clear,"Sideswipe, Same Direction",no,no,no,yes,yes,False
103425645,METROPOLITAN NASHVILLE POLICE DEPT,20220477451,Davidson,Nashville,9/22/2022 8:25:00 PM,2,0,0,36.173810,-86.610890,CRYSTAL SPRING LN,,,,177.00,Feet,South,CENTRAL PKE,,,,0.00,N,Not at Intersection, ,Non-Junction,None,,,         ,Stephen,Sciolinos,Clear,"Sideswipe, Same Direction",no,no,no,no,no,False
103425675,METROPOLITAN NASHVILLE POLICE DEPT,20220477518,Davidson,Nashville,9/22/2022 6:20:00 PM,3,0,0,36.044830,-86.662730,BELL RD,,,,355.00,Feet,West,CANE RIDGE RD,,,,0.00,N,Not at Intersection, ,Non-Junction,None,,,         ,Nadine,Klemenz,Clear,Angle,no,no,no,no,no,False
103425679,METROPOLITAN NASHVILLE POLICE DEPT,20220477236,Davidson,Antioch,9/22/2022 5:17:00 PM,2,1,0,36.047840,-86.612050,MURFREESBORO PKE,,,,1284.00,Feet,North,MOUNTAIN SPRINGS RD,,,,0.00,N,Not at Intersection,N,Non-Junction,None,,,         ,Keith,Parlato,Clear,Angle,no,no,no,no,no,False
103425680,METROPOLITAN NASHVILLE POLICE DEPT,20220477196,Davidson,Not in City Limit,9/22/2022 5:25:00 PM,1,1,0,36.218660,-86.977160,ASHLAND CITY HWY,,,,0.00,Feet,East,BULL RUN RD,,,,0.00,N,Not at Intersection,N,Non-Junction,None,,,         ,Alex,Mann,Clear,Not Collision with Motor Vehicle in Transport,no,no,no,no,no,False
103425690,METROPOLITAN NASHVILLE POLICE DEPT,2022-0477529,Davidson,Nashville,9/22/2022 8:55:00 PM,2,0,0,36.216930,-86.693510,MCGAVOCK PKE WB ENT RAMP,,,,0.00,,,MCGAVOCK PKE,,,,0.00,Y,T-Intersection,N,Entrance/Exit Ramp Related,None,,,         ,Joshua,McGarvey,Cloudy,"Sideswipe, Same Direction",no,no,no,no,no,False
103425693,METROPOLITAN NASHVILLE POLICE DEPT,20220477148,Davidson,Nashville,9/22/2022 4:51:00 PM,2,3,0,36.128620,-86.907660,RIVER RD,,,,219.00,Feet,West,RIVER RD PVTDR,,,,0.00,N,Not at Intersection,N,Non-Junction,None,,,         ,Kyle,Eaton,Clear,Angle,no,no,no,no,no,False
103425697,METROPOLITAN NASHVILLE POLICE DEPT,20220477176,Davidson,Nashville,9/22/2022 5:06:00 PM,3,1,0,36.134500,-86.726760,I 24,,,,0.00,,,,,,,52.00,N,Not at Intersection,N,Non-Junction,None,,,         ,Douglas,Mann,Clear,Angle,no,no,no,no,no,False
103425708,METROPOLITAN NASHVILLE POLICE DEPT,20220477490,Davidson,Nashville,9/22/2022 9:03:00 PM,2,0,0,36.058880,-86.920480,HIGHWAY 100,,,,0.00,,,WILLOUGHBY WAY,,,,0.00,Y,T-Intersection,N,Intersection,None,,,         ,Steven,Begley,Clear,Angle,no,no,no,no,no,False
103425710,METROPOLITAN NASHVILLE POLICE DEPT,20220477563,Davidson,Nashville,9/22/2022 8:11:00 PM,2,0,0,36.141250,-86.674390,I40 E EXT RAMP,,,,0.00,,,I 40,,,,0.00,Y,OTHER, ,Entrance/Exit Ramp Related,None,,,         ,Bridget,Griepentrog,Clear,Front to Rear,no,no,no,no,no,False
103425728,METROPOLITAN NASHVILLE POLICE DEPT,20220477541,Davidson,Nashville,9/22/2022 9:29:00 PM,2,0,0,36.167950,-86.815500,I40 W EXT RAMP,,,,0.00,Feet,East,I 40,,,,0.00,N,Not at Intersection,N,Non-Junction,None,,,         ,Burton,Beeson,Clear,Front to Rear,no,no,no,no,yes,False
103425732,METROPOLITAN NASHVILLE POLICE DEPT,20220477322,Davidson,Nashville,9/22/2022 7:01:00 PM,1,0,0,36.112680,-86.921760,I40 W EXT RAMP,,,,0.00,Feet,East,I 40,,,,0.00,N,Not at Intersection,N,Entrance/Exit Ramp Related,None,,,         ,Kyle,Eaton,Clear,Not Collision with Motor Vehicle in Transport,no,no,no,no,yes,False
103425733,METROPOLITAN NASHVILLE POLICE DEPT,20220477088,Davidson,Nashville,9/22/2022 12:00:00 AM,2,0,0,36.308470,-86.822820,I 24,,,,0.00,,,,,,,37.85,N,Not at Intersection, ,Non-Junction,None,,,         ,James,Kidd,Clear,"Sideswipe, Same Direction",no,no,no,no,no,False
103425735,METROPOLITAN NASHVILLE POLICE DEPT,20220477788,Davidson,Nashville,9/22/2022 11:33:00 PM,1,0,0,36.151280,-86.853230,CHARLOTTE AV,,,,116.00,Feet,East,54TH AVN,,,,0.00,N,Not at Intersection,N,Non-Junction,None,,,         ,Justin,McCormick,Clear,Not Collision with Motor Vehicle in Transport,no,no,no,no,no,False
103425744,METROPOLITAN NASHVILLE POLICE DEPT,20220477799,Davidson,Nashville,9/22/2022 3:00:00 PM,1,0,0,36.186690,-86.813850,PECAN ST,,,,351.00,Feet,North,24TH AVN,,,,0.00,N,Not at Intersection,N,Non-Junction,None,,,         ,Alec,Pellissier,Clear,Not Collision with Motor Vehicle in Transport,no,no,no,no,yes,False
103425773,METROPOLITAN NASHVILLE POLICE DEPT,20220477943,Davidson,Nashville,9/22/2022 1:50:00 PM,2,1,0,36.074070,-86.692830,I 24,,,,0.00,,,,,,,56.60,N,Not at Intersection,N,Non-Junction,None,,,         ,Bridget,Griepentrog,Clear,Front to Rear,no,no,no,no,yes,False
103425775,METROPOLITAN NASHVILLE POLICE DEPT,2022-0474220,Davidson,Nashville,9/21/2022 12:00:00 AM,2,0,0,36.144380,-86.694880,I 40,,,,0.00,,,,,,,215.00,N,Not at Intersection,N,Non-Junction,None,,,         ,Frank,Walker,Clear,Front to Rear,no,no,no,no,no,False
103425777,METROPOLITAN NASHVILLE POLICE DEPT,2022-0473935,Davidson,Nashville,9/21/2022 6:05:00 AM,2,0,0,36.149030,-86.746430,I 40,,,,0.00,,,,,,,211.85,N,Not at Intersection, ,,None,,,         ,Frank,Walker,,,no,no,no,no,no,False
103425825,METROPOLITAN NASHVILLE POLICE DEPT,20220477511,Davidson,Nashville,9/22/2022 12:00:00 AM,2,0,0,36.151700,-86.822530,I 440,,,,0.00,,,,,,,1.55,N,Not at Intersection,N,Non-Junction,None,,,         ,Lynsey,Fish,Clear,Front to Rear,no,no,no,no,no,False
103425836,METROPOLITAN NASHVILLE POLICE DEPT,20220477715,Davidson,Not in City Limit,9/22/2022 10:50:00 PM,2,4,0,36.307840,-86.820560,I 24,,,,0.00,,,,,,,38.00,N,Not at Intersection,N,Non-Junction,None,,,         ,Nathan,Sizemore,Clear,Angle,no,no,no,no,no,False
103425862,THP District 3 - Nashville,322078433,Davidson,Nashville,9/17/2022 1:17:00 AM,1,0,0,36.252490,-86.829900,WHITES CREEK PKE,,,,0.00,Feet,,LLOYD RD,,,,0.00,Y,Four-Way,N,Intersection,None,,,         ,Bailey,Williams,Clear,Not Collision with Motor Vehicle in Transport,no,no,no,no,yes,False
103425882,BERRY HILL POLICE DEPT,22-2769,Davidson,Berry Hill,9/22/2022 11:00:00 AM,2,0,0,36.126250,-86.770540,CRAIGHEAD ST,,,,0.00,,,OCEANSIDE DR,,,,0.00,Y,OTHER, ,,None,,,         ,Larry,Carter,,,no,no,no,yes,no,False
103425954,THP District 3 - Nashville,322077781,Davidson,Nashville,9/21/2022 8:44:00 AM,2,0,0,36.213550,-86.744840,R S GASS BLVD,,,,1062.00,Feet,East,ELLINGTON PKWYN,,,,0.00,N,Not at Intersection, ,"Driveway, Alley Access, etc",None,,,         ,Matthew,Priest,Clear,Rear to Rear,no,no,no,no,no,False
103425956,THP District 3 - Nashville,322077455,Davidson,Nashville,9/21/2022 8:00:00 AM,2,0,0,36.229420,-86.781110,I 24,,,,0.00,,,,,,,44.10,N,Not at Intersection, ,Non-Junction,None,,,         ,Nicholas,Lang,Clear,"Sideswipe, Same Direction",no,no,no,no,yes,False
103426011,TENNESSEE STATE UNIVERSITY ,22-TSU-29909,Davidson,Nashville,9/22/2022 12:50:00 PM,2,0,0,36.164360,-86.830880,ALAMEDA ST,,,,175.00,Feet,West,CLARE AV,,,,0.00,N,Not at Intersection, ,OtherLocation,None,,,         ,Riley,Feest-Woodruff,Clear,Unknown,no,no,no,yes,yes,False
103426374,METROPOLITAN NASHVILLE POLICE DEPT,20220467210,Davidson,Nashville,9/17/2022 5:30:00 PM,2,0,0,36.076590,-86.767020,I 65,,,,0.00,,,,,,,77.40,N,Not at Intersection,N,Non-Junction,None,,,         ,Nicholas,Hoffmann,Clear,"Sideswipe, Same Direction",no,no,no,no,yes,False
103426375,METROPOLITAN NASHVILLE POLICE DEPT,20220468812,Davidson,Nashville,9/18/2022 7:50:00 PM,3,0,0,36.075310,-86.725000,NOLENSVILLE PKE,,,,95.00,Feet,North,FLORA MAXWELL RD,,,,0.00,N,Not at Intersection,N,Non-Junction,None,,,         ,Nicholas,Hoffmann,Clear,Front to Rear,no,no,no,no,yes,False
103426415,METROPOLITAN NASHVILLE POLICE DEPT,20220477267,Davidson,Nashville,9/22/2022 12:30:00 PM,1,3,0,36.147300,-86.757850,US HWY 41,,,,0.00,,,FAIRFIELD AVE,,,,0.00,Y,Four-Way,Y,Intersection,None,,,         ,Kaytlin,huyler,Clear,Not Collision with Motor Vehicle in Transport,no,no,no,no,no,False
103426481,THP District 3 - Nashville,322078015,Davidson,Nashville,9/21/2022 9:58:00 PM,5,0,0,36.142010,-86.678150,I 40,,,,0.00,,,,,,,215.90,N,Not at Intersection, ,Non-Junction,Construction Zone,,,         ,Keith,Velez,Clear,Front to Rear,no,no,no,no,yes,False
103426653,GOODLETTSVILLE POLICE DEPT,22-29035,Davidson,Goodlettsville,9/20/2022 9:20:00 PM,2,3,0,36.319920,-86.702920,I 65,,,,0.00,,,,,,,96.70,N,Not at Intersection,N,Non-Junction,None,,,         ,Noah,Werner,Clear,Front to Rear,no,no,no,no,no,False
103427170,METROPOLITAN NASHVILLE POLICE DEPT,20220477771,Davidson,Nashville,9/22/2022 11:24:00 PM,2,0,2,36.187660,-86.862610,BRILEY PKWYS,,,,19.00,Feet,North,COUNTY HOSPITAL RD,,,,0.00,N,Not at Intersection,N,Non-Junction,None,,,         ,Cressie,Prill,Clear,HeadOn,no,no,no,no,no,False
103428001,METROPOLITAN NASHVILLE POLICE DEPT,20220476769,Davidson,Nashville,9/22/2022 12:00:00 AM,2,0,0,36.161020,-86.777200,4TH AVN,,,,0.00,,,BROADWAY,,,,0.00,Y,Four-Way,N,Non-Junction,None,,,         ,Alex,Moore,Clear,Unknown,no,no,no,no,yes,False
103428772,METROPOLITAN NASHVILLE POLICE DEPT,20220475993,Davidson,Joelton,9/22/2022 4:52:00 AM,2,1,1,36.293280,-86.886150,CLARKSVILLE PKE,,,,200.00,Feet,West,OLD CLARKSVILLE PKE,,,,0.00,N,Not at Intersection,N,Non-Junction,None,,,         ,Donald,Davidson,Clear,HeadOn,no,no,no,no,no,False
103429049,METROPOLITAN NASHVILLE POLICE DEPT,20220470723,Davidson,Nashville,9/19/2022 5:25:00 PM,1,0,1,36.143750,-86.730450,ARLINGTON AV,,,,0.00,,,ELM HILL PKE,,,,0.00,Y,T-Intersection,N,Intersection,None,,,         ,Christopher,Valdez,Cloudy,Not Collision with Motor Vehicle in Transport,yes,no,no,no,no,False
103431982,TENNESSEE STATE UNIVERSITY ,22-TSU-29634,Davidson,Nashville,9/20/2022 11:40:00 PM,2,0,0,36.169680,-86.821300,W HEIMAN ST,,,,0.00,,,ED TEMPLE BLVD,,,,0.00,Y,OTHER,N,Non-Junction,None,,,         ,Timothy,Torok,Clear,Rear to Side,no,no,no,yes,yes,False
103432231,METROPOLITAN NASHVILLE POLICE DEPT,20220462906,Davidson,Nashville,9/14/2022 11:00:00 AM,1,0,0,36.205920,-86.746830,DR RICHARD G ADAMS DR,,,,0.00,,,,,,,0.00,,, ,,None,,,         ,Matthew,Cammarn,,,no,no,no,yes,no,False
103432699,Nashville Airport Police,2022-03800,Davidson,Nashville,9/7/2022 4:20:00 PM,3,0,0,36.127540,-86.665280,DONELSON PKE,,,,583.00,Feet,South,DONELSON PKE S ENT RAMP,,,,0.00,N,Not at Intersection,N,Non-Junction,None,,,         ,Christopher,Kullman,Clear,Front to Rear,no,no,no,no,no,False
103436161,METROPOLITAN NASHVILLE POLICE DEPT,20220439939,Davidson,Not in City Limit,9/2/2022 5:07:00 PM,2,0,0,36.079130,-86.945540,BELLEVUE CTR PVTDR,,,,0.00,Feet,East,SAWYER BROWN RD,,,,0.00,N,Not at Intersection,N,"Driveway, Alley Access, etc",None,,,         ,Mark,Lemieux,Clear,Unknown,no,no,no,yes,yes,False
103437032,Nashville Airport Police,2022-03925,Davidson,Nashville,9/15/2022 6:24:00 PM,2,0,0,36.131210,-86.668530,TERMINAL DR,,,,1799.00,Feet,South,I40 E EXT RAMP,,,,0.00,N,Not at Intersection,N,Non-Junction,None,,,         ,Christopher,Kullman,Clear,"Sideswipe, Same Direction",no,no,no,yes,yes,False
103441637,METROPOLITAN NASHVILLE POLICE DEPT,20220427606,Davidson,Nashville,8/27/2022 2:11:00 PM,1,0,0,36.135730,-86.744170,POLK AV,,,,378.00,Feet,North,WOODYCREST AV,,,,0.00,N,Not at Intersection, ,,None,,,         ,Charles,Agius,,,no,no,no,yes,no,False
103441784,METROPOLITAN NASHVILLE POLICE DEPT,20220465199,Davidson,Nashville,9/16/2022 12:49:00 PM,2,1,0,36.169690,-86.821290,ED TEMPLE BLVD,,,,20.00,Feet,North,HEIMAN ST,,,,0.00,N,Not at Intersection,Y,Non-Junction,None,,,         ,Alexandra,Wall,Clear,Angle,no,no,no,no,no,False
103443775,VANDERBILT UNIVERSITY POLICE,20220104474,Davidson,Nashville,9/6/2022 8:00:00 AM,1,0,0,36.142560,-86.805390,HIGHLAND AV,,,,167.00,Feet,West,24TH AVS,,,,0.00,N,Not at Intersection, ,Non-Junction,None,,,         ,Brent,Clark,Clear,Not Collision with Motor Vehicle in Transport,no,no,no,yes,no,Campus
103451276,METROPOLITAN NASHVILLE POLICE DEPT,20220524995,Davidson,Nashville,9/22/2022 9:00:00 AM,2,0,0,36.161770,-86.785460,YMCA WAY,,,,52.00,Feet,West,ROSA L PARKS BLVD EXT RAMP,,,,0.00,N,Not at Intersection,N,Non-Junction,None,,,         ,Ryan,Allen,Unknown,"Sideswipe, Same Direction",no,no,no,yes,yes,False
103453103,METROPOLITAN NASHVILLE POLICE DEPT,20220529099,Davidson,Not in City Limit,9/8/2022 3:30:00 PM,2,0,0,36.294260,-86.853340,WHITES CREEK PKE,,,,9.00,Feet,South,SEYMOUR HOLLOW RD,,,,0.00,N,Not at Intersection,N,Non-Junction,None,,,         ,Jerre,Fly,Unknown,"Sideswipe, Same Direction",no,no,no,no,yes,False
103471634,METROPOLITAN NASHVILLE POLICE DEPT,20220562564,Davidson,Nashville,9/8/2022 12:00:00 AM,2,1,0,36.242300,-86.756990,DICKERSON PKE,,,,124.00,Feet,North,DICKERSON PKE ENT RAMP,,,,0.00,N,Not at Intersection,Y,Entrance/Exit Ramp Related,None,,,         ,James,McDugle,Unknown,Angle,no,no,no,no,yes,False
103475582,METROPOLITAN NASHVILLE POLICE DEPT,20220465411,Davidson,Nashville,9/16/2022 3:17:00 PM,2,0,0,36.168020,-86.664540,LEBANON PKE,,,,158.00,Feet,West,OLD LEBANON PKE,,,,0.00,N,Not at Intersection,N,Non-Junction,None,,,         ,Zacarias,Brito Jr.,Clear,Angle,no,no,no,no,yes,False
103425750,METROPOLITAN NASHVILLE POLICE DEPT,20220477882,Davidson,Nashville,9/23/2022 12:00:00 AM,1,0,0,36.166230,-86.803920,JACKSON ST,,,,0.00,,,,,,,0.00,,,N,Non-Junction,None,,,         ,Hunter,Levan,Clear,Not Collision with Motor Vehicle in Transport,no,no,no,no,no,False
103425762,METROPOLITAN NASHVILLE POLICE DEPT,20220477854,Davidson,Nashville,9/23/2022 12:00:00 AM,1,0,0,36.089650,-86.806020,HARDING PL,,,,0.00,,,BELMONT PARK TER,,,,0.00,Y,Four-Way,N,Intersection-Related,None,,,         ,Ricardo,Cruz,Clear,Not Collision with Motor Vehicle in Transport,no,no,no,no,yes,False
103425776,METROPOLITAN NASHVILLE POLICE DEPT,20220477961,Davidson,Nashville,9/23/2022 12:01:00 AM,2,1,0,36.060870,-86.642080,HICKORY HIGHLANDS DR,,,,560.00,Feet,North,BELL RD,,,,0.00,N,Not at Intersection,N,Non-Junction,None,,,         ,Phillip,Lovell,Clear,Angle,no,no,no,no,yes,False
103425787,METROPOLITAN NASHVILLE POLICE DEPT,20220477974,Davidson,Nashville,9/23/2022 12:10:00 AM,2,0,0,36.143660,-86.689740,I 40,,,,0.00,,,,,,,215.30,N,Not at Intersection,N,Non-Junction,None,,,         ,Timothy,Lehnert,Clear,Front to Rear,no,no,no,no,no,False
103425788,METROPOLITAN NASHVILLE POLICE DEPT,20220478014,Davidson,Nashville,9/23/2022 3:11:00 AM,2,1,0,36.153370,-86.795270,WEST END AV,,,,252.00,Feet,East,18TH AVS,,,,0.00,N,Not at Intersection,N,Non-Junction,None,,,         ,Dillon,Deleacaes,Clear,Front to Rear,no,no,no,no,no,False
103425792,METROPOLITAN NASHVILLE POLICE DEPT,20220477847,Davidson,Nashville,9/23/2022 12:10:00 AM,1,1,0,36.078890,-86.645210,MARTWAY DR,,,,0.00,,,EDGE O LAKE DR,,,,0.00,Y,Four-Way,N,Intersection,None,,,         ,Jason,Lyons,Clear,Not Collision with Motor Vehicle in Transport,yes,no,no,no,yes,False
103425845,METROPOLITAN NASHVILLE POLICE DEPT,20220478097,Davidson,Nashville,9/23/2022 5:25:00 AM,2,0,0,36.084160,-86.705890,LINBAR DR,,,,0.00,,,HARDING PL,,,,0.00,Y,Four-Way,N,Intersection-Related,None,,,         ,Jason,Lyons,Clear,Angle,no,no,no,no,yes,False
103425875,METROPOLITAN NASHVILLE POLICE DEPT,2022-0478070,Davidson,Nashville,9/23/2022 12:00:00 AM,1,1,0,36.145390,-86.646120,I 40,,,,0.00,,,,,,,217.85,N,Not at Intersection,N,Non-Junction,Construction Zone,Work On Shoulder Or Median,Advanced Warning Area,         ,Joshua,McGarvey,Clear,Unknown,no,no,no,no,no,False
103425888,METROPOLITAN NASHVILLE POLICE DEPT,20220478161,Davidson,Nashville,9/23/2022 6:43:00 AM,2,0,0,36.095550,-86.674360,EZELL PKE,,,,1015.00,Feet,South,OLD EZELL RD,,,,0.00,N,Not at Intersection, ,,None,,,         ,John,Walden,,,no,no,no,no,no,False
103425894,METROPOLITAN NASHVILLE POLICE DEPT,20220478243,Davidson,Nashville,9/23/2022 7:06:00 AM,2,0,0,36.047840,-86.612050,MURFREESBORO PKE,,,,1284.00,Feet,North,MOUNTAIN SPRINGS RD,,,,0.00,N,Not at Intersection,N,Non-Junction,None,,,         ,Alma,Villa,Clear,Angle,no,no,no,no,no,False
103425902,METROPOLITAN NASHVILLE POLICE DEPT,20220478210,Davidson,Nashville,9/23/2022 7:09:00 AM,2,0,0,36.071250,-86.723450,NOLENSVILLE PKE,,,,69.00,Feet,South,BASS AV,,,,0.00,N,Not at Intersection, ,Non-Junction,None,,,         ,Darrin,Hardin,Clear,Front to Rear,no,no,no,no,no,False
103425909,METROPOLITAN NASHVILLE POLICE DEPT,20220478216,Davidson,Nashville,9/23/2022 7:10:00 AM,2,1,0,36.142790,-86.682860,I 40,,,,0.00,,,,,,,215.65,N,Not at Intersection,N,Non-Junction,None,,,         ,Yaroslav,Holodkov,Clear,Front to Rear,no,no,no,no,yes,False
103425922,METROPOLITAN NASHVILLE POLICE DEPT,20220478261,Davidson,Nashville,9/23/2022 12:00:00 AM,1,0,0,36.092860,-86.844030,HARDING PL,,,,450.00,Feet,East,BEACON DR,,,,0.00,N,Not at Intersection, ,Non-Junction,None,,,         ,George,Spencer,Unknown,Not Collision with Motor Vehicle in Transport,no,no,no,yes,no,False
103425928,METROPOLITAN NASHVILLE POLICE DEPT,20220478349,Davidson,Nashville,9/23/2022 8:13:00 AM,2,0,0,36.087720,-86.714890,TAMPA DR,,,,17.00,Feet,North,PARAGON MILLS RD,,,,0.00,N,Not at Intersection, ,,None,,,         ,John,Walden,,,no,no,no,no,no,False
103425945,METROPOLITAN NASHVILLE POLICE DEPT,20220478294,Davidson,Madison,9/23/2022 7:35:00 AM,2,0,0,36.283390,-86.706960,EDGEMEADE BLVD,,,,0.00,,,GALLATIN PKEN,,,,0.00,Y,Four-Way, ,Intersection,None,,,         ,Michael,Reid,Clear,Angle,no,no,no,no,yes,False
103425962,METROPOLITAN NASHVILLE POLICE DEPT,20220478332,Davidson,Nashville,9/23/2022 8:00:00 AM,2,0,0,36.259890,-86.788100,I 24,,,,0.00,,,,,,,41.85,N,Not at Intersection, ,,None,,,         ,Travis,Baxter,,,no,no,no,no,no,False
103425965,METROPOLITAN NASHVILLE POLICE DEPT,20220478237,Davidson,Nashville,9/23/2022 7:18:00 AM,2,1,0,36.157270,-86.770130,HERMITAGE AV,,,,134.00,Feet,East,PEABODY ST,,,,0.00,N,Not at Intersection,N,Non-Junction,None,,,         ,Johnathan,Carlisle,Clear,"Sideswipe, Same Direction",no,no,no,no,no,False
103425972,METROPOLITAN NASHVILLE POLICE DEPT,20220478417,Davidson,Nashville,9/23/2022 9:01:00 AM,2,0,0,36.148540,-86.781210,I 40,,,,0.00,,,,,,,209.70,N,Not at Intersection, ,Non-Junction,None,,,         ,Megan,Lamon,Clear,Front to Rear,no,no,no,no,no,False
103425979,METROPOLITAN NASHVILLE POLICE DEPT,20220478373,Davidson,Nashville,9/23/2022 8:09:00 AM,2,0,0,36.229370,-86.759270,BROADMOOR DR,,,,0.00,,,US HWY 31W,,,,0.00,Y,Four-Way,N,Intersection,None,,,         ,Matthew,Cammarn,Clear,Angle,no,no,no,no,no,False
103425987,METROPOLITAN NASHVILLE POLICE DEPT,20220478380,Davidson,Nashville,9/23/2022 7:30:00 AM,2,0,0,36.109490,-86.769940,I 65,,,,0.00,,,,,,,79.70,N,Not at Intersection, ,Non-Junction,None,,,         ,Bianca,Crawford,Clear,Front to Rear,no,no,no,no,no,False
103425990,METROPOLITAN NASHVILLE POLICE DEPT,20220478354,Davidson,Nashville,9/23/2022 8:21:00 AM,2,1,0,36.149910,-86.773400,6TH AVE S,,,,0.00,,,MULBERRY ST,,,,0.00,Y,Four-Way,N,Intersection,None,,,         ,Johan,Kinberg,Clear,Angle,no,no,no,no,no,False
103425995,WILLIAMSON CO SHERIFFS OFFICE,2221204,Davidson,Not in City Limit,9/23/2022 7:15:00 AM,2,0,0,36.019630,-86.886870,HILLSBORO RD,,,,0.00,Feet,,SNEED RDW,,,,0.00,Y,T-Intersection,Y,Intersection-Related,None,,,         ,Ethan,Lankford,Clear,Front to Rear,no,no,no,no,no,False
103426021,METROPOLITAN NASHVILLE POLICE DEPT,20220478460,Davidson,Nashville,9/23/2022 9:33:00 AM,4,1,0,36.141610,-86.714860,I 40,,,,0.00,,,,,,,213.05,N,Not at Intersection,N,Non-Junction,None,,,         ,Yaroslav,Holodkov,Clear,Front to Rear,no,no,no,no,no,False
103426023,METROPOLITAN NASHVILLE POLICE DEPT,20220478351,Davidson,Nashville,9/23/2022 8:15:00 AM,2,3,0,36.155040,-86.834560,40TH AVN,,,,0.00,,,DELAWARE AV,,,,0.00,Y,Four-Way,N,Intersection,None,,,         ,Michael,Pyle,Clear,Angle,no,no,no,no,no,False
103426032,METROPOLITAN NASHVILLE POLICE DEPT,20220478548,Davidson,Nashville,9/23/2022 10:08:00 AM,2,1,0,36.121730,-86.750670,I440 E EXT RAMP,,,,0.00,,,I 440,,,,0.00,Y,T-Intersection,N,Intersection,None,,,         ,Richard,Gilbert,Clear,Front to Rear,no,no,no,no,no,False
103426033,METROPOLITAN NASHVILLE POLICE DEPT,20220478518,Davidson,Madison,9/23/2022 10:00:00 AM,2,1,0,36.272980,-86.729770,NESBITT LN,,,,0.00,,,N GRAYCROFT AV,,,,0.00,Y,Four-Way,N,Intersection,None,,,         ,Patrick,McGinnis,Clear,Angle,no,no,no,no,no,False
103426054,METROPOLITAN NASHVILLE POLICE DEPT,20220478564,Davidson,Nashville,9/23/2022 10:25:00 AM,1,1,0,36.225680,-86.774490,-- UNKNOWN RAMP/ROAD --,,,,0.00,,,,,,,0.00,,,N,Entrance/Exit Ramp Related,None,,,         ,Matthew,Cammarn,Clear,Not Collision with Motor Vehicle in Transport,no,no,no,no,no,False
103426056,METROPOLITAN NASHVILLE POLICE DEPT,20220478337,Davidson,Nashville,9/23/2022 8:12:00 AM,3,0,0,36.155650,-86.789720,14TH AVS,,,,0.00,Feet,East,BROADWAY,,,,0.00,N,Not at Intersection, ,Non-Junction,None,,,         ,Christopher,Brown,Clear,Not Collision with Motor Vehicle in Transport,no,no,no,no,no,False
103426082,METROPOLITAN NASHVILLE POLICE DEPT,20220478560,Davidson,Nashville,9/23/2022 10:27:00 AM,2,1,0,36.198730,-86.826490,BUENA VISTA PKE,,,,0.00,,,MATTIE ST,,,,0.00,Y,Four-Way,Y,Intersection-Related,None,,,         ,Michael,Richardson,Clear,Angle,no,no,no,no,yes,False
103426087,METROPOLITAN NASHVILLE POLICE DEPT,20220478408,Davidson,Nashville,9/23/2022 8:55:00 AM,2,0,0,36.201440,-86.776840,I 65,,,,0.00,,,,,,,87.00,N,Not at Intersection,N,Non-Junction,None,,,         ,Aleksandra,Kawicka,Cloudy,Front to Rear,no,no,no,no,yes,False
103426089,METROPOLITAN NASHVILLE POLICE DEPT,20220478465,Davidson,Nashville,9/23/2022 7:36:00 AM,2,0,0,36.114860,-86.719560,DRUMMOND DR,,,,0.00,,,EAST THOMPSON LN,,,,0.00,Y,Four-Way, ,Intersection,None,,,         ,Andrew,Campbell,Clear,HeadOn,no,no,no,no,no,False
103426099,METROPOLITAN NASHVILLE POLICE DEPT,20220478665,Davidson,Nashville,9/23/2022 11:03:00 AM,2,0,0,36.045250,-86.609100,MURFREESBORO PKE,,,,0.00,,,MOUNTAIN SPRINGS RD,,,,0.00,Y,Four-Way,N,Intersection,None,,,         ,Alma,Villa,Clear,Angle,no,no,no,no,no,False
103426118,METROPOLITAN NASHVILLE POLICE DEPT,20220478711,Davidson,Nashville,9/23/2022 11:33:00 AM,2,0,0,36.136890,-86.800840,BELCOURT AV,,,,0.00,Feet,East,21ST AVS,,,,0.00,N,Not at Intersection, ,,None,,,         ,Brian,Cavaliere,,,no,no,no,no,no,Campus
103426163,METROPOLITAN NASHVILLE POLICE DEPT,20220478703,Davidson,Nashville,9/23/2022 12:06:00 PM,2,0,0,36.101450,-86.818180,HILLSBORO PKE,,,,192.00,Feet,South,HILLSBORO DR,,,,0.00,N,Not at Intersection,N,Non-Junction,None,,,         ,Richard,Gilbert,Clear,Angle,no,no,no,no,no,False