master_record_number,agency,agency_tracking_number,county,city,collision_date,vehicles_involved,number_injured,number_dead,latitude,longitude,roadway_name,roadway_suffix,roadway_number,roadway_local_id,distance_from_reference,miles-feet_indicator,direction_from_reference,intersection_road_name,intersection_road_name_suffix,intersection_road_number,intersection_local_id,mile_marker,intersection_indicator,intersect_type,interchange_related_indicator,relation_to_junction,work_zone_type,construction_maintenance_zone,construction_maintenance_zone_location,fatal_case_number,officer_first_name,officer_last_name,weather_condition(s),manner_of_crash,pedestrian,bicycle,scooter,parking,hitrun,mou
103426164,METROPOLITAN NASHVILLE POLICE DEPT,20220478643,Davidson,Nashville,9/23/2022 11:27:00 AM,2,3,0,36.148330,-86.674060,ROYAL PKWY,,,,750.00,Feet,West,RACHEL DR,,,,0.00,N,Not at Intersection,N,Non-Junction,None,,,         ,Yaroslav,Holodkov,Clear,Angle,no,no,no,no,no,False
103426239,METROPOLITAN NASHVILLE POLICE DEPT,20220478785,Davidson,Madison,9/23/2022 1:00:00 PM,2,1,0,36.267360,-86.705020,CUMBERLAND AV,,,,0.00,,,BIXLER AV,,,,0.00,Y,Four-Way,N,Intersection,None,,,         ,Brian,Otto,Clear,Angle,no,no,no,no,no,False
103426276,METROPOLITAN NASHVILLE POLICE DEPT,20220478800,Davidson,Nashville,9/23/2022 1:10:00 PM,2,0,0,36.149560,-86.860400,CHARLOTTE PKE,,,,144.00,Feet,West,OCEOLA AV,,,,0.00,N,Not at Intersection,Y,OtherLocation,None,,,         ,George,Spencer,Clear,Angle,no,no,no,no,no,False
103426303,METROPOLITAN NASHVILLE POLICE DEPT,20220478791,Davidson,Nashville,9/23/2022 12:00:00 AM,2,1,0,36.227080,-86.778680,I 24,,,,0.00,,,,,,,44.30,N,Not at Intersection,N,Non-Junction,None,,,         ,Tristan,Krausman,Clear,Front to Rear,no,no,no,no,no,False
103426322,METROPOLITAN NASHVILLE POLICE DEPT,20220478640,Davidson,Nashville,9/23/2022 12:02:00 PM,2,0,0,36.109140,-86.811880,HILLSBORO PKE,,,,0.00,Feet,,CRESTMOOR RD,,,,0.00,Y,T-Intersection, ,Intersection,None,,,         ,Michael,Pyle,Clear,Angle,no,no,no,no,no,False
103426388,METROPOLITAN NASHVILLE POLICE DEPT,20220478875,Davidson,Nashville,9/23/2022 2:01:00 PM,2,0,0,36.082520,-86.763710,I 65,,,,0.00,,,,,,,77.85,N,Not at Intersection, ,Non-Junction,None,,,         ,Richard,Gilbert,Clear,Front to Rear,no,no,no,no,no,False
103426456,METROPOLITAN NASHVILLE POLICE DEPT,20220479030,Davidson,Nashville,9/23/2022 3:40:00 PM,2,0,0,36.139580,-86.810760,CHILDRENS WAY,,,,0.00,,,NATCHEZ TRC,,,,0.00,Y,Four-Way, ,Intersection,None,,,         ,Cory,Stratton,Clear,Angle,no,no,no,no,no,Campus
103426490,THP District 3 - Nashville,322078585,Davidson,Nashville,9/23/2022 10:00:00 AM,2,0,0,36.213220,-86.775630,I 65,,,,0.00,,,,,,,87.80,N,Not at Intersection, ,Non-Junction,None,,,         ,Keith,Velez,Clear,"Sideswipe, Same Direction",no,no,no,no,no,False
103426503,METROPOLITAN NASHVILLE POLICE DEPT,20220478923,Davidson,Not in City Limit,9/23/2022 2:32:00 PM,2,0,0,36.116750,-87.003650,OLD CHARLOTTE PKE,,,,229.00,Feet,South,MANNING HOLLOW RD,,,,0.00,N,Not at Intersection, ,,None,,,         ,Robert,Higgins,,,no,no,no,no,no,False
103426510,METROPOLITAN NASHVILLE POLICE DEPT,20220479098,Davidson,Antioch,9/23/2022 4:29:00 PM,2,1,0,36.005180,-86.621790,OLD HICKORY BLVD,,,,94.00,Feet,North,BURKITT RD,,,,0.00,N,Not at Intersection,Y,Non-Junction,None,,,         ,John,McDonnell,Clear,Front to Rear,no,no,no,no,no,False
103426514,METROPOLITAN NASHVILLE POLICE DEPT,20220478946,Davidson,Nashville,9/23/2022 2:50:00 PM,2,1,0,36.103620,-86.666480,FAIRCLOTH LN,,,,0.00,,,OLD MURFREESBORO PKE,,,,0.00,Y,Four-Way,Y,Intersection,None,,,         ,Andrew,Campbell,Clear,Angle,no,no,no,no,no,False
103426518,METROPOLITAN NASHVILLE POLICE DEPT,20220478964,Davidson,Nashville,9/23/2022 4:06:00 PM,2,0,0,36.105200,-86.670720,MURFREESBORO PKE,,,,392.00,Feet,East,EZELL PKE,,,,0.00,N,Not at Intersection, ,Non-Junction,None,,,         ,Zera,Ntahonirukiye,Clear,Angle,no,no,no,no,no,False
103426543,METROPOLITAN NASHVILLE POLICE DEPT,20220479071,Davidson,Nashville,9/23/2022 4:19:00 PM,3,2,0,36.128050,-86.794600,BELMONT BLVD,,,,106.00,Feet,North,LINDEN AV,,,,0.00,N,Not at Intersection,N,Non-Junction,None,,,         ,Nicholas,Carroll,Clear,Front to Rear,no,no,no,no,no,False
103426564,VANDERBILT UNIVERSITY POLICE,20220479073,Davidson,Nashville,9/23/2022 4:13:00 PM,2,0,0,36.143360,-86.806440,GARLAND AV,,,,0.00,,,,,,,0.00,,, ,Non-Junction,None,,,         ,Wintrust,Paul,,"Sideswipe, Opposite Direction",no,no,no,no,no,Campus
103426577,METROPOLITAN NASHVILLE POLICE DEPT,20220479132,Davidson,Nashville,9/23/2022 4:46:00 PM,2,1,0,36.190130,-86.837060,COUNTY HOSPITAL RD,,,,287.00,Feet,North,HYDES FERRY RD,,,,0.00,N,Not at Intersection,N,Non-Junction,None,,,         ,Michael,Esposito,Clear,"Sideswipe, Opposite Direction",no,no,no,no,no,False
103426602,THP District 3 - Nashville,322078629,Davidson,Nashville,9/23/2022 12:44:00 PM,2,0,0,36.228600,-86.759410,DICKERSON PKE,,,,286.00,Feet,South,BROADMOOR DR,,,,0.00,N,Not at Intersection, ,"Driveway, Alley Access, etc",None,,,         ,Lennart,Schaaf,Clear,Front to Rear,no,no,no,no,no,False
103426605,GOODLETTSVILLE POLICE DEPT,22-29316,Davidson,Goodlettsville,9/23/2022 5:30:00 PM,2,0,0,36.330610,-86.715700,N MAIN ST,,,,42.00,Feet,North,TINNIN AV,,,,0.00,N,Not at Intersection, ,Non-Junction,None,,,         ,William,Monaghan,Clear,Front to Rear,no,no,no,no,no,False
103426611,METROPOLITAN NASHVILLE POLICE DEPT,20220479183,Davidson,Nashville,9/23/2022 5:31:00 PM,2,0,0,36.168680,-86.666910,LEBANON PKE,,,,0.00,Feet,North,J B ESTILLE DR,,,,0.00,N,Not at Intersection,N,Non-Junction,None,,,         ,Brandon,Chapman,Clear,"Sideswipe, Opposite Direction",no,no,no,no,no,False
103426614,METROPOLITAN NASHVILLE POLICE DEPT,20220479173,Davidson,Nashville,9/23/2022 5:34:00 PM,3,2,0,36.170110,-86.806780,I 40,,,,0.00,,,,,,,207.25,N,Not at Intersection,N,Non-Junction,None,,,         ,Lucas,Thomas,Clear,Front to Rear,no,no,no,no,no,False
103426615,METROPOLITAN NASHVILLE POLICE DEPT,20220479051,Davidson,Nashville,9/23/2022 3:53:00 PM,2,0,0,36.161600,-86.791760,CHARLOTTE AV,,,,0.00,,,12TH AVN,,,,0.00,Y,T-Intersection, ,Non-Junction,None,,,         ,Jonas,Elias,Clear,"Sideswipe, Same Direction",no,no,no,no,no,False
103426616,METROPOLITAN NASHVILLE POLICE DEPT,20220479096,Davidson,Nashville,9/23/2022 4:25:00 PM,2,0,0,36.112050,-86.630250,BELL RD,,,,0.00,,,COUCHVILLE PKE,,,,0.00,Y,T-Intersection, ,,None,,,         ,Nelson,Hemingway,,,no,no,no,no,no,False
103426624,METROPOLITAN NASHVILLE POLICE DEPT,20220479217,Davidson,Nashville,9/23/2022 5:56:00 PM,2,1,0,36.136860,-86.795760,WEDGEWOOD AV,,,,0.00,,,17TH AVS,,,,0.00,Y,Four-Way,Y,Intersection-Related,None,,,         ,Nicholas,Carroll,Clear,HeadOn,no,no,no,no,no,Campus
103426627,METROPOLITAN NASHVILLE POLICE DEPT,20220478446,Davidson,Nashville,9/23/2022 9:27:00 AM,3,1,0,36.134650,-86.825060,WEST END AV,,,,0.00,,,BOWLING AV,,,,0.00,Y,Four-Way,Y,Intersection,None,,,         ,Michael,Hunnicutt,Clear,Angle,no,no,no,no,no,False
103426633,METROPOLITAN NASHVILLE POLICE DEPT,20220479207,Davidson,Nashville,9/23/2022 5:00:00 PM,4,1,0,36.156090,-86.778830,KOREAN VETERANS BLVD,,,,0.00,,,,,,,0.00,,,N,Non-Junction,None,,,         ,Maximillian,Goldberg,Clear,Angle,yes,no,no,yes,yes,False
103426641,METROPOLITAN NASHVILLE POLICE DEPT,20220479182,Davidson,Madison,9/23/2022 5:10:00 PM,2,0,0,36.307150,-86.685140,GALLATIN PKEN,,,,101.00,Feet,West,NORTHSIDE MARKETPLACE PVTDR,,,,0.00,N,Not at Intersection,N,Non-Junction,None,,,         ,Miles,Posey,Clear,"Sideswipe, Same Direction",no,no,no,no,yes,False
103426642,METROPOLITAN NASHVILLE POLICE DEPT,20220479126,Davidson,Nashville,9/23/2022 4:57:00 PM,4,0,0,36.145910,-86.626130,BELL RD,,,,150.00,Feet,North,LAKERIDGE PASS,,,,0.00,N,Not at Intersection,N,Non-Junction,None,,,         ,Blake,Smith,Clear,Front to Rear,no,no,no,no,no,False
103426655,METROPOLITAN NASHVILLE POLICE DEPT,20220479285,Davidson,Nashville,9/23/2022 7:28:00 PM,2,0,0,36.125150,-86.733290,I24 E ENT RAMP,,,,0.00,,,I 440,,,,0.00,Y,T-Intersection,N,Non-Junction,None,,,         ,Joseph,Hurst,Clear,"Sideswipe, Same Direction",no,no,no,no,yes,False
103426686,METROPOLITAN NASHVILLE POLICE DEPT,20220478939,Davidson,Nashville,9/23/2022 2:54:00 PM,2,0,0,36.155410,-86.823100,I40 W EXT RAMP,,,,0.00,Feet,East,I40 E EXT RAMP,,,,0.00,N,Not at Intersection, ,,None,,,         ,Ryan,Thomas,,,no,no,no,no,no,False
103426718,METROPOLITAN NASHVILLE POLICE DEPT,20220479317,Davidson,Nashville,9/23/2022 12:00:00 AM,2,2,0,36.151470,-86.751350,I40 W EXT RAMP,,,,0.00,Feet,East,I 40,,,,0.00,N,Not at Intersection,N,Non-Junction,None,,,         ,Esther,Poysti,Clear,Angle,no,no,no,no,no,False
103426736,METROPOLITAN NASHVILLE POLICE DEPT,20220479383,Davidson,Nashville,9/23/2022 8:20:00 PM,2,1,0,36.044850,-86.668370,ARBOR COMMON,,,,0.00,,,BEECHWOOD TER,,,,0.00,Y,Four-Way,N,Intersection-Related,None,,,         ,Joseph,Hurst,Clear,HeadOn,no,no,no,no,no,False
103426737,METROPOLITAN NASHVILLE POLICE DEPT,20220479019,Davidson,Nashville,9/23/2022 3:39:00 PM,1,0,0,36.167860,-86.820760,ED TEMPLE BLVD,,,,24.00,Feet,North,JEFFERSON ST,,,,0.00,N,Not at Intersection, ,,None,,,         ,Austin,Bowles,,,yes,no,no,no,no,False
103426764,METROPOLITAN NASHVILLE POLICE DEPT,20220479224,Davidson,Nashville,9/23/2022 6:17:00 PM,2,1,0,36.061240,-86.911350,HIGHWAY 100,,,,121.00,Feet,West,WARNER NATURE CTR PVTDR,,,,0.00,N,Not at Intersection,N,Non-Junction,None,,,         ,Madison,Rolon,Clear,Front to Rear,no,no,no,no,no,False
103426766,METROPOLITAN NASHVILLE POLICE DEPT,20220479034,Davidson,Nashville,9/23/2022 3:09:00 PM,2,0,0,36.238990,-86.702160,PENN MEADE DR,,,,332.00,Feet,East,SONAR ST,,,,0.00,N,Not at Intersection,N,Non-Junction,None,,,         ,Stephen,Sciolinos,Clear,HeadOn,no,no,no,no,no,False
103426790,METROPOLITAN NASHVILLE POLICE DEPT,20220479151,Davidson,Nashville,9/23/2022 4:20:00 PM,2,0,0,36.047610,-86.655830,BELL RD,,,,36.00,Feet,East,HICKORY HOLLOW PKWY,,,,0.00,N,Not at Intersection,N,Non-Junction,None,,,         ,Parker,Vegas,Clear,"Sideswipe, Opposite Direction",no,no,no,no,no,False
103426791,METROPOLITAN NASHVILLE POLICE DEPT,20220479325,Davidson,Nashville,9/23/2022 12:00:00 AM,2,0,0,36.151470,-86.751350,I40 W EXT RAMP,,,,0.00,Feet,East,I 40,,,,0.00,N,Not at Intersection,N,Non-Junction,None,,,         ,Esther,Poysti,Clear,Front to Rear,no,no,no,no,no,False
103426793,BERRY HILL POLICE DEPT,22-2791,Davidson,Berry Hill,9/23/2022 4:42:00 PM,2,0,0,36.125570,-86.776870,FRANKLIN PKE,,,,142.00,Feet,North,INVERNESS AV,,,,0.00,N,Not at Intersection, ,Non-Junction,None,,,         ,Anthony,Russo,Clear,Angle,no,no,no,no,no,False
103426798,METROPOLITAN NASHVILLE POLICE DEPT,20220479394,Davidson,Nashville,9/23/2022 9:12:00 PM,2,0,0,36.045310,-86.713250,NOLENSVILLE PKE,,,,21.00,Feet,South,OLD HICKORY BLVD,,,,0.00,N,Not at Intersection,N,Non-Junction,None,,,         ,Brandon,Simpkins,Clear,Angle,no,no,no,no,yes,False
103426840,METROPOLITAN NASHVILLE POLICE DEPT,20220479378,Davidson,Not in City Limit,9/23/2022 8:51:00 PM,1,1,0,36.049690,-86.952390,OLD HARDING PKE,,,,74.00,Feet,East,POPLAR CREEK TRC,,,,0.00,N,Not at Intersection,Y,Non-Junction,None,,,         ,Cameron,Van Der Merwe,Cloudy,Not Collision with Motor Vehicle in Transport,no,no,no,no,no,False
103426844,METROPOLITAN NASHVILLE POLICE DEPT,20220479079,Davidson,Nashville,9/23/2022 2:13:00 PM,2,1,0,36.195660,-86.621680,LEBANON PKE,,,,30.00,Feet,North,BONNASPRING DR,,,,0.00,N,Not at Intersection,N,OtherLocation,None,,,         ,Zachary,Nichols,Clear,Angle,no,no,no,no,no,False
103426853,METROPOLITAN NASHVILLE POLICE DEPT,20220479199,Davidson,Nashville,9/23/2022 5:40:00 PM,2,0,0,36.251920,-86.717690,W WEBSTER ST,,,,1.00,Feet,West,E WEBSTER ST,,,,0.00,N,Not at Intersection,N,Non-Junction,None,,,         ,Kendric,Catron,Cloudy,"Sideswipe, Same Direction",no,no,no,no,no,False
103426870,METROPOLITAN NASHVILLE POLICE DEPT,20220479113,Davidson,Nashville,9/23/2022 4:17:00 PM,2,0,0,36.154630,-86.779160,LAFAYETTE ST,,,,0.00,,,8TH AVS,,,,0.00,Y,Roundabout, ,Non-Junction,None,,,         ,Jonas,Elias,Clear,Front to Rear,no,no,no,no,no,False
103426871,METROPOLITAN NASHVILLE POLICE DEPT,20220479567,Davidson,Nashville,9/23/2022 10:38:00 PM,2,1,0,36.153930,-86.857570,ROBERTSON AV,,,,0.00,,,BRILEY PKWYS,,,,0.00,Y,Four-Way,N,Non-Junction,None,,,         ,Kyle,Lund,Clear,Front to Rear,no,no,no,no,yes,False
103426882,METROPOLITAN NASHVILLE POLICE DEPT,20220479332,Davidson,Nashville,9/23/2022 8:00:00 PM,2,2,0,36.049720,-86.673160,BLUE HOLE RD,,,,380.00,Feet,South,TIMBERLAKE CIR,,,,0.00,N,Not at Intersection,N,Non-Junction,None,,,         ,Andre,Williams,Clear,HeadOn,no,no,no,no,no,False
103426901,METROPOLITAN NASHVILLE POLICE DEPT,20220479449,Davidson,Nashville,9/23/2022 7:41:00 PM,2,0,0,36.140620,-86.731990,I 24,,,,0.00,,,,,,,51.50,N,Not at Intersection,N,Non-Junction,None,,,         ,Robert,Leverick,Clear,"Sideswipe, Same Direction",no,no,no,no,yes,False
103426914,METROPOLITAN NASHVILLE POLICE DEPT,20220479188,Davidson,Nashville,9/23/2022 5:37:00 PM,2,1,0,36.169650,-86.666620,OLD LEBANON PKE,,,,0.00,,,J B ESTILLE DR,,,,0.00,Y,T-Intersection,N,Intersection,None,,,         ,Blake,Smith,Clear,Angle,no,no,no,no,no,False
103426937,METROPOLITAN NASHVILLE POLICE DEPT,20220479572,Davidson,Nashville,9/23/2022 12:00:00 AM,2,0,0,36.157120,-86.803590,US HWY 70,,,,0.00,,,20TH AVE N,,,,0.00,Y,T-Intersection,N,Intersection-Related,None,,,         ,Lynsey,Fish,Cloudy,Front to Rear,no,no,no,no,no,False
103426940,METROPOLITAN NASHVILLE POLICE DEPT,20220479293,Davidson,Nashville,9/23/2022 4:15:00 PM,2,0,0,36.112890,-86.689010,MCGAVOCK PKE,,,,0.00,,,MURFREESBORO PKE,,,,0.00,Y,T-Intersection,Y,Intersection,None,,,         ,Flynn,Ireland,Clear,Front to Rear,no,no,no,no,yes,False
103426963,METROPOLITAN NASHVILLE POLICE DEPT,20220479363,Davidson,Nashville,9/23/2022 3:57:00 PM,3,0,0,36.142910,-86.706240,I 40,,,,0.00,,,,,,,214.40,N,Not at Intersection,N,Non-Junction,None,,,         ,Forrest,Punke,Clear,Front to Rear,no,no,no,no,no,False
103426964,METROPOLITAN NASHVILLE POLICE DEPT,20220479313,Davidson,Nashville,9/23/2022 7:43:00 PM,2,2,0,36.153300,-86.772180,4TH AVS,,,,0.00,Feet,East,ELM ST,,,,0.00,N,Not at Intersection,N,Non-Junction,None,,,         ,Jonas,Elias,Clear,Angle,no,no,no,no,no,False
103426965,METROPOLITAN NASHVILLE POLICE DEPT,20220479756,Davidson,Nashville,9/24/2022 12:12:00 AM,2,0,0,36.168750,-86.776030,JAMES ROBERTSON PKWY,,,,462.00,Feet,East,MAIN ST,,,,0.00,N,Not at Intersection, ,Non-Junction,None,,,         ,James,Hill,Clear,Front to Rear,no,no,no,no,no,False
103426968,METROPOLITAN NASHVILLE POLICE DEPT,20220479647,Davidson,Nashville,9/23/2022 11:27:00 PM,1,1,0,36.239190,-86.777240,BRILEY PKWYW,,,,258.00,Feet,East,BRILEY PKWYE,,,,0.00,N,Not at Intersection,Y,Non-Junction,None,,,         ,Derrick,Toney,Clear,Not Collision with Motor Vehicle in Transport,no,no,no,no,no,False
103426969,METROPOLITAN NASHVILLE POLICE DEPT,20220479691,Davidson,Nashville,9/23/2022 11:23:00 PM,2,0,0,36.162180,-86.782440,CHURCH ST,,,,64.00,Feet,East,7TH AVE N,,,,0.00,N,Not at Intersection, ,,None,,,         ,Kevin,Steiner,,,no,no,no,no,no,False
103427017,METROPOLITAN NASHVILLE POLICE DEPT,20220479903,Davidson,Nashville,9/23/2022 11:49:00 PM,2,0,0,36.177720,-86.778240,OLDHAM ST PVTDR,,,,436.00,Feet,North,JEFFERSON ST,,,,0.00,N,Not at Intersection,N,Non-Junction,None,,,         ,Tyler,Lewis,Clear,"Sideswipe, Same Direction",no,no,no,yes,yes,False
103427033,METROPOLITAN NASHVILLE POLICE DEPT,20220479891,Davidson,Nashville,9/24/2022 2:15:00 AM,1,0,0,36.156630,-86.825120,I 40,,,,0.00,,,,,,,205.80,N,Not at Intersection,N,Non-Junction,Construction Zone,Work On Shoulder Or Median,Activity Area,         ,Kyle,Lund,Clear,Not Collision with Motor Vehicle in Transport,no,no,no,no,no,False
103427046,METROPOLITAN NASHVILLE POLICE DEPT,20220479943,Davidson,Nashville,9/24/2022 3:22:00 AM,1,1,0,36.047270,-86.656300,BELL RD,,,,149.00,Feet,West,HICKORY HOLLOW PKWY,,,,0.00,N,Not at Intersection,N,Non-Junction,None,,,         ,Michael,Overberg,Clear,Not Collision with Motor Vehicle in Transport,no,no,no,no,no,False
103427049,METROPOLITAN NASHVILLE POLICE DEPT,20220479908,Davidson,Nashville,9/24/2022 1:15:00 AM,2,0,0,36.178150,-86.751660,S 10TH ST,,,,0.00,Feet,East,N 10TH ST,,,,0.00,N,Not at Intersection,N,Non-Junction,None,,,         ,Nicholas,Cochran,Cloudy,"Sideswipe, Same Direction",no,no,no,no,yes,False
103427055,METROPOLITAN NASHVILLE POLICE DEPT,20220479958,Davidson,Nashville,9/24/2022 12:00:00 AM,1,1,0,36.216560,-86.693580,MCGAVOCK PKE EB EXT RAMP,,,,0.00,Feet,East,MCGAVOCK PKE,,,,0.00,N,Not at Intersection,Y,Entrance/Exit Ramp Related,None,,,         ,Jacob,Snyder,Cloudy,Not Collision with Motor Vehicle in Transport,no,no,no,no,no,False
103427056,METROPOLITAN NASHVILLE POLICE DEPT,20220479899,Davidson,Nashville,9/24/2022 2:24:00 AM,2,1,0,36.126120,-86.904090,I 40,,,,0.00,,,,,,,200.60,N,Not at Intersection,N,Non-Junction,None,,,         ,Alexandra,Herring,Cloudy,Angle,no,no,no,no,yes,False
103427059,METROPOLITAN NASHVILLE POLICE DEPT,20220479995,Davidson,Nashville,9/24/2022 4:47:00 AM,2,1,0,36.076780,-86.640990,MURFREESBORO PKE,,,,189.00,Feet,East,LAKEVILLA DR,,,,0.00,N,Not at Intersection,N,Non-Junction,None,,,         ,Torry,Hill,Clear,Angle,no,no,no,no,yes,False
103427060,METROPOLITAN NASHVILLE POLICE DEPT,20220479689,Davidson,Nashville,9/23/2022 11:30:00 PM,2,0,0,36.161520,-86.849070,51ST AVN,,,,179.00,Feet,South,LOUISIANA AV,,,,0.00,N,Not at Intersection,N,Non-Junction,None,,,         ,John,Jones,Clear,Other,no,no,no,no,no,False
103427061,METROPOLITAN NASHVILLE POLICE DEPT,20220479956,Davidson,Nashville,9/24/2022 2:55:00 AM,1,0,0,36.153980,-86.840570,I 40,,,,0.00,,,,,,,204.85,N,Not at Intersection,N,Non-Junction,Construction Zone,Lane Shift-Crossover,Activity Area,         ,John,Jones,Clear,Not Collision with Motor Vehicle in Transport,no,no,no,no,yes,False
103427062,METROPOLITAN NASHVILLE POLICE DEPT,20220479935,Davidson,Nashville,9/24/2022 3:10:00 AM,2,1,0,36.069790,-86.695880,HAYWOOD LN,,,,0.00,Feet,,KEELEY DR,,,,0.00,Y,T-Intersection,N,Intersection,None,,,         ,Autumn,Manning,Clear,Angle,no,no,no,no,yes,False
103427067,METROPOLITAN NASHVILLE POLICE DEPT,20220479973,Davidson,Nashville,9/24/2022 3:44:00 AM,1,0,0,36.248010,-86.720360,GALLATIN PKES,,,,0.00,Feet,,DUE WEST AVW,,,,0.00,Y,Four-Way, ,Intersection,None,,,         ,Jean-Claude,Beaudu Jr.,Cloudy,Not Collision with Motor Vehicle in Transport,no,no,no,no,yes,False
103427073,METROPOLITAN NASHVILLE POLICE DEPT,20220479944,Davidson,Nashville,9/24/2022 3:15:00 AM,3,4,0,36.170860,-86.747130,SHELBY AV,,,,98.00,Feet,West,S 14TH ST,,,,0.00,N,Not at Intersection,N,Non-Junction,None,,,         ,Nicholas,Cochran,Cloudy,"Sideswipe, Same Direction",no,no,no,no,no,False
103427077,METROPOLITAN NASHVILLE POLICE DEPT,20220479888,Davidson,Nashville,9/24/2022 12:00:00 AM,2,0,0,36.139430,-86.765180,LITTLE HAMILTON AVE,,,,0.00,,,,,,,0.00,,,N,Non-Junction,None,,,         ,Lynsey,Fish,Cloudy,Angle,no,no,no,no,yes,False
103427098,METROPOLITAN NASHVILLE POLICE DEPT,20220479981,Davidson,Nashville,9/24/2022 4:00:00 AM,2,0,0,36.109150,-86.680110,MURFREESBORO PKE,,,,845.00,Feet,South,AIR FREIGHT BLVD,,,,0.00,N,Not at Intersection,N,"Driveway, Alley Access, etc",None,,,         ,Jonathan,Bouderau,Clear,Front to Rear,no,no,no,no,yes,False
103427106,METROPOLITAN NASHVILLE POLICE DEPT,20220480057,Davidson,Nashville,9/24/2022 6:51:00 AM,1,0,0,36.238400,-86.780850,BRILEY PKWYW,,,,16.00,Feet,East,BRICK CHURCH PKE,,,,0.00,N,Not at Intersection,N,Non-Junction,None,,,         ,Benjamin,Williams,Cloudy,Not Collision with Motor Vehicle in Transport,no,no,no,no,no,False
103427227,METROPOLITAN NASHVILLE POLICE DEPT,20220480302,Davidson,Nashville,9/24/2022 10:54:00 AM,2,0,0,36.132100,-86.894940,CHARLOTTE PKE,,,,55.00,Feet,East,I40 E ENT RAMP,,,,0.00,N,Not at Intersection,N,Non-Junction,None,,,         ,Jackson,Smythe,Cloudy,Front to Rear,no,no,no,no,no,False
103427244,METROPOLITAN NASHVILLE POLICE DEPT,20220480321,Davidson,Nashville,9/24/2022 11:21:00 AM,2,0,0,36.104450,-86.766520,I 65,,,,0.00,,,,,,,79.40,N,Not at Intersection,N,Non-Junction,None,,,         ,Richard,Gilbert,Clear,Angle,no,no,no,no,no,False
103427251,METROPOLITAN NASHVILLE POLICE DEPT,20220480300,Davidson,Nashville,9/24/2022 10:57:00 AM,2,3,0,36.205890,-86.768610,E TRINITY LN,,,,0.00,,,DICKERSON PKE,,,,0.00,Y,Four-Way,N,Intersection,None,,,         ,Matthew,Cammarn,Clear,Angle,no,no,no,no,no,False
103427254,METROPOLITAN NASHVILLE POLICE DEPT,20220480330,Davidson,Nashville,9/24/2022 11:21:00 AM,1,2,0,36.069270,-86.692220,HAYWOOD LN,,,,4.00,Feet,West,I24 E EXT RAMP,,,,0.00,N,Not at Intersection,N,Non-Junction,None,,,         ,Alma,Villa,Rain,Not Collision with Motor Vehicle in Transport,no,no,no,no,no,False
103427263,METROPOLITAN NASHVILLE POLICE DEPT,20220480327,Davidson,Nashville,9/24/2022 12:00:00 AM,3,0,0,36.187670,-86.813520,MCKINNEY AV,,,,255.00,Feet,East,23RD AVN,,,,0.00,N,Not at Intersection,N,Non-Junction,None,,,         ,Ryan,Caulfield,Unknown,Front to Rear,no,no,no,no,yes,False
103427284,METROPOLITAN NASHVILLE POLICE DEPT,20220480235,Davidson,Nashville,9/24/2022 9:39:00 AM,2,2,0,36.139060,-86.700170,BRILEY PKWYN,,,,161.00,Feet,South,BRILEY PKWY,,,,0.00,N,Not at Intersection,N,Non-Junction,None,,,         ,David,Kmosko,Cloudy,Front to Rear,no,no,no,no,no,False
103427301,METROPOLITAN NASHVILLE POLICE DEPT,20220480304,Davidson,Not in City Limit,9/24/2022 2:30:00 AM,1,0,0,36.305180,-86.814630,I 24,,,,0.00,,,,,,,38.40,N,Not at Intersection,N,Non-Junction,None,,,         ,Judah,Parker,Unknown,Not Collision with Motor Vehicle in Transport,no,no,no,no,no,False
103427310,METROPOLITAN NASHVILLE POLICE DEPT,20220480366,Davidson,Nashville,9/24/2022 12:26:00 PM,2,3,0,36.211850,-86.893520,ASHLAND CITY HWY,,,,587.00,Feet,East,WWCR AV,,,,0.00,N,Not at Intersection,N,Non-Junction,None,,,         ,Ryan,Caulfield,Cloudy,Angle,no,no,no,no,no,False
103427342,METROPOLITAN NASHVILLE POLICE DEPT,20220480281,Davidson,Nashville,9/24/2022 10:04:00 AM,1,0,0,36.072710,-86.716020,WALES DR,,,,22.00,Feet,East,HOPEDALE DR,,,,0.00,N,Not at Intersection,Y,Non-Junction,None,,,         ,Darrin,Hardin,Clear,Not Collision with Motor Vehicle in Transport,no,no,no,no,yes,False
103427385,METROPOLITAN NASHVILLE POLICE DEPT,20220480405,Davidson,Nashville,9/24/2022 11:33:00 AM,2,0,0,36.098320,-86.738790,NOLENSVILLE PKE,,,,97.00,Feet,South,HARRISON ST,,,,0.00,N,Not at Intersection, ,Non-Junction,None,,,         ,Richard,Gilbert,Clear,Front to Rear,no,no,no,no,no,False
103427399,METROPOLITAN NASHVILLE POLICE DEPT,20220480446,Davidson,Nashville,9/24/2022 1:15:00 PM,2,0,0,36.194970,-86.725650,CAHAL AV,,,,198.00,Feet,West,PORTER RD,,,,0.00,N,Not at Intersection,N,Non-Junction,None,,,         ,Samantha,Held,Clear,"Sideswipe, Same Direction",no,no,no,no,no,False