master_record_number,agency,agency_tracking_number,county,city,collision_date,vehicles_involved,number_injured,number_dead,latitude,longitude,roadway_name,roadway_suffix,roadway_number,roadway_local_id,distance_from_reference,miles-feet_indicator,direction_from_reference,intersection_road_name,intersection_road_name_suffix,intersection_road_number,intersection_local_id,mile_marker,intersection_indicator,intersect_type,interchange_related_indicator,relation_to_junction,work_zone_type,construction_maintenance_zone,construction_maintenance_zone_location,fatal_case_number,officer_first_name,officer_last_name,weather_condition(s),manner_of_crash,pedestrian,bicycle,scooter,parking,hitrun,mou
103429367,METROPOLITAN NASHVILLE POLICE DEPT,20220484236,Davidson,Nashville,9/26/2022 4:00:00 PM,2,0,0,36.112280,-86.771560,I440 ENT RAMP,,,,0.00,,,I 65,,,,0.00,Y,OTHER,N,Non-Junction,None,,,         ,Alex,Mann,Clear,"Sideswipe, Same Direction",no,no,no,no,no,False
103429377,METROPOLITAN NASHVILLE POLICE DEPT,20220484082,Davidson,Nashville,9/26/2022 5:45:00 PM,2,0,0,36.044050,-86.657090,I 24,,,,0.00,,,,,,,59.55,N,Not at Intersection,N,Non-Junction,None,,,         ,Megan,Arnett,Clear,Front to Rear,no,no,no,no,no,False
103429421,METROPOLITAN NASHVILLE POLICE DEPT,20220484182,Davidson,Nashville,9/26/2022 3:45:00 PM,2,0,0,36.036510,-86.710300,CARL MILLER DR,,,,180.00,Feet,South,MONTE LEONE CT,,,,0.00,N,Not at Intersection, ,Non-Junction,None,,,         ,Jennifer,Liquori,Clear,Angle,no,no,no,no,no,False
103429423,METROPOLITAN NASHVILLE POLICE DEPT,20220484247,Davidson,Nashville,9/25/2022 2:28:00 AM,1,0,0,36.084480,-86.701540,WALLACE RD,,,,0.00,,,,,,,0.00,,,N,Non-Junction,None,,,         ,John,Braun,Clear,Not Collision with Motor Vehicle in Transport,no,no,no,yes,yes,False
103429425,METROPOLITAN NASHVILLE POLICE DEPT,20220484401,Davidson,Nashville,9/26/2022 12:00:00 AM,1,1,0,36.168820,-86.599530,SELLS DR,,,,258.00,Feet,East,OLD HICKORY BLVD,,,,0.00,N,Not at Intersection,N,Non-Junction,None,,,         ,Keenan,McCann,Clear,Not Collision with Motor Vehicle in Transport,no,no,no,no,no,False
103429426,METROPOLITAN NASHVILLE POLICE DEPT,20220484227,Davidson,Nashville,9/26/2022 5:23:00 PM,2,0,0,36.154030,-86.858260,ROBERTSON AV,,,,22.00,Feet,East,MIDLAND AV,,,,0.00,N,Not at Intersection, ,Non-Junction,None,,,         ,Jared,Dick,Clear,"Sideswipe, Same Direction",no,no,no,no,no,False
103429431,METROPOLITAN NASHVILLE POLICE DEPT,20220484173,Davidson,Not in City Limit,9/26/2022 4:25:00 PM,1,0,0,36.042580,-86.960180,HIGHWAY 100,,,,550.00,Feet,North,CHAFFIN DR,,,,0.00,N,Not at Intersection,N,Non-Junction,None,,,         ,Kyle,Eaton,Clear,Not Collision with Motor Vehicle in Transport,no,no,no,yes,no,False
103429455,METROPOLITAN NASHVILLE POLICE DEPT,20220484431,Davidson,Not in City Limit,9/26/2022 8:02:00 PM,2,1,0,36.279550,-86.783570,BRICK CHURCH PKE,,,,0.00,Feet,East,OLD HICKORY BLVD,,,,0.00,N,Not at Intersection,N,Non-Junction,None,,,         ,Kyle,Eicholtz,Clear,Angle,no,no,no,no,yes,False
103429504,METROPOLITAN NASHVILLE POLICE DEPT,20220484334,Davidson,Nashville,9/26/2022 6:47:00 PM,2,0,0,36.044950,-86.659750,I24 E ENT RAMP,,,,0.00,,,I 24,,,,0.00,Y,Four-Way,Y,Intersection-Related,None,,,         ,John,Braun,Clear,Angle,no,no,no,no,no,False
103429551,METROPOLITAN NASHVILLE POLICE DEPT,20220484511,Davidson,Nashville,9/26/2022 9:04:00 PM,3,1,0,36.152290,-86.624370,BELL RD,,,,209.00,Feet,East,STEWARTS FERRY PKE,,,,0.00,N,Not at Intersection,N,Non-Junction,None,,,         ,Alexandra,Foote,Clear,Front to Rear,no,no,no,no,no,False
103429561,METROPOLITAN NASHVILLE POLICE DEPT,20220484460,Davidson,Nashville,9/26/2022 8:00:00 PM,2,1,0,36.037400,-86.786570,FRANKLIN PKE,,,,0.00,,,OLD HICKORY BLVD,,,,0.00,Y,Four-Way,Y,Intersection,None,,,         ,Nicholas,Hoffmann,Clear,Angle,no,no,no,no,no,False
103429562,METROPOLITAN NASHVILLE POLICE DEPT,20220484218,Davidson,Nashville,9/26/2022 4:17:00 PM,2,0,0,36.091390,-86.762760,I 65,,,,0.00,,,,,,,78.45,N,Not at Intersection, ,Non-Junction,None,,,         ,Nicholas,Hoffmann,Clear,"Sideswipe, Same Direction",no,no,no,no,no,False
103429574,METROPOLITAN NASHVILLE POLICE DEPT,20220484138,Davidson,Nashville,9/26/2022 4:02:00 PM,2,1,0,36.151740,-86.767870,I 40,,,,0.00,,,,,,,210.50,N,Not at Intersection,N,Non-Junction,None,,,         ,Steven,Powers,Clear,Front to Rear,no,no,no,no,no,False
103429586,METROPOLITAN NASHVILLE POLICE DEPT,20220484632,Davidson,Nashville,9/26/2022 8:30:00 PM,2,0,0,36.168060,-86.765880,I 24,,,,0.00,,,,,,,48.80,N,Not at Intersection,N,Non-Junction,None,,,         ,Jerrod,Kalinsky,Clear,"Sideswipe, Same Direction",no,no,no,no,yes,False
103429599,METROPOLITAN NASHVILLE POLICE DEPT,20220484347,Davidson,Nashville,9/26/2022 6:50:00 PM,1,0,0,36.166190,-86.598640,OLD HICKORY BLVD,,,,182.00,Feet,North,HERMITAGE PARK DR,,,,0.00,N,Not at Intersection, ,Non-Junction,None,,,         ,Zacarias,Brito Jr.,Clear,Not Collision with Motor Vehicle in Transport,no,no,no,no,no,False
103429601,VANDERBILT UNIVERSITY POLICE,20220483154,Davidson,Nashville,9/26/2022 6:03:00 AM,2,0,0,36.142520,-86.811880,VANDERBILT PL,,,,126.00,Feet,East,29TH AVS,,,,0.00,N,Not at Intersection, ,Non-Junction,None,,,         ,Caleb,Helson,Clear,Rear to Rear,no,no,no,yes,no,Campus
103429617,METROPOLITAN NASHVILLE POLICE DEPT,2022-0483874,Davidson,Nashville,9/26/2022 12:00:00 AM,2,1,0,36.198750,-86.688440,BRILEY PKWYS,,,,225.00,Feet,South,BRILEY PKWY S EXT RAMP,,,,0.00,N,Not at Intersection,N,Non-Junction,None,,,         ,Frank,Walker,Clear,"Sideswipe, Same Direction",no,no,no,no,no,False
103429620,METROPOLITAN NASHVILLE POLICE DEPT,20220484120,Davidson,Nashville,9/26/2022 3:26:00 PM,2,0,0,36.059030,-86.716310,TUSCULUM RD,,,,28.00,Feet,West,NOLENSVILLE PKE,,,,0.00,N,Not at Intersection, ,Non-Junction,None,,,         ,David,Harms,Clear,"Sideswipe, Same Direction",no,no,no,no,no,False
103429623,METROPOLITAN NASHVILLE POLICE DEPT,20220484831,Davidson,Nashville,9/26/2022 1:00:00 AM,2,0,0,36.051430,-86.690050,ROBERT YOEST DR,,,,158.00,Feet,North,OCALA DR,,,,0.00,N,Not at Intersection,N,Non-Junction,None,,,         ,Dillon,Gann,Clear,HeadOn,no,no,no,no,yes,False
103429627,GOODLETTSVILLE POLICE DEPT,22-29639,Davidson,Goodlettsville,9/26/2022 10:24:00 PM,1,0,0,36.333720,-86.717299,N MAIN,ST,,,50.00,Feet,South,FANNIN,DR,,,0.00,N,Not at Intersection,N,Non-Junction,None,,,         ,Shane,Farrell,Clear,Not Collision with Motor Vehicle in Transport,no,no,no,no,yes,False
103429651,METROPOLITAN NASHVILLE POLICE DEPT,20220484940,Davidson,Nashville,9/27/2022 12:30:00 AM,2,0,0,36.211930,-86.589130,TULIP GROVE RD,,,,712.00,Feet,South,BROOKE CASTLE DR,,,,0.00,N,Not at Intersection,N,Non-Junction,None,,,         ,Seth,Reynolds,Clear,Angle,no,no,no,no,yes,False
103429656,METROPOLITAN NASHVILLE POLICE DEPT,20220484879,Davidson,Nashville,9/26/2022 11:50:00 PM,2,1,0,36.169590,-86.766600,I 24,,,,0.00,,,,,,,48.70,N,Not at Intersection,N,Non-Junction,None,,,         ,Devyn,Hollinsworth,Clear,Front to Rear,no,no,no,no,no,False
103429683,METROPOLITAN NASHVILLE POLICE DEPT,20220485097,Davidson,Nashville,9/27/2022 1:44:00 AM,2,0,0,36.165280,-86.781550,5TH AVE N,,,,0.00,,,DEADERICK ST,,,,0.00,Y,Four-Way, ,Intersection,None,,,         ,Jarrett,Messick,Clear,Angle,no,no,no,no,no,False
103429701,METROPOLITAN NASHVILLE POLICE DEPT,20220485255,Davidson,Not in City Limit,9/26/2022 11:00:00 PM,1,0,0,36.058200,-86.941140,BEECH BEND DR,,,,391.00,Feet,South,BEECH BEND CT,,,,0.00,N,Not at Intersection,N,Non-Junction,None,,,         ,Alexandra,Herring,Clear,Not Collision with Motor Vehicle in Transport,no,no,no,no,yes,False
103429767,METROPOLITAN NASHVILLE POLICE DEPT,20220485411,Davidson,Nashville,9/27/2022 6:45:00 AM,2,0,0,36.192470,-86.832330,S HAMILTON RD,,,,0.00,Feet,East,JOHN MALLETTE DR,,,,0.00,N,Not at Intersection, ,Non-Junction,None,,,         ,Bailey,McCluskey,Clear,Front to Rear,no,no,no,no,yes,False
103429790,METROPOLITAN NASHVILLE POLICE DEPT,20220485437,Davidson,Nashville,9/27/2022 7:01:00 AM,2,0,0,36.057790,-86.922540,HIGHWAY 100,,,,539.00,Feet,South,FALKIRK CT,,,,0.00,N,Not at Intersection,N,Non-Junction,None,,,         ,Nicholas,Smith,Clear,Front to Rear,no,no,no,no,no,False
103429793,METROPOLITAN NASHVILLE POLICE DEPT,20220485549,Davidson,Nashville,9/27/2022 7:28:00 AM,2,1,0,36.045330,-86.713590,OLD HICKORY BLVD,,,,99.00,Feet,West,NOLENSVILLE PKE,,,,0.00,N,Not at Intersection,N,Non-Junction,None,,,         ,Brent,Bauer,Clear,Front to Rear,no,no,no,no,no,False
103429794,METROPOLITAN NASHVILLE POLICE DEPT,20220485436,Davidson,Nashville,9/27/2022 7:00:00 AM,2,0,0,36.158200,-86.625530,I40 W EXT RAMP,,,,0.00,Feet,East,I 40,,,,0.00,N,Not at Intersection, ,Non-Junction,None,,,         ,Mitchell,Tolzmann,Clear,Front to Rear,no,no,no,no,no,False
103429811,METROPOLITAN NASHVILLE POLICE DEPT,20220485474,Davidson,Nashville,9/27/2022 7:16:00 AM,2,1,0,36.045220,-86.714790,BRENTWOOD EAST DR,,,,0.00,,,OLD HICKORY BLVD,,,,0.00,Y,T-Intersection,N,Intersection,None,,,         ,Travis,Pemberton,Clear,Angle,no,no,no,no,no,False
103429828,METROPOLITAN NASHVILLE POLICE DEPT,20220485580,Davidson,Nashville,9/27/2022 7:20:00 AM,3,1,0,36.205510,-86.870380,BRILEY PKWYN,,,,179.00,Feet,South,BRILEY PKWY N EXT RAMP,,,,0.00,N,Not at Intersection,N,Non-Junction,None,,,         ,Anthony,Butler,Clear,Front to Rear,no,no,no,no,no,False
103429833,THP District 3 - Nashville,322078863,Davidson,Nashville,9/23/2022 11:15:00 PM,1,0,0,36.129410,-86.695240,BRILEY PKWYS,,,,60.00,Feet,North,BRILEY PKWYN,,,,0.00,N,Not at Intersection,Y,Non-Junction,None,,,         ,Nicholas,Lang,Clear,Not Collision with Motor Vehicle in Transport,no,no,no,no,no,False
103429836,METROPOLITAN NASHVILLE POLICE DEPT,20220485574,Davidson,Nashville,9/27/2022 7:50:00 AM,2,1,0,36.139220,-86.888610,I 40,,,,0.00,,,,,,,201.90,N,Not at Intersection,N,Non-Junction,None,,,         ,Tony,Folad,Clear,Front to Rear,no,no,no,no,no,False
103429877,METROPOLITAN NASHVILLE POLICE DEPT,20220485671,Davidson,Nashville,9/27/2022 8:39:00 AM,3,0,0,36.103920,-86.715280,I 24,,,,0.00,,,,,,,54.25,N,Not at Intersection,N,Non-Junction,None,,,         ,Earl,Davis,Clear,Front to Rear,no,no,no,no,no,False
103429880,METROPOLITAN NASHVILLE POLICE DEPT,2022-0485620,Davidson,Nashville,9/27/2022 8:05:00 AM,2,0,0,36.155690,-86.789740,I40 E EXT RAMP,,,,0.00,,,BROADWAY,,,,0.00,Y,OTHER,N,Intersection-Related,None,,,         ,Po,Cheng,Clear,Angle,no,no,no,no,yes,False
103429900,METROPOLITAN NASHVILLE POLICE DEPT,20220485641,Davidson,Nashville,9/27/2022 8:25:00 AM,2,0,0,36.047840,-86.612050,MURFREESBORO PKE,,,,0.00,,,MOUNTAIN SPRINGS RD,,,,0.00,Y,Four-Way,N,Intersection,None,,,         ,Wesley,Young,Clear,"Sideswipe, Same Direction",no,no,no,no,yes,False
103429907,VANDERBILT UNIVERSITY POLICE,20220485739,Davidson,Nashville,9/26/2022 10:00:00 AM,1,0,0,36.141100,-86.812710,VANDERBILT PL,,,,0.00,,,,,,,0.00,,, ,Non-Junction,None,,,         ,Adam,Dorris,,Not Collision with Motor Vehicle in Transport,no,no,no,yes,no,Campus
103429909,METROPOLITAN NASHVILLE POLICE DEPT,20220485737,Davidson,Nashville,9/27/2022 9:02:00 AM,3,0,0,36.141720,-86.778670,CHESTNUT ST,,,,0.00,,East,8TH AVS,,,,0.00,N,Not at Intersection,N,Non-Junction,None,,,         ,Paxton,Montgomery,Clear,Front to Rear,no,no,no,no,no,False
103429935,METROPOLITAN NASHVILLE POLICE DEPT,20220485689,Davidson,Nashville,9/27/2022 8:05:00 AM,2,0,0,36.191610,-86.818020,ROSA L PARKS BLVD,,,,515.00,Feet,North,26TH AVN,,,,0.00,N,Not at Intersection, ,Non-Junction,None,,,         ,Judah,Parker,Clear,Front to Rear,no,no,no,no,no,False
103429937,METROPOLITAN NASHVILLE POLICE DEPT,2022-0485787,Davidson,Nashville,9/27/2022 9:50:00 AM,3,0,0,36.152250,-86.625070,STEWARTS FERRY PKE,,,,3.00,Feet,North,BELL RD,,,,0.00,N,Not at Intersection, ,Non-Junction,None,,,         ,Mitchell,Tolzmann,Clear,Front to Rear,no,no,no,no,yes,False
103429940,METROPOLITAN NASHVILLE POLICE DEPT,20220485778,Davidson,Nashville,9/27/2022 9:45:00 AM,2,0,0,36.086360,-86.648320,MURFREESBORO PKE,,,,228.00,Feet,South,NASHBORO BLVD,,,,0.00,N,Not at Intersection, ,Non-Junction,None,,,         ,Eric,Burford,Clear,Angle,no,no,no,no,no,False
103429944,METROPOLITAN NASHVILLE POLICE DEPT,20220485764,Davidson,Nashville,9/27/2022 9:30:00 AM,1,0,0,36.073090,-86.732310,EDMONDSON PKE,,,,388.00,Feet,North,WHISPERING HILLS DR,,,,0.00,N,Not at Intersection,N,Non-Junction,None,,,         ,Sekou,Samassi,Clear,Not Collision with Motor Vehicle in Transport,no,no,no,no,no,False
103429950,METROPOLITAN NASHVILLE POLICE DEPT,20220485579,Davidson,Nashville,9/27/2022 7:45:00 AM,2,1,0,36.046330,-86.713380,NOLENSVILLE PKE,,,,351.00,Feet,North,OLD HICKORY BLVD,,,,0.00,N,Not at Intersection,N,Non-Junction,None,,,         ,Michael,Moss,Clear,Angle,no,no,no,no,no,False
103429954,METROPOLITAN NASHVILLE POLICE DEPT,20220485783,Davidson,Nashville,9/27/2022 9:45:00 AM,2,0,0,36.145430,-86.740790,I 40,,,,0.00,,,,,,,212.25,N,Not at Intersection,N,Non-Junction,None,,,         ,Theodore,Kenney,Clear,"Sideswipe, Same Direction",no,no,no,no,yes,False
103429964,METROPOLITAN NASHVILLE POLICE DEPT,20220484835,Davidson,Nashville,9/26/2022 11:24:00 PM,1,0,1,36.174960,-86.759850,MAIN ST,,,,334.00,Feet,West,N 8TH ST,,,,0.00,N,Not at Intersection,N,Non-Junction,None,,,         ,Cressie,Prill,Clear,Not Collision with Motor Vehicle in Transport,yes,no,no,no,no,False
103429981,METROPOLITAN NASHVILLE POLICE DEPT,20220485876,Davidson,Nashville,9/27/2022 9:56:00 AM,2,0,0,36.075210,-86.759110,TROUSDALE DR,,,,143.00,Feet,North,BLACKMAN RD,,,,0.00,N,Not at Intersection, ,Non-Junction,None,,,         ,Travis,Pemberton,Clear,"Sideswipe, Same Direction",no,no,no,no,yes,False
103429998,METROPOLITAN NASHVILLE POLICE DEPT,20220485355,Davidson,Nashville,9/27/2022 5:55:00 AM,3,5,0,36.211900,-86.775800,I 65,,,,0.00,,,,,,,87.70,N,Not at Intersection,N,Non-Junction,None,,,         ,Emelie,Skye,Clear,Front to Rear,no,no,no,no,yes,False
103429999,METROPOLITAN NASHVILLE POLICE DEPT,20220486016,Davidson,Madison,9/27/2022 12:20:00 PM,2,0,0,36.263070,-86.711920,STATE RT 45,,,,0.00,,,GALLATIN PKEN,,,,0.00,Y,Four-Way, ,,None,,,         ,Christopher,Littles,,,no,no,no,no,no,False
103430000,METROPOLITAN NASHVILLE POLICE DEPT,20220485631,Davidson,Nashville,9/27/2022 8:18:00 AM,2,0,0,36.131450,-86.896620,CHARLOTTE PKE,,,,92.00,Feet,East,I40 E EXT RAMP,,,,0.00,N,Not at Intersection,N,Non-Junction,None,,,         ,Robert,Allen,Clear,"Sideswipe, Same Direction",no,no,no,no,no,False
103430006,METROPOLITAN NASHVILLE POLICE DEPT,20220485854,Davidson,Nashville,9/27/2022 8:10:00 AM,2,0,0,36.151180,-86.751100,I 40,,,,0.00,,,,,,,211.55,N,Not at Intersection,N,Non-Junction,None,,,         ,Patrick,Lancaster,Clear,"Sideswipe, Same Direction",no,no,no,no,yes,False
103430072,METROPOLITAN NASHVILLE POLICE DEPT,20220485599,Davidson,Nashville,9/27/2022 8:05:00 AM,2,0,0,36.071870,-86.636180,MURFREESBORO PKE,,,,0.00,,,BELL RD,,,,0.00,Y,OTHER, ,Non-Junction,None,,,         ,Alex,Moore,Clear,Angle,no,no,no,no,no,False
103430073,METROPOLITAN NASHVILLE POLICE DEPT,20220485979,Davidson,Nashville,9/27/2022 11:38:00 AM,2,1,0,36.132630,-86.893460,CHARLOTTE PKE,,,,416.00,Feet,West,OLD CHARLOTTE PKE,,,,0.00,N,Not at Intersection,N,Non-Junction,None,,,         ,Robert,Allen,Clear,Front to Rear,no,no,no,no,no,False
103430143,METROPOLITAN NASHVILLE POLICE DEPT,20220486069,Davidson,Nashville,9/27/2022 12:56:00 PM,2,1,0,36.161210,-86.778920,OPRY PL,,,,269.00,Feet,South,COMMERCE ST,,,,0.00,N,Not at Intersection,N,Non-Junction,None,,,         ,Rachael,Robinson,Clear,Angle,no,no,no,no,no,False
103430203,METROPOLITAN NASHVILLE POLICE DEPT,20220485907,Davidson,Nashville,9/27/2022 9:00:00 AM,2,0,0,36.116420,-86.697370,MURFREESBORO PKE,,,,3.00,Feet,West,MCGAVOCK PKE,,,,0.00,N,Not at Intersection, ,Non-Junction,None,,,         ,Mitchell,Tolzmann,Clear,Front to Rear,no,no,no,no,yes,False
103430209,METROPOLITAN NASHVILLE POLICE DEPT,20220486057,Davidson,Nashville,9/27/2022 12:45:00 PM,2,1,0,36.067430,-86.718470,NOLENSVILLE PKE,,,,318.00,Feet,North,NORTHCREST DR,,,,0.00,N,Not at Intersection,N,Non-Junction,None,,,         ,Charles,Agius,Clear,Angle,no,no,no,no,no,False
103430210,METROPOLITAN NASHVILLE POLICE DEPT,20220485975,Davidson,Nashville,9/27/2022 11:54:00 AM,2,0,0,36.142350,-86.734980,I 40,,,,0.00,,,,,,,212.60,N,Not at Intersection, ,Non-Junction,None,,,         ,Aimee,Ortiz,Clear,"Sideswipe, Same Direction",no,no,no,no,no,False
103430213,METROPOLITAN NASHVILLE POLICE DEPT,20220486179,Davidson,Nashville,9/27/2022 1:44:00 PM,2,0,0,36.195010,-86.775570,I 65,,,,0.00,,,,,,,86.50,N,Not at Intersection,N,Non-Junction,None,,,         ,Theodore,Kenney,Clear,"Sideswipe, Same Direction",no,no,no,no,yes,False
103430224,METROPOLITAN NASHVILLE POLICE DEPT,20220486189,Davidson,Antioch,9/27/2022 2:10:00 PM,1,0,0,36.059180,-86.596650,HOBSON PKE,,,,394.00,Feet,East,HAMILTON CHURCH RD,,,,0.00,N,Not at Intersection, ,Non-Junction,None,,,         ,Joe,Hooper,Clear,Not Collision with Motor Vehicle in Transport,no,no,no,yes,no,False
103430285,METROPOLITAN NASHVILLE POLICE DEPT,2022-0486218,Davidson,Nashville,9/27/2022 2:10:00 PM,2,4,0,36.052170,-86.743100,EDMONDSON PKE,,,,14.00,Feet,South,HUNTINGTON PKWY,,,,0.00,N,Not at Intersection,Y,Non-Junction,None,,,         ,Sean,Williams,Clear,Other,no,no,no,no,no,False
103430286,METROPOLITAN NASHVILLE POLICE DEPT,20220486441,Davidson,Nashville,9/27/2022 4:16:00 PM,2,0,0,36.116050,-86.810580,HILLSBORO PKE,,,,0.00,,,HAMPTON AV,,,,0.00,Y,T-Intersection,N,Intersection,None,,,         ,Steven,Powers,Clear,Angle,no,no,no,no,no,False
103430300,METROPOLITAN NASHVILLE POLICE DEPT,20220486345,Davidson,Nashville,9/27/2022 3:32:00 PM,2,0,0,36.144920,-86.777420,I 65,,,,0.00,,,,,,,82.20,N,Not at Intersection, ,Non-Junction,None,,,         ,Dakota,Davis,Clear,"Sideswipe, Same Direction",no,no,no,no,no,False
103430301,METROPOLITAN NASHVILLE POLICE DEPT,20220486479,Davidson,Nashville,9/27/2022 4:37:00 PM,2,0,0,36.143480,-86.778850,8TH AVS,,,,14.00,Feet,South,OLYMPIC ST,,,,0.00,N,Not at Intersection,N,Non-Junction,None,,,         ,Dakota,Davis,Clear,Angle,no,no,no,no,yes,False
103430309,METROPOLITAN NASHVILLE POLICE DEPT,20220486468,Davidson,Nashville,9/27/2022 4:27:00 PM,2,0,0,36.169690,-86.797300,I 40,,,,0.00,,,,,,,207.80,N,Not at Intersection, ,Non-Junction,None,,,         ,Hendrik,Kruger,Clear,Front to Rear,no,no,no,no,no,False
103430310,THP District 3 - Nashville,322079735,Davidson,Not in City Limit,9/27/2022 8:15:00 AM,1,0,0,36.345790,-86.926710,I-24 WB 31 MM EXIT RAMP,,,,0.00,Feet,East,I 24,,,,0.00,N,Not at Intersection,N,Non-Junction,None,,,         ,Jacob,Farley,Clear,Not Collision with Motor Vehicle in Transport,no,no,no,no,no,False
103430354,METROPOLITAN NASHVILLE POLICE DEPT,20220485728,Davidson,Nashville,9/27/2022 8:08:00 AM,2,0,0,36.189270,-86.823750,US HWY 41 ALT,,,,791.00,Feet,West,CLIFF DR,,,,0.00,N,Not at Intersection,N,Non-Junction,None,,,         ,Jedidayah,Merriweather,Clear,Angle,no,no,no,no,yes,False
103430355,METROPOLITAN NASHVILLE POLICE DEPT,20220486212,Davidson,Nashville,9/27/2022 2:22:00 PM,2,0,0,36.163280,-86.826030,ALBION ST,,,,0.00,Feet,,33RD AVE N,,,,0.00,Y,Four-Way, ,Intersection,None,,,         ,Jedidayah,Merriweather,Clear,Angle,no,no,no,no,no,False
103430362,METROPOLITAN NASHVILLE POLICE DEPT,20220486543,Davidson,Madison,9/27/2022 5:22:00 PM,2,0,0,36.257400,-86.738280,I 65,,,,0.00,,,,,,,91.75,N,Not at Intersection, ,Non-Junction,None,,,         ,Miles,Posey,Clear,"Sideswipe, Same Direction",no,no,no,no,no,False
103430380,METROPOLITAN NASHVILLE POLICE DEPT,20220486549,Davidson,Nashville,9/27/2022 5:25:00 PM,2,0,0,36.169760,-86.809300,I 40,,,,0.00,,,,,,,207.10,N,Not at Intersection,N,Non-Junction,None,,,         ,Kaitlyn,Powell,Clear,"Sideswipe, Same Direction",no,no,no,no,yes,False
103430389,VANDERBILT UNIVERSITY POLICE,20220486533,Davidson,Nashville,9/27/2022 4:20:00 PM,2,0,0,36.106900,-86.763330,POWELL AV,,,,0.00,,,,,,,0.00,,Not at Intersection, ,Non-Junction,None,,,         ,Nancy,Douglas,Clear,"Sideswipe, Same Direction",no,no,no,yes,no,OHO
103430394,METROPOLITAN NASHVILLE POLICE DEPT,20220486390,Davidson,Nashville,9/27/2022 3:57:00 PM,2,2,0,36.078320,-86.725950,NOLENSVILLE PKE,,,,460.00,Feet,North,WALLACE RD,,,,0.00,N,Not at Intersection,N,Non-Junction,None,,,         ,Megan,Arnett,Clear,Angle,no,no,no,no,no,False
103430395,METROPOLITAN NASHVILLE POLICE DEPT,20220486547,Davidson,Nashville,9/27/2022 5:17:00 PM,2,1,0,36.109830,-86.733520,THOMPSON LN,,,,0.00,Feet,,HARTFORD DR,,,,0.00,Y,Four-Way,N,Non-Junction,None,,,         ,Sean,McConnell,Clear,Other,no,no,no,no,no,False
103430399,METROPOLITAN NASHVILLE POLICE DEPT,20220486542,Davidson,Nashville,9/27/2022 5:15:00 PM,2,0,0,36.157110,-86.774670,KOREAN VETERANS BLVD,,,,0.00,,,4TH AVS,,,,0.00,Y,OTHER,N,Intersection,None,,,         ,Russell,Freeman,Clear,Angle,no,no,no,no,no,False
103430402,METROPOLITAN NASHVILLE POLICE DEPT,20220486612,Davidson,Nashville,9/27/2022 5:55:00 PM,2,1,0,36.215890,-86.586110,LEBANON PKE,,,,0.00,,,LADY NASHVILLE DR,,,,0.00,Y,T-Intersection,Y,Intersection,None,,,         ,Reagan,Heath,Clear,Angle,no,no,no,no,no,False
103430403,METROPOLITAN NASHVILLE POLICE DEPT,20220486602,Davidson,Nashville,9/27/2022 5:49:00 PM,2,2,0,36.110050,-86.777100,WOODMONT BLVD,,,,204.00,Feet,East,CRESTRIDGE DR,,,,0.00,N,Not at Intersection,N,Non-Junction,None,,,         ,Steven,Powers,Clear,Front to Rear,no,no,no,no,no,False
103430409,METROPOLITAN NASHVILLE POLICE DEPT,20220486516,Davidson,Nashville,9/27/2022 12:00:00 AM,3,1,0,36.143450,-86.687310,I 40,,,,0.00,,,,,,,215.40,N,Not at Intersection,N,Non-Junction,None,,,         ,Keenan,McCann,Clear,Front to Rear,no,no,no,no,yes,False
103430416,METROPOLITAN NASHVILLE POLICE DEPT,20220486520,Davidson,Not in City Limit,9/27/2022 3:30:00 PM,2,0,0,35.996870,-86.689890,NOLENSVILLE PKE,,,,0.00,Feet,,CONCORD RD,,,,0.00,Y,Four-Way, ,Intersection,None,,,         ,Jacob,Robbins,Clear,Angle,no,no,no,no,no,False
103430417,METROPOLITAN NASHVILLE POLICE DEPT,20220486627,Davidson,Nashville,9/27/2022 5:47:00 PM,2,1,0,36.172750,-86.825280,SCHRADER LN,,,,0.00,Feet,East,DR WALTER S DAVIS BLVD,,,,0.00,N,Not at Intersection,N,Non-Junction,None,,,         ,Tristen,Mayfield,Clear,"Sideswipe, Same Direction",no,no,no,no,no,False
103430423,METROPOLITAN NASHVILLE POLICE DEPT,20220486614,Davidson,Nashville,9/27/2022 5:59:00 PM,3,2,0,36.168620,-86.776320,JAMES ROBERTSON PKWY,,,,366.00,Feet,East,WOODLAND ST,,,,0.00,N,Not at Intersection,N,Non-Junction,None,,,         ,James,Hill,Clear,Front to Rear,no,no,no,no,no,False
103430480,METROPOLITAN NASHVILLE POLICE DEPT,20220486568,Davidson,Nashville,9/27/2022 5:30:00 PM,2,1,0,36.131880,-86.895530,CHARLOTTE PKE,,,,0.00,Feet,,I40 E ENT RAMP,,,,0.00,Y,Four-Way,N,Intersection,None,,,         ,Kyle,Eaton,Clear,Angle,no,no,no,no,no,False