master_record_number,agency,agency_tracking_number,county,city,collision_date,vehicles_involved,number_injured,number_dead,latitude,longitude,roadway_name,roadway_suffix,roadway_number,roadway_local_id,distance_from_reference,miles-feet_indicator,direction_from_reference,intersection_road_name,intersection_road_name_suffix,intersection_road_number,intersection_local_id,mile_marker,intersection_indicator,intersect_type,interchange_related_indicator,relation_to_junction,work_zone_type,construction_maintenance_zone,construction_maintenance_zone_location,fatal_case_number,officer_first_name,officer_last_name,weather_condition(s),manner_of_crash,pedestrian,bicycle,scooter,parking,hitrun,mou
103430498,THP District 3 - Nashville,322079674,Davidson,Nashville,9/27/2022 2:15:00 AM,1,0,0,36.214090,-86.691840,BRILEY PKWYN,,,,83.00,Feet,North,BRILEY PKWYS,,,,0.00,N,Not at Intersection, ,Non-Junction,None,,,         ,John-Mark,Tarr,Clear,Not Collision with Motor Vehicle in Transport,no,no,no,no,no,False
103430513,METROPOLITAN NASHVILLE POLICE DEPT,20220486565,Davidson,Nashville,9/27/2022 5:33:00 PM,2,2,0,36.134280,-86.779090,WEDGEWOOD AV,,,,0.00,,,8TH AVS,,,,0.00,Y,Four-Way,N,Intersection,None,,,         ,Garrett,Latham,Clear,Angle,no,no,no,no,no,False
103430540,METROPOLITAN NASHVILLE POLICE DEPT,20220486839,Davidson,Nashville,9/27/2022 8:10:00 PM,2,0,0,36.114990,-86.861250,HARDING PKE,,,,0.00,,,DAVIDSON RD,,,,0.00,Y,T-Intersection,N,Intersection,None,,,         ,Robert,Crow,Clear,Angle,no,no,no,no,no,False
103430552,METROPOLITAN NASHVILLE POLICE DEPT,20220486518,Davidson,Nashville,9/27/2022 5:33:00 PM,2,0,0,36.140640,-86.793660,16TH AVS,,,,35.00,Feet,South,HORTON AV,,,,0.00,N,Not at Intersection, ,Non-Junction,None,,,         ,Kevin,Smithson,Clear,Front to Rear,no,no,no,no,no,False
103430563,METROPOLITAN NASHVILLE POLICE DEPT,20220486877,Davidson,Nashville,9/27/2022 8:42:00 PM,2,0,0,36.176640,-86.771010,SPRING ST,,,,0.00,,,DICKERSON PKE,,,,0.00,Y,Four-Way,N,Intersection,None,,,         ,Russell,Freeman,Clear,Front to Rear,no,no,no,no,yes,False
103430585,METROPOLITAN NASHVILLE POLICE DEPT,20220486961,Davidson,Nashville,9/27/2022 9:15:00 PM,2,0,0,36.074650,-86.692900,I 24,,,,0.00,,,,,,,56.60,N,Not at Intersection, ,,Construction Zone,,,         ,Alex,DiBernardo,,,no,no,no,no,no,False
103430603,METROPOLITAN NASHVILLE POLICE DEPT,20220486322,Davidson,Nashville,9/27/2022 2:57:00 PM,2,0,0,36.045060,-86.659410,BELL RD,,,,327.00,Feet,East,I24 E ENT RAMP,,,,0.00,N,Not at Intersection,N,Non-Junction,None,,,         ,Keith,Parlato,Clear,"Sideswipe, Same Direction",no,no,no,no,yes,False
103430604,METROPOLITAN NASHVILLE POLICE DEPT,20220486849,Davidson,Nashville,9/27/2022 7:38:00 PM,3,2,0,36.046990,-86.656660,BELL RD,,,,295.00,Feet,West,HICKORY HOLLOW PKWY,,,,0.00,N,Not at Intersection,N,Non-Junction,None,,,         ,Megan,Arnett,Clear,Front to Rear,no,no,no,no,yes,False
103430621,METROPOLITAN NASHVILLE POLICE DEPT,20220486802,Davidson,Nashville,9/27/2022 5:55:00 PM,2,0,0,36.080360,-86.726570,NOLENSVILLE PKE,,,,283.00,Feet,North,HARDING PL,,,,0.00,N,Not at Intersection, ,Non-Junction,None,,,         ,Steven,Powers,Clear,Front to Rear,no,no,no,no,no,False
103430627,METROPOLITAN NASHVILLE POLICE DEPT,20220486762,Davidson,Nashville,9/27/2022 7:40:00 PM,2,1,0,36.170820,-86.767460,WOODLAND ST,,,,20.00,Feet,South,I24 W ENT RAMP,,,,0.00,N,Not at Intersection,N,Non-Junction,None,,,         ,Erin,Savidge,Clear,Front to Rear,no,no,no,no,no,False
103430629,METROPOLITAN NASHVILLE POLICE DEPT,20220486953,Davidson,Nashville,9/27/2022 7:00:00 PM,3,0,0,36.300780,-86.694830,RIVERGATE MALL PVTDR,,,,3.00,Feet,North,SHEPHERD HILLS DR,,,,0.00,N,Not at Intersection,N,Non-Junction,None,,,         ,Brandon,Lopez,Clear,Front to Rear,no,no,no,no,yes,False
103430633,METROPOLITAN NASHVILLE POLICE DEPT,2022-0483537,Davidson,Nashville,9/24/2022 12:00:00 AM,2,0,0,36.218980,-86.694440,MUSIC VALLEY DR,,,,445.00,Feet,West,RUDY CIR,,,,0.00,N,Not at Intersection,N,Non-Junction,None,,,         ,Frank,Walker,Clear,Unknown,no,no,no,no,yes,False
103430635,METROPOLITAN NASHVILLE POLICE DEPT,20220486383,Davidson,Nashville,9/27/2022 12:00:00 AM,2,1,0,36.167000,-86.765020,I 24,,,,0.00,,,,,,,48.90,N,Not at Intersection,N,Non-Junction,None,,,         ,McKenzie,Harper,Clear,Front to Rear,no,no,no,no,no,False
103430676,METROPOLITAN NASHVILLE POLICE DEPT,20220486737,Davidson,Antioch,9/27/2022 1:10:00 PM,2,0,0,36.016010,-86.620080,OLD HICKORY BLVD,,,,169.00,Feet,North,I24 W EXT RAMP,,,,0.00,N,Not at Intersection,N,Non-Junction,None,,,         ,Jakub,Boyke,Clear,HeadOn,no,no,no,no,no,False
103430677,METROPOLITAN NASHVILLE POLICE DEPT,20220487029,Davidson,Antioch,9/27/2022 10:17:00 PM,2,1,0,36.042850,-86.606550,MURFREESBORO PKE,,,,0.00,,,HOBSON PKE,,,,0.00,Y,Four-Way,N,Intersection-Related,None,,,         ,Jakub,Boyke,Clear,Front to Rear,no,no,no,no,yes,False
103430687,METROPOLITAN NASHVILLE POLICE DEPT,20220486947,Davidson,Nashville,9/27/2022 7:38:00 PM,2,0,0,36.125350,-86.742290,GLENROSE AV,,,,31.00,Feet,East,FOSTER AV,,,,0.00,N,Not at Intersection,N,Non-Junction,None,,,         ,Jerrod,Kalinsky,Clear,Angle,no,no,no,no,yes,False
103430689,METROPOLITAN NASHVILLE POLICE DEPT,20220487132,Davidson,Nashville,9/27/2022 10:28:00 PM,2,0,0,36.208790,-86.739530,IVERSON AV,,,,155.00,Feet,East,CONEY ST,,,,0.00,N,Not at Intersection,N,Non-Junction,None,,,         ,Kristopher,Sutton,Clear,"Sideswipe, Same Direction",no,no,no,no,yes,False
103430690,METROPOLITAN NASHVILLE POLICE DEPT,20220487182,Davidson,Madison,9/27/2022 11:40:00 PM,2,0,0,36.264450,-86.732280,OLD HICKORY BLVDW,,,,0.00,,,N GRAYCROFT AV,,,,0.00,Y,Four-Way,N,Intersection,None,,,         ,Jonathon,Sheppard,Clear,Angle,no,no,no,no,no,False
103430708,METROPOLITAN NASHVILLE POLICE DEPT,20220487296,Davidson,Nashville,9/28/2022 12:23:00 AM,1,0,0,36.197100,-86.745830,CAHAL AV,,,,26.00,Feet,East,MARTHA AV,,,,0.00,N,Not at Intersection,N,Non-Junction,None,,,         ,Kristopher,Sutton,Clear,Not Collision with Motor Vehicle in Transport,no,no,no,no,yes,False
103430716,METROPOLITAN NASHVILLE POLICE DEPT,20220487204,Davidson,Nashville,9/27/2022 10:42:00 PM,1,0,0,36.142800,-86.744360,MURFREESBORO PKE,,,,0.00,Feet,,FESSLERS LN,,,,0.00,Y,Four-Way, ,Intersection,None,,,         ,Richard,Luellen,Clear,Not Collision with Motor Vehicle in Transport,no,no,no,no,no,False
103430720,METROPOLITAN NASHVILLE POLICE DEPT,20220487318,Davidson,Nashville,9/28/2022 1:24:00 AM,2,1,0,36.071210,-86.645700,PEBBLE CREEK DR,,,,0.00,Feet,,EDGE O LAKE DR,,,,0.00,Y,OTHER,N,Non-Junction,None,,,         ,Benjamin,Kopriva,Clear,HeadOn,no,no,no,no,yes,False
103430725,METROPOLITAN NASHVILLE POLICE DEPT,20220487383,Davidson,Nashville,9/28/2022 2:10:00 AM,2,0,0,36.272850,-86.735860,I 65,,,,0.00,,,,,,,92.85,N,Not at Intersection,N,Non-Junction,None,,,         ,Jonathon,Sheppard,Clear,Front to Rear,no,no,no,no,no,False
103430739,METROPOLITAN NASHVILLE POLICE DEPT,20220487160,Davidson,Nashville,9/27/2022 11:25:00 PM,2,4,0,36.203550,-86.738530,GALLATIN PKE,,,,0.00,,,E TRINITY LN,,,,0.00,Y,Four-Way,Y,Intersection,None,,,         ,Jarrett,Ipox,Clear,Other,no,no,no,no,no,False
103430759,METROPOLITAN NASHVILLE POLICE DEPT,20220487381,Davidson,Nashville,9/28/2022 12:38:00 AM,2,0,0,36.086100,-86.701360,I24 E EXT RAMP,,,,0.00,Feet,East,I 24,,,,0.00,N,Not at Intersection,Y,Non-Junction,None,,,         ,Holly,Davis,Clear,"Sideswipe, Same Direction",no,no,no,no,yes,False
103430762,METROPOLITAN NASHVILLE POLICE DEPT,20220487442,Davidson,Nashville,9/28/2022 4:00:00 AM,1,0,0,36.253760,-86.738960,I 65,,,,0.00,,,,,,,91.50,N,Not at Intersection,N,Non-Junction,None,,,         ,Jonathon,Sheppard,Clear,Not Collision with Motor Vehicle in Transport,no,no,no,no,no,False
103430811,METROPOLITAN NASHVILLE POLICE DEPT,20220487470,Davidson,Nashville,9/28/2022 4:30:00 AM,1,0,0,36.174090,-86.800110,I65 N ENT RAMP,,,,0.00,Feet,East,11TH AVN,,,,0.00,N,Not at Intersection,N,Non-Junction,None,,,         ,Pamela,Caulder,Clear,Not Collision with Motor Vehicle in Transport,no,no,no,no,no,False
103430821,BERRY HILL POLICE DEPT,22-2822,Davidson,Berry Hill,9/26/2022 1:05:00 PM,2,0,0,36.118860,-86.774590,FRANKLIN PKE,,,,0.00,,,BERRY RD,,,,0.00,Y,T-Intersection, ,Intersection-Related,None,,,         ,Ronnie,Hill,Clear,Front to Rear,no,no,no,no,no,False
103430851,METROPOLITAN NASHVILLE POLICE DEPT,20220487615,Davidson,Nashville,9/28/2022 6:25:00 AM,2,0,0,36.092450,-86.705010,I 24,,,,0.00,,,,,,,55.20,N,Not at Intersection, ,,None,,,         ,John,Walden,,,no,no,no,no,no,False
103430853,METROPOLITAN NASHVILLE POLICE DEPT,20220487622,Davidson,Nashville,9/28/2022 7:05:00 AM,2,0,0,36.121320,-86.809930,SHARONDALE DR,,,,190.00,Feet,West,SHARONDALE CT,,,,0.00,N,Not at Intersection,N,Non-Junction,None,,,         ,Richard,Gilbert,Clear,Angle,no,no,no,no,no,False
103430860,METROPOLITAN NASHVILLE POLICE DEPT,20220487688,Davidson,Nashville,9/28/2022 7:25:00 AM,2,0,0,36.240020,-86.752900,I 65,,,,0.00,,,,,,,90.25,N,Not at Intersection, ,,None,,,         ,Justan,Vance,,,no,no,no,no,no,False
103430865,METROPOLITAN NASHVILLE POLICE DEPT,20220487697,Davidson,Madison,9/28/2022 12:00:00 AM,2,0,0,36.260870,-86.683000,BUBBLING WELL RD,,,,84.00,Feet,West,WYCHEWOOD CV,,,,0.00,N,Not at Intersection, ,,None,,,         ,Wesley,Mcclelland,,,no,no,no,no,no,False
103430874,METROPOLITAN NASHVILLE POLICE DEPT,20220487607,Davidson,Nashville,9/28/2022 6:55:00 AM,2,2,0,36.241050,-86.755090,BRILEY PKWYE,,,,91.00,Feet,East,I65 S EXT RAMP,,,,0.00,N,Not at Intersection,Y,Non-Junction,None,,,         ,Austin,Bronstrad,Clear,Front to Rear,no,no,no,no,no,False
103430876,METROPOLITAN NASHVILLE POLICE DEPT,20220487704,Davidson,Nashville,9/28/2022 7:38:00 AM,2,1,0,36.066960,-86.770630,I 65,,,,0.00,,,,,,,76.70,N,Not at Intersection,N,Non-Junction,None,,,         ,Brent,Bauer,Clear,Front to Rear,no,no,no,no,no,False
103430877,METROPOLITAN NASHVILLE POLICE DEPT,20220487710,Davidson,Nashville,9/28/2022 7:39:00 AM,2,0,0,36.043970,-86.656440,I 24,,,,0.00,,,,,,,59.55,N,Not at Intersection, ,Non-Junction,None,,,         ,Joe,Hooper,Clear,Front to Rear,no,no,no,no,no,False
103430880,METROPOLITAN NASHVILLE POLICE DEPT,20220487799,Davidson,Old Hickory,9/28/2022 7:43:00 AM,2,0,0,36.259140,-86.649670,12TH ST,,,,0.00,Feet,East,ELLISTON ST,,,,0.00,N,Not at Intersection,N,Non-Junction,None,,,         ,Allison,Zornes,Clear,Other,no,no,no,no,yes,False
103430882,METROPOLITAN NASHVILLE POLICE DEPT,20220487603,Davidson,Nashville,9/28/2022 6:50:00 AM,2,1,0,36.234580,-86.807540,BRILEY PKWYE,,,,689.00,Feet,East,BRILEY PKWYW,,,,0.00,N,Not at Intersection,N,Non-Junction,None,,,         ,Jeanine,Sarno,Clear,Front to Rear,no,no,no,no,no,False
103430888,METROPOLITAN NASHVILLE POLICE DEPT,2022-0487579,Davidson,Nashville,9/28/2022 5:45:00 AM,2,0,0,36.153920,-86.787760,I40 W EXT RAMP,,,,0.00,,,I 40,,,,0.00,Y,OTHER,N,Entrance/Exit Ramp Related,None,,,         ,Po,Cheng,Clear,Angle,no,no,no,no,no,False
103430914,METROPOLITAN NASHVILLE POLICE DEPT,20220487747,Davidson,Nashville,9/28/2022 8:00:00 AM,3,2,0,36.041260,-86.651730,I 24,,,,0.00,,,,,,,59.90,N,Not at Intersection,N,Non-Junction,None,,,         ,Joe,Hooper,Clear,Front to Rear,no,no,no,no,no,False
103430933,METROPOLITAN NASHVILLE POLICE DEPT,20220478345,Davidson,Nashville,9/23/2022 8:10:00 AM,2,1,0,36.235340,-86.710990,BRILEY PKWYE,,,,144.00,Feet,West,PENNINGTON BEND RD,,,,0.00,N,Not at Intersection,N,Non-Junction,None,,,         ,Katelyn,Argeroplos,Clear,"Sideswipe, Same Direction",no,no,no,no,no,False
103430937,METROPOLITAN NASHVILLE POLICE DEPT,20220487684,Davidson,Nashville,9/28/2022 7:28:00 AM,3,1,0,36.209600,-86.870390,ASHLAND CITY HWY,,,,8.00,Feet,West,ASHLAND CITY HWY WB ENT RAMP,,,,0.00,N,Not at Intersection,N,Non-Junction,None,,,         ,Bailey,McCluskey,Clear,Angle,no,no,no,no,no,False
103430938,METROPOLITAN NASHVILLE POLICE DEPT,20220487864,Davidson,Madison,9/28/2022 8:48:00 AM,2,0,0,36.262990,-86.711350,STATE RT 45,,,,171.00,Feet,East,GALLATIN PKEN,,,,0.00,N,Not at Intersection,N,Non-Junction,None,,,         ,Wesley,Mcclelland,Clear,Front to Rear,no,no,no,no,no,False
103430942,METROPOLITAN NASHVILLE POLICE DEPT,20220487837,Davidson,Nashville,9/28/2022 8:30:00 AM,4,0,0,36.081900,-86.761160,HARDING PL,,,,175.00,Feet,East,SIDCO DR,,,,0.00,N,Not at Intersection, ,Non-Junction,None,,,         ,Bianca,Crawford,Clear,Front to Rear,no,no,no,no,no,False
103430944,METROPOLITAN NASHVILLE POLICE DEPT,20220478663,Davidson,Nashville,9/23/2022 11:30:00 AM,3,0,0,36.152740,-86.765550,I 40,,,,0.00,,,,,,,210.60,N,Not at Intersection,N,Entrance/Exit Ramp Related,None,,,         ,Katelyn,Argeroplos,Clear,"Sideswipe, Same Direction",no,no,no,no,no,False
103430945,METROPOLITAN NASHVILLE POLICE DEPT,20220487782,Davidson,Nashville,9/28/2022 7:50:00 AM,1,1,0,36.034310,-86.643000,I 24,,,,0.00,,,,,,,60.60,N,Not at Intersection,N,Non-Junction,None,,,         ,Neil,Wolfe,Clear,Not Collision with Motor Vehicle in Transport,no,no,no,no,no,False
103430962,METROPOLITAN NASHVILLE POLICE DEPT,20220485984,Davidson,Nashville,9/27/2022 11:00:00 AM,2,0,0,36.154300,-86.824110,TREVOR ST,,,,5.00,Feet,East,33RD AVN,,,,0.00,N,Not at Intersection, ,Non-Junction,None,,,         ,Darren,Key,Clear,Front to Rear,no,no,no,no,no,False
103430969,METROPOLITAN NASHVILLE POLICE DEPT,20220487734,Davidson,Nashville,9/28/2022 12:00:00 AM,2,1,0,36.141540,-86.740550,MURFREESBORO PKE,,,,0.00,Feet,East,FOSTER AV,,,,0.00,N,Not at Intersection,N,Non-Junction,None,,,         ,Luis,Pena,Clear,"Sideswipe, Opposite Direction",no,no,no,no,no,False
103430981,METROPOLITAN NASHVILLE POLICE DEPT,20220487721,Davidson,Nashville,9/28/2022 7:30:00 AM,2,0,0,36.132560,-86.779240,8TH AVS,,,,19.00,Feet,North,BENTON AV,,,,0.00,N,Not at Intersection,N,Non-Junction,None,,,         ,Rex,Engelbert,Clear,Angle,no,no,no,yes,yes,False
103430988,METROPOLITAN NASHVILLE POLICE DEPT,20220487959,Davidson,Nashville,9/28/2022 8:19:00 AM,2,1,0,36.070030,-86.698800,HAYWOOD LN,,,,0.00,,,EAST RIDGE DR,,,,0.00,Y,Four-Way,N,Intersection,None,,,         ,Joe,Hooper,Clear,Angle,no,no,no,no,no,False
103430991,METROPOLITAN NASHVILLE POLICE DEPT,20220487733,Davidson,Nashville,9/28/2022 7:45:00 AM,2,1,0,36.053630,-86.617540,MURFREESBORO PKE,,,,0.75,Miles,North,MOUNTAIN SPRINGS RD,,,,0.00,N,Not at Intersection,N,Non-Junction,None,,,         ,Daniel,Rizzo,Clear,Angle,no,no,no,no,no,False
103430996,METROPOLITAN NASHVILLE POLICE DEPT,20220487984,Davidson,Nashville,9/28/2022 8:06:00 AM,2,0,0,36.145270,-86.707390,ELM HILL PKE,,,,217.00,Feet,West,ELM TREE DR,,,,0.00,N,Not at Intersection,N,Non-Junction,None,,,         ,Michael,Brooks,Clear,"Sideswipe, Same Direction",no,no,no,no,yes,False
103431006,METROPOLITAN NASHVILLE POLICE DEPT,20220487820,Davidson,Nashville,9/28/2022 8:27:00 AM,2,0,0,36.048520,-86.612710,MURFREESBORO,PIKE,,,500.00,Feet,South,PIN HOOK,RD,US,,0.00,N,Not at Intersection,N,Non-Junction,None,,,         ,Darren,Key,Clear,Front to Rear,no,no,no,no,no,False
103431013,METROPOLITAN NASHVILLE POLICE DEPT,20220488070,Davidson,Nashville,9/28/2022 10:05:00 AM,2,0,0,36.152200,-86.842220,46TH AVN,,,,0.00,,,CHARLOTTE AV,,,,0.00,Y,Four-Way, ,Intersection,None,,,         ,Douglas,Atwood,Clear,"Sideswipe, Opposite Direction",no,no,no,no,no,False
103431027,METROPOLITAN NASHVILLE POLICE DEPT,20220488122,Davidson,Nashville,9/28/2022 10:57:00 AM,2,0,0,36.045250,-86.660010,I24 E EXT RAMP,,,,0.00,,,I 24,,,,0.00,Y,OTHER, ,Non-Junction,Construction Zone,,,         ,Jason,Hees,Clear,Front to Rear,no,no,no,no,yes,False
103431057,METROPOLITAN NASHVILLE POLICE DEPT,20220487990,Davidson,Nashville,9/28/2022 9:48:00 AM,3,0,0,36.153840,-86.756080,HERMITAGE AV,,,,0.00,,,FAIRFIELD AV,,,,0.00,Y,Four-Way,N,Intersection,None,,,         ,Michael,Brooks,Clear,Front to Rear,no,no,no,no,yes,False
103431062,METROPOLITAN NASHVILLE POLICE DEPT,20220487793,Davidson,Nashville,9/28/2022 8:08:00 AM,2,0,0,36.143830,-86.727550,POPLAR ST,,,,0.00,,,ELM HILL PKE,,,,0.00,Y,OTHER,N,Non-Junction,None,,,         ,Aimee,Ortiz,Clear,Angle,no,no,no,no,no,False
103431063,METROPOLITAN NASHVILLE POLICE DEPT,20220488214,Davidson,Nashville,9/28/2022 11:20:00 AM,1,0,0,36.220540,-86.730390,CURDWOOD BLVD,,,,0.00,,,,,,,0.00,,,N,Non-Junction,None,,,         ,Matthew,Cammarn,Clear,Not Collision with Motor Vehicle in Transport,no,no,no,yes,yes,False
103431064,METROPOLITAN NASHVILLE POLICE DEPT,20220487807,Davidson,Nashville,9/28/2022 8:20:00 AM,1,0,0,36.076180,-86.686240,DENISE DR,,,,309.00,Feet,West,DENISE CT,,,,0.00,N,Not at Intersection,N,Non-Junction,None,,,         ,Ashley,Kelley,Clear,Not Collision with Motor Vehicle in Transport,no,no,no,yes,no,False
103431078,METROPOLITAN NASHVILLE POLICE DEPT,20220488166,Davidson,Nashville,9/28/2022 8:40:00 AM,2,0,0,36.176910,-86.774580,N 1ST ST,,,,0.00,,,SPRING ST,,,,0.00,Y,Four-Way, ,,None,,,         ,Byron,Carter,,,no,no,no,no,no,False
103431080,METROPOLITAN NASHVILLE POLICE DEPT,20220488288,Davidson,Goodlettsville,9/28/2022 12:12:00 PM,2,0,0,36.296910,-86.699160,MYATT DR,,,,0.00,,,GALLATIN PKEN,,,,0.00,Y,Four-Way, ,,None,,,         ,Christopher,Littles,,,no,no,no,no,no,False
103431082,METROPOLITAN NASHVILLE POLICE DEPT,20220487952,Davidson,Nashville,9/28/2022 8:15:00 AM,2,1,0,36.096770,-86.654560,OLD MURFREESBORO PKE,,,,0.00,,,SMITH SPRINGS RD,,,,0.00,Y,Four-Way,N,Intersection,None,,,         ,Michael,Brooks,Clear,Angle,no,no,no,no,no,False
103431086,METROPOLITAN NASHVILLE POLICE DEPT,20220487977,Davidson,Nashville,9/24/2022 8:58:00 PM,2,0,0,36.103110,-86.869820,HARDING PKE,,,,239.00,Feet,South,OLD HARDING PKE,,,,0.00,N,Not at Intersection, ,Non-Junction,None,,,         ,Douglas,Atwood,Unknown,Rear to Rear,no,no,no,yes,yes,False
103431093,METROPOLITAN NASHVILLE POLICE DEPT,20220488267,Davidson,Antioch,9/28/2022 7:40:00 AM,2,0,0,36.039210,-86.602780,MURFREESBORO PKE,,,,0.00,,,HOBSON PKE,,,,0.00,Y,OTHER,N,"Driveway, Alley Access, etc",None,,,         ,Neil,Wolfe,Clear,Angle,no,no,no,no,yes,False
103431108,METROPOLITAN NASHVILLE POLICE DEPT,20220488310,Davidson,Nashville,9/28/2022 12:14:00 PM,2,0,0,36.077150,-86.734090,OVERCREST DR,,,,0.00,,,HARDING PL,,,,0.00,Y,T-Intersection, ,Non-Junction,None,,,         ,Bianca,Crawford,Clear,Angle,no,no,no,no,no,False
103431125,THP District 9 - Administrative,322079413,Davidson,Nashville,9/26/2022 7:45:00 AM,2,2,0,36.153710,-86.844560,I 40,,,,0.00,,,,,,,204.65,N,Not at Intersection,Y,Entrance/Exit Ramp Related,None,,,         ,Steve,Sakarapanee,Clear,"Sideswipe, Same Direction",no,no,no,no,no,False
103431130,METROPOLITAN NASHVILLE POLICE DEPT,20220488215,Davidson,Nashville,9/28/2022 11:23:00 AM,2,0,0,36.151590,-86.852100,CHARLOTTE AV,,,,0.00,Feet,,MORROW RD,,,,0.00,Y,Four-Way,N,Intersection,None,,,         ,Darren,Key,Clear,Angle,no,no,no,no,no,False
103431195,METROPOLITAN NASHVILLE POLICE DEPT,20220487936,Davidson,Nashville,9/28/2022 8:50:00 AM,2,0,0,36.128690,-86.906750,CHARLOTTE PKE PVTDR,,,,0.00,Feet,,RIVER RD,,,,0.00,Y,T-Intersection, ,Intersection-Related,None,,,         ,Cory,Bean,Clear,"Sideswipe, Same Direction",no,no,no,no,no,False
103431260,METROPOLITAN NASHVILLE POLICE DEPT,20220478268,Davidson,Nashville,9/23/2022 7:24:00 AM,2,0,0,36.160590,-86.585380,BELL RD,,,,0.00,,,S NEW HOPE RD,,,,0.00,Y,Four-Way,N,Intersection-Related,None,,,         ,Scott,Carter,Clear,Front to Rear,no,no,no,no,no,False
103431323,METROPOLITAN NASHVILLE POLICE DEPT,20220488468,Davidson,Nashville,9/28/2022 1:47:00 PM,2,2,0,36.168090,-86.817200,JEFFERSON ST,,,,80.00,Feet,West,I40 W ENT RAMP,,,,0.00,N,Not at Intersection,N,Non-Junction,None,,,         ,Ryan,Caulfield,Clear,"Sideswipe, Opposite Direction",no,no,no,no,no,False
103431415,METROPOLITAN NASHVILLE POLICE DEPT,20220488506,Davidson,Goodlettsville,9/28/2022 2:11:00 PM,2,0,0,36.302140,-86.692720,TWIN HILLS DR,,,,0.00,,,GALLATIN PKEN,,,,0.00,Y,Four-Way, ,,None,,,         ,Christopher,Littles,,,no,no,no,no,no,False
103431421,METROPOLITAN NASHVILLE POLICE DEPT,20220488337,Davidson,Nashville,9/28/2022 12:35:00 PM,1,1,0,36.137210,-86.724210,SPENCE LN,,,,536.00,Feet,East,I40 E ENT RAMP,,,,0.00,N,Not at Intersection,N,Non-Junction,None,,,         ,Patrick,Lancaster,Clear,Not Collision with Motor Vehicle in Transport,no,no,no,yes,no,False
103431444,METROPOLITAN NASHVILLE POLICE DEPT,20220488613,Davidson,Nashville,9/28/2022 2:50:00 PM,2,1,0,36.173030,-86.792400,9TH AVN,,,,0.00,,East,JEFFERSON ST,,,,0.00,N,Not at Intersection,N,Non-Junction,None,,,         ,Hendrik,Kruger,Clear,Angle,no,no,no,no,yes,False
103431451,METROPOLITAN NASHVILLE POLICE DEPT,20220488585,Davidson,Nashville,9/28/2022 3:15:00 PM,4,3,0,36.140570,-86.723700,I 40,,,,0.00,,,,,,,213.55,N,Not at Intersection,N,Non-Junction,None,,,         ,Reagan,Heath,Clear,Front to Rear,no,no,no,no,yes,False
103431452,GOODLETTSVILLE POLICE DEPT,22-29804,Davidson,Goodlettsville,9/28/2022 1:58:00 PM,2,0,0,36.305200,-86.718860,DICKERSON PKES,,,,0.00,,,MOSS TRL,,,,0.00,Y,Four-Way,N,Intersection,None,,,         ,Daniel,Knalls,Clear,"Sideswipe, Opposite Direction",no,no,no,no,no,False
103431459,METROPOLITAN NASHVILLE POLICE DEPT,20220488617,Davidson,Nashville,9/28/2022 2:54:00 PM,2,2,0,36.111110,-86.788660,WOODMONT BLVD,,,,340.00,Feet,West,LEALAND LN,,,,0.00,N,Not at Intersection,N,Non-Junction,None,,,         ,Steven,Powers,Clear,Front to Rear,no,no,no,no,no,False
103431467,THP District 3 - Nashville,322079807,Davidson,Nashville,9/27/2022 12:00:00 AM,2,0,0,36.191160,-86.798250,VANTAGE WAY,,,,213.00,Feet,East,ROSA L PARKS BLVD,,,,0.00,N,Not at Intersection, ,SharedUsePathOrTrail,None,,,         ,Nicholas,Lang,Clear,Angle,no,no,no,yes,yes,False
103431476,METROPOLITAN NASHVILLE POLICE DEPT,20220488721,Davidson,Nashville,9/28/2022 1:59:00 PM,2,0,0,36.156580,-86.806460,21ST AVN,,,,36.00,Feet,North,CHARLOTTE AV,,,,0.00,N,Not at Intersection, ,Non-Junction,None,,,         ,Lucas,Thomas,Clear,Angle,no,no,no,no,no,False
103431477,METROPOLITAN NASHVILLE POLICE DEPT,20220488562,Davidson,Nashville,9/28/2022 2:40:00 PM,1,0,0,36.033460,-86.712970,NOLENSVILLE PKE,,,,24.00,Feet,South,BARNES RD,,,,0.00,N,Not at Intersection,N,Non-Junction,None,,,         ,Jakub,Boyke,Clear,Not Collision with Motor Vehicle in Transport,no,no,no,no,no,False
103431482,METROPOLITAN NASHVILLE POLICE DEPT,20220488707,Davidson,Nashville,9/28/2022 4:05:00 PM,2,0,0,36.142720,-86.815350,WEST END AV,,,,63.00,Feet,North,31ST AVN,,,,0.00,N,Not at Intersection, ,Non-Junction,None,,,         ,Dakota,Davis,Clear,Angle,no,no,no,no,no,Campus
103431487,METROPOLITAN NASHVILLE POLICE DEPT,20220488670,Davidson,Nashville,9/28/2022 3:58:00 PM,2,1,0,36.140060,-86.723740,I 40,,,,0.00,,,,,,,213.60,N,Not at Intersection,N,Non-Junction,None,,,         ,Evan,Grace,Clear,Front to Rear,no,no,no,no,no,False
103431498,METROPOLITAN NASHVILLE POLICE DEPT,20220488658,Davidson,Nashville,9/28/2022 3:47:00 PM,2,2,0,36.122510,-86.851020,HARDING PKE,,,,114.00,Feet,East,LYNNWOOD BLVD,,,,0.00,N,Not at Intersection,N,Non-Junction,None,,,         ,Jared,Dick,Clear,Front to Rear,no,no,no,no,no,False