master_record_number,agency,agency_tracking_number,county,city,collision_date,vehicles_involved,number_injured,number_dead,latitude,longitude,roadway_name,roadway_suffix,roadway_number,roadway_local_id,distance_from_reference,miles-feet_indicator,direction_from_reference,intersection_road_name,intersection_road_name_suffix,intersection_road_number,intersection_local_id,mile_marker,intersection_indicator,intersect_type,interchange_related_indicator,relation_to_junction,work_zone_type,construction_maintenance_zone,construction_maintenance_zone_location,fatal_case_number,officer_first_name,officer_last_name,weather_condition(s),manner_of_crash,pedestrian,bicycle,scooter,parking,hitrun,mou
103431547,METROPOLITAN NASHVILLE POLICE DEPT,20220488723,Davidson,Nashville,9/28/2022 3:55:00 PM,2,0,0,36.147350,-86.785730,SOUTH ST,,,,0.00,,,12TH AVS,,,,0.00,Y,Four-Way,N,Intersection,None,,,         ,Russell,Freeman,Clear,"Sideswipe, Same Direction",no,no,no,no,yes,False
103431559,METROPOLITAN NASHVILLE POLICE DEPT,20220488818,Davidson,Nashville,9/28/2022 5:25:00 PM,2,0,0,36.151800,-86.771250,4TH AVS,,,,0.00,,,LAFAYETTE ST,,,,0.00,Y,Four-Way,N,Intersection,None,,,         ,Kency,Le,Clear,"Sideswipe, Same Direction",no,no,no,no,yes,False
103431566,METROPOLITAN NASHVILLE POLICE DEPT,20220488550,Davidson,Nashville,9/28/2022 2:51:00 PM,3,0,0,36.169780,-86.685080,THE CROSSINGS PVTDR,,,,0.00,Feet,East,LEBANON PKE,,,,0.00,N,Not at Intersection, ,Non-Junction,None,,,         ,Douglas,Mann,Clear,Front to Rear,no,no,no,no,no,False
103431567,METROPOLITAN NASHVILLE POLICE DEPT,20220488784,Davidson,Nashville,9/28/2022 4:10:00 PM,2,0,0,36.138060,-86.805480,BLAKEMORE AV,,,,128.00,Feet,West,25TH AVS,,,,0.00,N,Not at Intersection, ,Non-Junction,None,,,         ,Cory,Stratton,Clear,Angle,no,no,no,no,no,Campus
103431584,METROPOLITAN NASHVILLE POLICE DEPT,20220488858,Davidson,Nashville,9/28/2022 5:45:00 PM,2,1,0,36.142480,-86.778780,8TH AVS,,,,39.00,Feet,North,CENTRAL ST,,,,0.00,N,Not at Intersection,N,Non-Junction,None,,,         ,Cory,Stratton,Clear,Front to Rear,no,no,no,no,no,False
103431617,METROPOLITAN NASHVILLE POLICE DEPT,20220488885,Davidson,Nashville,9/28/2022 5:44:00 PM,2,0,0,36.241100,-86.780630,BRICK CHURCH PKE,,,,76.00,Feet,North,BRILEY PARK BLVDS,,,,0.00,N,Not at Intersection, ,Non-Junction,None,,,         ,Kyle,Eicholtz,Clear,Front to Rear,no,no,no,no,no,False
103431630,WILLIAMSON CO SHERIFFS OFFICE,2221736,Davidson,Not in City Limit,9/28/2022 5:50:00 PM,1,0,0,35.980780,-86.987830,NEW HIGHWAY 96W,,,,348.00,Feet,North,OLD CHARLOTTE PIKEW,,,,0.00,N,Not at Intersection,N,Non-Junction,None,,,         ,James,Davison,Clear,Not Collision with Motor Vehicle in Transport,no,no,no,no,no,False
103431632,METROPOLITAN NASHVILLE POLICE DEPT,20220488848,Davidson,Nashville,9/28/2022 2:50:00 PM,2,0,0,36.119290,-86.698230,BRILEY PKWY S EXT RAMP,,,,0.00,Feet,East,BRILEY PKWYS,,,,0.00,N,Not at Intersection, ,,None,,,         ,Keenan,McCann,,,no,no,no,no,no,False
103431665,METROPOLITAN NASHVILLE POLICE DEPT,20220488720,Davidson,Nashville,9/28/2022 4:26:00 PM,2,0,0,36.167260,-86.795600,I 40,,,,0.00,,,,,,,208.75,N,Not at Intersection,N,Non-Junction,None,,,         ,Jonas,Elias,Clear,Front to Rear,no,no,no,no,no,False
103431685,THP District 3 - Nashville,322079752,Davidson,Nashville,9/27/2022 9:43:00 AM,2,0,0,36.057510,-86.677020,I 24,,,,0.00,,,,,,,58.10,N,Not at Intersection, ,Non-Junction,None,,,         ,Lennart,Schaaf,Clear,"Sideswipe, Same Direction",no,no,no,no,yes,False
103431688,METROPOLITAN NASHVILLE POLICE DEPT,20220489065,Davidson,Nashville,9/28/2022 7:30:00 PM,2,0,0,36.151020,-86.750320,I 40,,,,0.00,,,,,,,211.60,N,Not at Intersection,N,Non-Junction,None,,,         ,Reagan,Heath,Clear,Front to Rear,no,no,no,no,no,False
103431693,METROPOLITAN NASHVILLE POLICE DEPT,20220488778,Davidson,Nashville,9/28/2022 4:26:00 PM,2,0,0,36.183460,-86.748970,W EASTLAND AV,,,,125.00,Feet,West,GALLATIN AV,,,,0.00,N,Not at Intersection, ,,None,,,         ,Randy,Puckett,,,no,no,no,no,no,False
103431712,METROPOLITAN NASHVILLE POLICE DEPT,20220489020,Davidson,Not in City Limit,9/28/2022 6:13:00 PM,2,0,0,36.070270,-86.933710,COLICE JEANNE RD,,,,398.00,Feet,North,BAUGH RD,,,,0.00,N,Not at Intersection,N,Non-Junction,None,,,         ,Jeremy,Huffine,Clear,Front to Rear,no,no,no,no,no,False
103431715,METROPOLITAN NASHVILLE POLICE DEPT,20220488857,Davidson,Nashville,9/28/2022 5:50:00 PM,2,0,0,36.085930,-86.649180,UNA ANTIOCH PKE,,,,388.00,Feet,South,MURFREESBORO PKE,,,,0.00,N,Not at Intersection,N,Non-Junction,None,,,         ,Laura,Williams,Clear,Angle,no,no,no,no,no,False
103431728,METROPOLITAN NASHVILLE POLICE DEPT,20220488598,Davidson,Nashville,9/28/2022 3:05:00 PM,2,2,0,36.069250,-86.843210,HILLSBORO PKE,,,,0.00,,,BANCROFT PL,,,,0.00,Y,T-Intersection,N,Intersection-Related,None,,,         ,Kyle,Eaton,Clear,Front to Rear,no,no,no,no,no,False
103431736,METROPOLITAN NASHVILLE POLICE DEPT,20220488947,Davidson,Nashville,9/28/2022 6:12:00 PM,2,0,0,36.110100,-86.776020,WOODMONT BLVD,,,,54.00,Feet,West,PLEASANT VALLEY RD,,,,0.00,N,Not at Intersection,N,Non-Junction,None,,,         ,Jacob,Robbins,Clear,Front to Rear,no,no,no,no,no,False
103431792,METROPOLITAN NASHVILLE POLICE DEPT,20220489257,Davidson,Nashville,9/28/2022 7:50:00 PM,1,0,0,36.231690,-86.624620,OLD HICKORY BLVD,,,,218.00,Feet,South,SHUTE LN,,,,0.00,N,Not at Intersection,N,Non-Junction,None,,,         ,Nelson,Hemingway,Clear,Not Collision with Motor Vehicle in Transport,no,no,no,no,no,False
103431794,METROPOLITAN NASHVILLE POLICE DEPT,20220488896,Davidson,Nashville,9/28/2022 5:41:00 PM,2,1,0,36.110190,-86.770420,I 65,,,,0.00,,,,,,,79.80,N,Not at Intersection,N,Non-Junction,None,,,         ,Steven,Powers,Clear,Front to Rear,no,no,no,no,no,False
103431795,METROPOLITAN NASHVILLE POLICE DEPT,20220489037,Davidson,Nashville,9/28/2022 7:22:00 PM,2,3,0,36.115920,-86.798620,BATTLEFIELD DR,,,,0.00,,,BELMONT BLVD,,,,0.00,Y,Four-Way,N,Intersection,None,,,         ,Steven,Powers,Clear,Angle,no,no,no,no,no,False
103431807,METROPOLITAN NASHVILLE POLICE DEPT,20220489244,Davidson,Nashville,9/28/2022 9:13:00 PM,2,0,0,36.102560,-86.713820,I 24,,,,0.00,,,,,,,54.35,N,Not at Intersection,N,Non-Junction,None,,,         ,Joseph,Hurst,Clear,Angle,no,no,no,no,yes,False
103431842,METROPOLITAN NASHVILLE POLICE DEPT,20220489066,Davidson,Nashville,9/28/2022 7:08:00 PM,2,0,0,36.153300,-86.842260,ALABAMA AV,,,,0.00,,,I40 E ENT RAMP,,,,0.00,Y,Four-Way, ,Intersection,None,,,         ,Justin,McCormick,Clear,Angle,no,no,no,no,no,False
103431852,METROPOLITAN NASHVILLE POLICE DEPT,2022-0489102,Davidson,Nashville,9/28/2022 7:35:00 PM,3,0,0,36.054270,-86.642910,BELL RD,,,,305.00,Feet,South,THE OVERLOOK PVTDR,,,,0.00,N,Not at Intersection,N,Non-Junction,None,,,         ,Ernest,Jones,Clear,Front to Rear,no,no,no,no,yes,False
103431862,METROPOLITAN NASHVILLE POLICE DEPT,20220488753,Davidson,Nashville,9/28/2022 1:15:00 PM,2,1,0,36.135440,-86.893760,I 40,,,,0.00,,,,,,,201.50,N,Not at Intersection,N,Non-Junction,None,,,         ,Jeremy,Huffine,Clear,Front to Rear,no,no,no,no,no,False
103431869,METROPOLITAN NASHVILLE POLICE DEPT,20220489088,Davidson,Nashville,9/28/2022 5:10:00 PM,2,0,0,36.149310,-86.857910,WHITE BRIDGE PKE,,,,307.00,Feet,South,CHARLOTTE PKE,,,,0.00,N,Not at Intersection,N,Non-Junction,None,,,         ,Heather,Fox,Clear,Front to Rear,no,no,no,no,yes,False
103431871,METROPOLITAN NASHVILLE POLICE DEPT,20220488816,Davidson,Nashville,9/28/2022 5:15:00 PM,2,0,0,36.043830,-86.656190,I 24,,,,0.00,,,,,,,59.60,N,Not at Intersection,Y,Entrance/Exit Ramp Related,None,,,         ,Keith,Parlato,Clear,Angle,no,no,no,no,yes,False
103431872,METROPOLITAN NASHVILLE POLICE DEPT,20220489096,Davidson,Nashville,9/28/2022 7:49:00 PM,4,7,0,36.046560,-86.661410,I 24,,,,0.00,,,,,,,59.25,N,Not at Intersection,N,Non-Junction,Construction Zone,Work On Shoulder Or Median,Activity Area,         ,Keith,Parlato,Clear,Front to Rear,no,no,no,no,yes,False
103431880,METROPOLITAN NASHVILLE POLICE DEPT,20220488774,Davidson,Madison,9/28/2022 12:00:00 AM,2,0,0,36.295380,-86.700530,GALLATIN PKEN,,,,132.00,Feet,South,RIVERGATE STATION PVTDR,,,,0.00,N,Not at Intersection, ,Non-Junction,None,,,         ,James,Kidd,Clear,"Sideswipe, Same Direction",no,no,no,no,yes,False
103431881,METROPOLITAN NASHVILLE POLICE DEPT,20220488971,Davidson,Not in City Limit,9/28/2022 5:50:00 PM,2,0,0,36.284340,-86.706550,GALLATIN PKEN,,,,366.00,Feet,North,EDGEMEADE BLVD,,,,0.00,N,Not at Intersection, ,Non-Junction,None,,,         ,Bradley,Campbell,Clear,Front to Rear,no,no,no,no,yes,False
103431885,METROPOLITAN NASHVILLE POLICE DEPT,20220489110,Davidson,Not in City Limit,9/28/2022 8:03:00 PM,2,1,0,36.281480,-86.707840,MCKINLEY ST,,,,0.00,,,GALLATIN PKEN,,,,0.00,Y,T-Intersection,N,Intersection,None,,,         ,Bradley,Campbell,Clear,Angle,no,no,no,no,yes,False
103431897,METROPOLITAN NASHVILLE POLICE DEPT,20220489400,Davidson,Madison,9/28/2022 11:00:00 PM,2,0,0,36.264490,-86.730420,OLD HICKORY BLVDW,,,,58.00,Feet,West,N MARTHONA RD,,,,0.00,N,Not at Intersection,N,Non-Junction,None,,,         ,Jonathon,Sheppard,Clear,Front to Rear,no,no,no,no,yes,False
103431904,METROPOLITAN NASHVILLE POLICE DEPT,20220489068,Davidson,Goodlettsville,9/28/2022 6:18:00 PM,2,0,0,36.304610,-86.694150,RIVERGATE MALL PVTDR,,,,300.00,Feet,West,CONFERENCE DR,,,,0.00,N,Not at Intersection, ,Non-Junction,None,,,         ,James,Kidd,Clear,"Sideswipe, Same Direction",no,no,no,yes,yes,False
103431910,METROPOLITAN NASHVILLE POLICE DEPT,20220489429,Davidson,Not in City Limit,9/28/2022 12:00:00 AM,1,0,0,36.073100,-86.925220,OLD HARDING PKE,,,,374.00,Feet,South,HICKS RD,,,,0.00,N,Not at Intersection,N,Non-Junction,None,,,         ,Douglas,Sykes,Clear,Not Collision with Motor Vehicle in Transport,no,no,no,no,yes,False
103431939,METROPOLITAN NASHVILLE POLICE DEPT,20220489422,Davidson,Nashville,9/28/2022 11:11:00 PM,2,0,0,36.149440,-86.862050,CHARLOTTE PKE,,,,0.00,,,,,,,0.00,,, ,OtherLocation,None,,,         ,Kyle,Lund,Clear,Angle,no,no,no,no,yes,False
103431941,METROPOLITAN NASHVILLE POLICE DEPT,2022-0481728,Davidson,Nashville,9/25/2022 12:00:00 AM,2,2,0,36.131740,-86.629070,BELL RD,,,,357.00,Feet,South,PRIEST WOODS DR,,,,0.00,N,Not at Intersection,N,OtherLocation,None,,,         ,Frank,Walker,Cloudy,"Sideswipe, Same Direction",no,no,no,no,yes,False
103431944,METROPOLITAN NASHVILLE POLICE DEPT,20220489473,Davidson,Nashville,9/29/2022 12:02:00 AM,1,0,0,36.091250,-86.651280,MURFREESBORO PKE,,,,3.00,Feet,North,BRITISH WOODS DR,,,,0.00,N,Not at Intersection,N,OtherLocation,None,,,         ,Jeffrey,Palomino-Gonzalez,Clear,Not Collision with Motor Vehicle in Transport,no,no,no,no,no,False
103431948,METROPOLITAN NASHVILLE POLICE DEPT,20220488776,Davidson,Nashville,9/28/2022 4:57:00 PM,2,0,0,36.141850,-86.783370,EDGEHILL AV,,,,672.00,Feet,West,HILLSIDE AV,,,,0.00,N,Not at Intersection,N,Non-Junction,None,,,         ,Brady,Reynolds,Clear,Angle,no,no,no,no,no,False
103431955,METROPOLITAN NASHVILLE POLICE DEPT,20220489474,Davidson,Nashville,9/29/2022 12:00:00 AM,2,2,0,36.040010,-86.743470,OLD HICKORY BLVD,,,,0.00,,,EDMONDSON PKE,,,,0.00,Y,Four-Way,Y,Intersection,None,,,         ,Clayton,Cox,Clear,Angle,no,no,no,no,no,False
103431956,METROPOLITAN NASHVILLE POLICE DEPT,20220489493,Davidson,Nashville,9/29/2022 12:26:00 AM,2,0,0,36.144660,-86.744040,ELM HILL PKE,,,,0.00,Feet,,FESSLERS LN,,,,0.00,Y,Four-Way,N,Intersection,None,,,         ,Timothy,Lehnert,Clear,Angle,no,no,no,no,no,False
103431957,METROPOLITAN NASHVILLE POLICE DEPT,20220489115,Davidson,Nashville,9/28/2022 8:04:00 PM,2,3,0,36.045190,-86.715550,OLD HICKORY BLVD,,,,224.00,Feet,West,BRENTWOOD EAST DR,,,,0.00,N,Not at Intersection,N,Non-Junction,None,,,         ,Jacob,Robbins,Clear,HeadOn,no,no,no,no,no,False
103431964,METROPOLITAN NASHVILLE POLICE DEPT,20220489476,Davidson,Nashville,9/29/2022 12:08:00 AM,2,0,0,36.193660,-86.831220,CLARKSVILLE PKE,,,,0.00,Feet,,S HAMILTON RD,,,,0.00,Y,Four-Way,N,Intersection,None,,,         ,Pamela,Caulder,Clear,"Sideswipe, Opposite Direction",no,no,no,no,no,False
103431965,METROPOLITAN NASHVILLE POLICE DEPT,20220489354,Davidson,Nashville,9/28/2022 10:39:00 PM,1,1,0,36.142300,-86.742830,MURFREESBORO PKE,,,,0.00,Feet,North,POLK AV,,,,0.00,N,Not at Intersection,N,Non-Junction,None,,,         ,Benjamin,Kopriva,Clear,Not Collision with Motor Vehicle in Transport,no,no,no,no,no,False
103431973,METROPOLITAN NASHVILLE POLICE DEPT,20220489524,Davidson,Madison,9/29/2022 12:00:00 AM,1,0,0,36.259380,-86.706170,FOREST PARK CT,,,,0.00,,,,,,,0.00,,,N,Non-Junction,None,,,         ,Thomas,Denenea,Clear,Not Collision with Motor Vehicle in Transport,no,no,no,no,yes,False
103431983,TENNESSEE STATE UNIVERSITY ,22-TSU-30481,Davidson,Nashville,9/28/2022 2:45:00 AM,2,0,0,36.163100,-86.827250,34TH AVN,,,,0.00,,,ALBION ST,,,,0.00,Y,OTHER, ,Non-Junction,None,,,         ,Timothy,Torok,Clear,Rear to Rear,no,no,no,yes,no,False
103431995,METROPOLITAN NASHVILLE POLICE DEPT,20220489545,Davidson,Nashville,9/29/2022 1:34:00 AM,2,2,0,36.119920,-86.918520,CHARLOTTE PKE,,,,18.00,Feet,West,OLD CHARLOTTE PKE,,,,0.00,N,Not at Intersection,N,Non-Junction,None,,,         ,Theodore,Meskers,Clear,Angle,no,no,no,no,no,False
103432027,METROPOLITAN NASHVILLE POLICE DEPT,20220489457,Davidson,Nashville,9/29/2022 12:00:00 AM,2,0,0,36.106350,-86.718680,I 24,,,,0.00,,,,,,,54.00,N,Not at Intersection, ,Non-Junction,None,,,         ,John,Braxton,Clear,"Sideswipe, Same Direction",no,no,no,no,no,False
103432039,METROPOLITAN NASHVILLE POLICE DEPT,20220488568,Davidson,Nashville,9/28/2022 2:55:00 PM,2,1,0,36.049310,-86.599970,PIN HOOK RD,,,,8.00,Feet,East,HOBSON PKE,,,,0.00,N,Not at Intersection,N,Non-Junction,None,,,         ,Maxwell,Fritz,Clear,Front to Rear,no,no,no,no,no,False
103432043,METROPOLITAN NASHVILLE POLICE DEPT,20220489743,Davidson,Antioch,9/28/2022 12:30:00 PM,2,0,0,36.036380,-86.604030,OLD HICKORY BLVD,,,,1095.00,Feet,South,MURFREESBORO PKE,,,,0.00,N,Not at Intersection,N,Non-Junction,None,,,         ,Phillip,Lovell,Clear,Angle,no,no,no,no,yes,False
103432054,METROPOLITAN NASHVILLE POLICE DEPT,20220489758,Davidson,Nashville,9/29/2022 5:47:00 AM,2,0,0,36.069590,-86.693910,HAYWOOD LN,,,,0.00,,,EZELL RD,,,,0.00,Y,Four-Way,N,Intersection-Related,None,,,         ,Holly,Davis,Clear,Angle,no,no,no,no,no,False
103432055,METROPOLITAN NASHVILLE POLICE DEPT,20220489795,Davidson,Not in City Limit,9/29/2022 5:41:00 AM,2,1,0,36.265490,-86.739870,OLD HICKORY BLVDW,,,,0.00,,,I65 S EXT RAMP,,,,0.00,Y,T-Intersection,N,Entrance/Exit Ramp Related,None,,,         ,Christopher,Littles,Clear,Angle,no,no,no,no,yes,False
103432056,METROPOLITAN NASHVILLE POLICE DEPT,20220489703,Davidson,Nashville,9/29/2022 4:40:00 AM,2,1,0,36.233210,-86.814740,WHITES CREEK PKE,,,,17.00,Feet,North,BRILEY PKWY E ENT RAMP,,,,0.00,N,Not at Intersection,Y,Entrance/Exit Ramp Related,None,,,         ,Emelie,Skye,Clear,Front to Rear,no,no,no,no,no,False
103432071,METROPOLITAN NASHVILLE POLICE DEPT,20220487948,Davidson,Nashville,9/28/2022 9:30:00 AM,2,0,0,36.128790,-86.906790,CHARLOTTE PKE PVTDR,,,,41.00,Feet,North,RIVER RD PVTDR,,,,0.00,N,Not at Intersection, ,OtherLocation,None,,,         ,Michael,Pyle,Clear,Front to Rear,no,no,no,no,no,False
103432100,METROPOLITAN NASHVILLE POLICE DEPT,20220487806,Davidson,Nashville,9/28/2022 8:21:00 AM,2,0,0,36.086470,-86.691470,ANTIOCH PKE,,,,404.00,Feet,North,PERIMETER HILL DR,,,,0.00,N,Not at Intersection,N,Non-Junction,None,,,         ,John,Walden,Clear,Angle,no,no,no,no,no,False
103432114,METROPOLITAN NASHVILLE POLICE DEPT,20220489921,Davidson,Nashville,9/29/2022 7:24:00 AM,1,0,0,36.123140,-86.741990,ROSE ST,,,,206.00,Feet,East,FOSTER AV,,,,0.00,N,Not at Intersection,N,Non-Junction,None,,,         ,John,Walden,Clear,Not Collision with Motor Vehicle in Transport,no,no,no,no,yes,False
103432137,METROPOLITAN NASHVILLE POLICE DEPT,20220489962,Davidson,Nashville,9/29/2022 7:50:00 AM,2,0,0,36.174170,-86.608520,FRIST BLVD,,,,0.00,,,CENTRAL PKE,,,,0.00,Y,Four-Way,N,Intersection,None,,,         ,Michael,Brooks,Clear,Angle,no,no,no,no,yes,False
103432144,METROPOLITAN NASHVILLE POLICE DEPT,20220487985,Davidson,Nashville,9/28/2022 9:15:00 AM,2,0,0,36.168450,-86.687970,LEBANON PKE,,,,0.00,,,BRILEY PKWY N ENT RAMP,,,,0.00,Y,Four-Way, ,Intersection,None,,,         ,Michael,Douglas,Clear,"Sideswipe, Same Direction",no,no,no,no,no,False
103432180,METROPOLITAN NASHVILLE POLICE DEPT,20220490130,Davidson,Nashville,9/29/2022 9:25:00 AM,2,0,0,36.184360,-86.746590,N 12TH ST,,,,149.00,Feet,South,EDGEWOOD PL,,,,0.00,N,Not at Intersection,N,Non-Junction,None,,,         ,Goran,Manojlovic,Clear,Angle,no,no,no,yes,yes,False
103432187,METROPOLITAN NASHVILLE POLICE DEPT,20220489893,Davidson,Nashville,9/29/2022 7:06:00 AM,2,0,0,36.199240,-86.776510,I 65,,,,0.00,,,,,,,86.80,N,Not at Intersection, ,Non-Junction,None,,,         ,Ashley,Kelley,Clear,Front to Rear,no,no,no,no,no,False
103432198,METROPOLITAN NASHVILLE POLICE DEPT,20220478938,Davidson,Nashville,9/23/2022 2:42:00 PM,4,0,0,36.143180,-86.820740,ACKLEN PARK DR,,,,0.00,,,LONG BLVD,,,,0.00,Y,OTHER,N,Non-Junction,None,,,         ,Megan,Lamon,Clear,Front to Rear,no,no,no,no,yes,False
103432205,METROPOLITAN NASHVILLE POLICE DEPT,20220490098,Davidson,Nashville,9/29/2022 9:15:00 AM,3,1,0,36.139350,-86.819100,ORLEANS DR,,,,0.00,Feet,North,WEST END AV,,,,0.00,N,Not at Intersection,N,Non-Junction,None,,,         ,Richard,Gilbert,Clear,Angle,no,no,no,no,no,False
103432206,METROPOLITAN NASHVILLE POLICE DEPT,20220490112,Davidson,Nashville,9/29/2022 9:26:00 AM,2,0,0,36.101790,-86.740550,NOLENSVILLE PKE,,,,0.00,,,ANTIOCH PKE,,,,0.00,Y,T-Intersection,N,Intersection,None,,,         ,Brent,Bauer,Clear,Angle,no,no,no,no,yes,False
103432209,METROPOLITAN NASHVILLE POLICE DEPT,20220490152,Davidson,Nashville,9/29/2022 9:40:00 AM,2,1,0,36.112330,-86.767020,THOMPSON LN,,,,0.00,,,BRANSFORD AV,,,,0.00,Y,OTHER,N,Non-Junction,None,,,         ,Brian,Cavaliere,Clear,Front to Rear,no,no,no,no,no,False
103432230,THP District 3 - Nashville,322080390,Davidson,Nashville,9/29/2022 8:30:00 AM,2,0,0,36.052840,-86.671700,I 24,,,,0.00,,,,,,,58.55,N,Not at Intersection, ,Non-Junction,None,,,         ,Nicholas,Lang,Clear,Angle,no,no,no,no,yes,False
103432262,METROPOLITAN NASHVILLE POLICE DEPT,20220490290,Davidson,Nashville,9/29/2022 11:00:00 AM,2,0,0,36.146680,-86.791930,MUSIC SQS,,,,175.00,Feet,East,MUSIC SQE,,,,0.00,N,Not at Intersection, ,OtherLocation,None,,,         ,Earl,Davis,Clear,"Sideswipe, Same Direction",no,no,no,yes,no,False
103432298,METROPOLITAN NASHVILLE POLICE DEPT,2022-0490137,Davidson,Nashville,9/29/2022 9:30:00 AM,1,2,0,36.150490,-86.801230,21ST AVS,,,,0.00,,,WEST END AV,,,,0.00,Y,OTHER,N,Intersection-Related,None,,,         ,Po,Cheng,Clear,Not Collision with Motor Vehicle in Transport,yes,no,no,no,no,Campus
103432305,METROPOLITAN NASHVILLE POLICE DEPT,20220490253,Davidson,Nashville,9/29/2022 10:39:00 AM,2,2,0,36.128250,-86.842610,HARDING PKE,,,,451.00,Feet,East,WOODLAWN DR,,,,0.00,N,Not at Intersection,N,Non-Junction,None,,,         ,Wesley,Tilley,Clear,Angle,no,no,no,no,no,False
103432310,METROPOLITAN NASHVILLE POLICE DEPT,20220490324,Davidson,Nashville,9/29/2022 11:15:00 AM,2,0,0,36.249190,-86.734460,DUE WEST AVW,,,,0.00,,,S GRAYCROFT AV,,,,0.00,Y,Four-Way, ,Intersection,None,,,         ,Paul,Hughes II,Clear,"Sideswipe, Opposite Direction",no,no,no,no,no,False
103432349,METROPOLITAN NASHVILLE POLICE DEPT,20220484152,Davidson,Not in City Limit,9/26/2022 4:07:00 PM,2,0,0,36.054090,-86.950590,OLD HARDING PKE,,,,3.00,Feet,East,POPLAR CREEK RD,,,,0.00,N,Not at Intersection,N,Non-Junction,None,,,         ,Justin,Wells,Clear,Angle,no,no,no,no,yes,False
103432350,METROPOLITAN NASHVILLE POLICE DEPT,20220490013,Davidson,Nashville,9/29/2022 8:24:00 AM,2,0,0,36.150320,-86.766830,LAFAYETTE ST,,,,303.00,Feet,West,1ST AVS,,,,0.00,N,Not at Intersection, ,Non-Junction,None,,,         ,Patrick,Lancaster,Clear,"Sideswipe, Same Direction",no,no,no,no,no,False
103432403,METROPOLITAN NASHVILLE POLICE DEPT,20220490420,Davidson,Not in City Limit,9/29/2022 11:35:00 AM,1,0,0,36.138570,-86.950810,RIVER ROAD PKE,,,,1411.00,Feet,East,INDIAN CREEK RD,,,,0.00,N,Not at Intersection,N,Non-Junction,None,,,         ,Nicholas,Ragan,Clear,Not Collision with Motor Vehicle in Transport,no,no,no,no,no,False
103432418,METROPOLITAN NASHVILLE POLICE DEPT,20220488791,Davidson,Nashville,9/28/2022 4:43:00 PM,2,1,0,36.242850,-86.780450,BRICK CHURCH PKE,,,,20.00,Feet,North,MASONWOOD DR,,,,0.00,N,Not at Intersection,N,Non-Junction,None,,,         ,Joshua,Dodge,Clear,Front to Rear,no,no,no,no,no,False
103432482,METROPOLITAN NASHVILLE POLICE DEPT,20220490513,Davidson,Nashville,9/29/2022 12:48:00 PM,2,1,0,36.190890,-86.615190,OLD LEBANON DIRT RD,,,,0.00,,,OLD HICKORY BLVD,,,,0.00,Y,T-Intersection,N,Intersection,None,,,         ,Terry,Denton,Clear,"Sideswipe, Same Direction",no,no,no,no,yes,False
103432483,METROPOLITAN NASHVILLE POLICE DEPT,20220490679,Davidson,MILLERSVILLE,9/29/2022 2:40:00 PM,2,0,0,36.374660,-86.746590,OLD SPRINGFIELD PKE,,,,0.00,,,SPRINGFIELD HWY,,,,0.00,Y,T-Intersection,N,Intersection,None,,,         ,Christopher,Littles,Clear,Front to Rear,no,no,no,no,no,False
103432493,METROPOLITAN NASHVILLE POLICE DEPT,20220490450,Davidson,Nashville,9/29/2022 12:30:00 PM,2,1,0,36.128450,-86.842240,HARDING PKE,,,,581.00,Feet,East,BRIXWORTH LN,,,,0.00,N,Not at Intersection,N,Non-Junction,None,,,         ,Michael,Pyle,Clear,Front to Rear,no,no,no,no,no,False
103432495,METROPOLITAN NASHVILLE POLICE DEPT,20220490564,Davidson,Nashville,9/29/2022 1:33:00 PM,2,0,0,36.168590,-86.785240,JAMES ROBERTSON PKWY,,,,0.00,,,6TH AVN,,,,0.00,Y,T-Intersection, ,,None,,,         ,Byron,Carter,,,no,no,no,no,no,False
103432504,METROPOLITAN NASHVILLE POLICE DEPT,20220490611,Davidson,Nashville,9/29/2022 1:56:00 PM,2,3,0,36.140320,-86.725430,I24E,,,,756.00,Feet,North,I40 E ENT RAMP,,,,0.00,N,Not at Intersection,N,Non-Junction,None,,,         ,Patrick,Lancaster,Clear,Front to Rear,no,no,no,no,no,False
103432520,METROPOLITAN NASHVILLE POLICE DEPT,20220490593,Davidson,Nashville,9/29/2022 1:45:00 PM,2,2,0,36.192510,-86.829350,CLARKSVILLE PKE,,,,110.00,Feet,West,CLIFF DR,,,,0.00,N,Not at Intersection,N,Non-Junction,None,,,         ,Alexandra,Wall,Clear,Angle,no,no,no,no,no,False
103432524,GOODLETTSVILLE POLICE DEPT,22-29895,Davidson,Goodlettsville,9/29/2022 2:57:00 PM,1,1,0,36.325840,-86.699120,NORTHCREEK BLVD,,,,0.00,,,,,,,0.00,,,N,Non-Junction,None,,,         ,Daniel,Knalls,Clear,Not Collision with Motor Vehicle in Transport,yes,no,no,yes,no,False
103432531,METROPOLITAN NASHVILLE POLICE DEPT,20220490713,Davidson,Nashville,9/29/2022 2:17:00 PM,2,1,0,36.169830,-86.772620,S 1ST ST,,,,65.00,Feet,South,MAIN ST,,,,0.00,N,Not at Intersection,N,Non-Junction,None,,,         ,Shedie,Herbert III,Clear,"Sideswipe, Same Direction",no,no,no,no,yes,False
103432558,METROPOLITAN NASHVILLE POLICE DEPT,20220490660,Davidson,Nashville,9/29/2022 2:28:00 PM,2,0,0,36.137840,-86.949730,RIVER ROAD PKE,,,,1802.00,Feet,East,INDIAN CREEK RD,,,,0.00,N,Not at Intersection,N,Non-Junction,None,,,         ,Nicholas,Ragan,Clear,Front to Rear,no,no,no,no,no,False