master_record_number,agency,agency_tracking_number,county,city,collision_date,vehicles_involved,number_injured,number_dead,latitude,longitude,roadway_name,roadway_suffix,roadway_number,roadway_local_id,distance_from_reference,miles-feet_indicator,direction_from_reference,intersection_road_name,intersection_road_name_suffix,intersection_road_number,intersection_local_id,mile_marker,intersection_indicator,intersect_type,interchange_related_indicator,relation_to_junction,work_zone_type,construction_maintenance_zone,construction_maintenance_zone_location,fatal_case_number,officer_first_name,officer_last_name,weather_condition(s),manner_of_crash,pedestrian,bicycle,scooter,parking,hitrun,mou
103432568,METROPOLITAN NASHVILLE POLICE DEPT,20220490589,Davidson,Nashville,9/29/2022 1:46:00 PM,1,0,0,36.099250,-86.870480,PAGE RD,,,,0.00,,,,,,,0.00,,, ,,None,,,         ,Robert,Higgins,,,no,no,no,no,no,False
103432578,METROPOLITAN NASHVILLE POLICE DEPT,20220490775,Davidson,Nashville,9/29/2022 2:35:00 PM,2,0,0,36.173270,-86.791400,ROSA L PARKS BLVD,,,,0.00,Feet,,JEFFERSON ST,,,,0.00,Y,Four-Way,N,Intersection,None,,,         ,Jonas,Elias,Clear,Front to Rear,no,no,no,no,yes,False
103432580,METROPOLITAN NASHVILLE POLICE DEPT,20220490848,Davidson,Nashville,9/29/2022 1:48:00 PM,2,0,0,36.167670,-86.663330,LEBANON PKE,,,,2.00,Feet,West,DONELSON PKE,,,,0.00,N,Not at Intersection,N,Non-Junction,None,,,         ,Evan,Grace,Clear,Angle,no,no,no,no,no,False
103432581,METROPOLITAN NASHVILLE POLICE DEPT,20220490867,Davidson,Nashville,9/29/2022 3:10:00 PM,2,1,0,36.106040,-86.814790,ABBOTT MARTIN RD,,,,279.00,Feet,West,HILLSBORO PKE,,,,0.00,N,Not at Intersection,N,Non-Junction,None,,,         ,Heather,Fox,Clear,Angle,no,no,no,no,no,False
103432585,METROPOLITAN NASHVILLE POLICE DEPT,20220490846,Davidson,Nashville,9/29/2022 3:30:00 PM,2,0,0,36.048570,-86.651670,HICKORY HOLLOW LN,,,,259.00,Feet,South,BELL RD,,,,0.00,N,Not at Intersection,N,Non-Junction,None,,,         ,Nadine,Klemenz,Clear,"Sideswipe, Same Direction",no,no,no,no,yes,False
103432647,METROPOLITAN NASHVILLE POLICE DEPT,20220490760,Davidson,Nashville,9/29/2022 3:16:00 PM,2,0,0,36.158800,-86.792330,14TH AVN,,,,59.00,Feet,South,I40 E EXT RAMP,,,,0.00,N,Not at Intersection, ,Non-Junction,None,,,         ,Dakota,Davis,Clear,Angle,no,no,no,no,no,False
103432654,METROPOLITAN NASHVILLE POLICE DEPT,20220490952,Davidson,Nashville,9/29/2022 4:07:00 PM,2,0,0,36.236620,-86.758070,I65 N EXT RAMP,,,,0.00,,,I 65,,,,0.00,Y,T-Intersection, ,Intersection,None,,,         ,Randy,Puckett,Clear,Angle,no,no,no,no,no,False
103432657,METROPOLITAN NASHVILLE POLICE DEPT,20220490829,Davidson,Nashville,9/29/2022 3:57:00 PM,2,0,0,36.094420,-86.653390,FRANKLIN LIMESTONE RD,,,,0.00,,,MURFREESBORO PKE,,,,0.00,Y,Four-Way, ,Non-Junction,None,,,         ,Stephen,Sciolinos,Clear,Angle,no,no,no,no,no,False
103432659,THP District 3 - Nashville,322080088,Davidson,Nashville,9/28/2022 10:26:00 AM,1,1,0,36.142650,-86.698610,I40 E ENT RAMP,,,,0.00,Feet,East,I 40,,,,0.00,N,Not at Intersection,N,Entrance/Exit Ramp Related,None,,,         ,Lennart,Schaaf,Clear,Not Collision with Motor Vehicle in Transport,no,no,no,no,no,False
103432661,METROPOLITAN NASHVILLE POLICE DEPT,20220490940,Davidson,Nashville,9/29/2022 5:06:00 PM,2,1,0,36.183980,-86.814210,23RD AVN,,,,3.00,Feet,North,CLARKSVILLE PKE,,,,0.00,N,Not at Intersection,N,Non-Junction,None,,,         ,Austin,Bowles,Clear,Angle,no,no,no,no,no,False
103432667,METROPOLITAN NASHVILLE POLICE DEPT,20220491000,Davidson,Nashville,9/29/2022 5:18:00 PM,2,0,0,36.142860,-86.666640,DONELSON PKE,,,,208.00,Feet,North,I40 W ENT RAMP,,,,0.00,N,Not at Intersection, ,Non-Junction,None,,,         ,Brandon,Chapman,Clear,"Sideswipe, Opposite Direction",no,no,no,no,no,False
103432671,METROPOLITAN NASHVILLE POLICE DEPT,20220490735,Davidson,Nashville,9/29/2022 2:46:00 PM,2,0,0,36.161790,-86.760850,I 24,,,,0.00,,,,,,,49.35,N,Not at Intersection, ,Non-Junction,None,,,         ,Daniel,Tomlinson,Clear,Front to Rear,no,no,no,no,no,False
103432683,METROPOLITAN NASHVILLE POLICE DEPT,20220491032,Davidson,Nashville,9/29/2022 6:00:00 PM,1,1,0,36.243640,-86.747900,I 65,,,,0.00,,,,,,,90.60,N,Not at Intersection,N,Non-Junction,None,,,         ,Alexander,Hartle,Clear,Not Collision with Motor Vehicle in Transport,no,no,no,no,no,False
103432685,METROPOLITAN NASHVILLE POLICE DEPT,20220490946,Davidson,Nashville,9/29/2022 4:36:00 PM,1,0,0,36.081340,-86.678940,MULLINS RD,,,,20.00,Feet,East,FRANKLIN LIMESTONE RD,,,,0.00,N,Not at Intersection, ,Non-Junction,None,,,         ,Andre,Williams,Clear,Not Collision with Motor Vehicle in Transport,no,no,no,no,no,False
103432694,METROPOLITAN NASHVILLE POLICE DEPT,20220490706,Davidson,Nashville,9/27/2022 3:40:00 PM,1,0,0,36.206230,-86.781330,SCRUGGS LN,,,,222.00,Feet,South,W TRINITY LN,,,,0.00,N,Not at Intersection, ,Non-Junction,None,,,         ,Gabriel,Centeno,Clear,Not Collision with Motor Vehicle in Transport,no,no,no,yes,yes,False
103432697,METROPOLITAN NASHVILLE POLICE DEPT,20220490998,Davidson,Nashville,9/29/2022 5:32:00 PM,1,0,0,36.079910,-86.720300,RECOVERY RD,,,,320.00,Feet,North,WALLACE RD,,,,0.00,N,Not at Intersection,N,Non-Junction,None,,,         ,Adam,Kauffman,Clear,Not Collision with Motor Vehicle in Transport,no,no,no,no,no,False
103432707,METROPOLITAN NASHVILLE POLICE DEPT,20220491075,Davidson,Nashville,9/29/2022 6:57:00 PM,2,1,0,36.148970,-86.703360,APPLETON DR,,,,4.00,Feet,West,ELM HILL PKE,,,,0.00,N,Not at Intersection,N,Non-Junction,None,,,         ,Evan,Grace,Clear,Angle,no,no,no,no,no,False
103432708,METROPOLITAN NASHVILLE POLICE DEPT,20220491003,Davidson,Nashville,9/29/2022 5:45:00 PM,3,4,0,36.134280,-86.774730,WEDGEWOOD AV,,,,0.00,,,I65 N ENT RAMP,,,,0.00,Y,Four-Way,N,Intersection,None,,,         ,Cory,Stratton,Clear,Angle,no,no,no,no,no,False
103432709,METROPOLITAN NASHVILLE POLICE DEPT,20220490931,Davidson,Nashville,9/29/2022 12:00:00 AM,2,0,0,36.069240,-86.690900,I24 E EXT RAMP,,,,0.00,Feet,East,I 24,,,,0.00,N,Not at Intersection,Y,Entrance/Exit Ramp Related,None,,,         ,Taylor,Blackwelder,Clear,Front to Rear,no,no,no,no,no,False
103432723,METROPOLITAN NASHVILLE POLICE DEPT,20220490965,Davidson,Nashville,9/29/2022 4:42:00 PM,2,0,0,36.079480,-86.726650,HARDING PL,,,,0.00,,,,,,,0.00,,,N,Non-Junction,None,,,         ,Flynn,Ireland,Clear,"Sideswipe, Same Direction",no,no,no,no,no,False
103432739,METROPOLITAN NASHVILLE POLICE DEPT,20220491097,Davidson,Nashville,9/29/2022 7:08:00 PM,2,1,0,36.166300,-86.611780,I40 E EXT RAMP,,,,0.00,Feet,East,I 40,,,,0.00,N,Not at Intersection,N,Entrance/Exit Ramp Related,None,,,         ,Zachary,Aldrich,Clear,Front to Rear,no,no,no,no,no,False
103432740,METROPOLITAN NASHVILLE POLICE DEPT,20220491088,Davidson,Nashville,9/29/2022 7:04:00 PM,3,1,0,36.092400,-86.651980,MURFREESBORO PKE,,,,469.00,Feet,North,BRITISH WOODS DR,,,,0.00,N,Not at Intersection,N,Non-Junction,None,,,         ,Stephen,Sciolinos,Clear,Front to Rear,no,no,no,no,yes,False
103432746,METROPOLITAN NASHVILLE POLICE DEPT,20220490856,Davidson,Madison,9/29/2022 3:35:00 PM,2,0,0,36.262210,-86.712210,GALLATIN PKES,,,,0.00,,,E OLD HICKORY BLVD,,,,0.00,Y,Four-Way, ,Intersection-Related,None,,,         ,Kendric,Catron,Cloudy,"Sideswipe, Opposite Direction",no,no,no,no,no,False
103432763,METROPOLITAN NASHVILLE POLICE DEPT,20220491148,Davidson,Nashville,9/29/2022 7:30:00 PM,2,0,0,36.163510,-86.761980,I24 W EXT RAMP,,,,0.00,Feet,East,I 24,,,,0.00,N,Not at Intersection, ,Non-Junction,None,,,         ,Kelsey,Hemminger,Clear,Angle,no,no,no,no,no,False
103432764,METROPOLITAN NASHVILLE POLICE DEPT,20220491019,Davidson,Nashville,9/29/2022 5:40:00 PM,2,1,0,36.232230,-86.787440,EWING DR,,,,667.00,Feet,North,EWING LN,,,,0.00,N,Not at Intersection,N,Non-Junction,None,,,         ,Dylan,Ramos,Clear,Front to Rear,no,no,no,no,no,False
103432785,METROPOLITAN NASHVILLE POLICE DEPT,20220491194,Davidson,Nashville,9/29/2022 6:35:00 PM,2,0,0,36.141880,-86.767380,HUMPHREYS ST,,,,122.00,Feet,East,BROWN ST,,,,0.00,N,Not at Intersection,N,Non-Junction,None,,,         ,Cory,Stratton,Clear,Angle,no,no,no,no,yes,False
103432808,METROPOLITAN NASHVILLE POLICE DEPT,20220491239,Davidson,Goodlettsville,9/29/2022 6:20:00 PM,2,0,0,36.293770,-86.703710,ALTA LOMA RD,,,,0.00,Feet,West,RIVERGATE SQUARE PVTDR,,,,0.00,N,Not at Intersection, ,,None,,,         ,Alexander,Hartle,,,no,no,no,no,no,False
103432876,METROPOLITAN NASHVILLE POLICE DEPT,20220491300,Davidson,Nashville,9/29/2022 9:10:00 PM,2,0,0,36.152360,-86.754110,I 40,,,,0.00,,,,,,,211.30,N,Not at Intersection,N,Non-Junction,None,,,         ,Dylan,Colquhoun,Clear,"Sideswipe, Same Direction",no,no,no,no,yes,False
103432888,METROPOLITAN NASHVILLE POLICE DEPT,20220491164,Davidson,Nashville,9/29/2022 7:42:00 PM,4,5,0,36.083050,-86.727390,NOLENSVILLE PKE,,,,100.00,Feet,South,WELCH RD,,,,0.00,N,Not at Intersection,N,Non-Junction,None,,,         ,Adam,Kauffman,Clear,Front to Rear,no,no,no,no,no,False
103432934,METROPOLITAN NASHVILLE POLICE DEPT,20220491008,Davidson,Nashville,9/29/2022 5:45:00 PM,2,1,0,36.120820,-86.779280,KIRKWOOD AV,,,,0.00,Feet,,VAULX LN,,,,0.00,Y,Four-Way,Y,Intersection-Related,None,,,         ,Kevin,Smithson,Clear,Other,no,no,no,no,no,False
103432945,METROPOLITAN NASHVILLE POLICE DEPT,20220491307,Davidson,Madison,9/29/2022 5:54:00 PM,4,0,0,36.283020,-86.707130,GALLATIN PKEN,,,,142.00,Feet,South,EDGEMEADE BLVD,,,,0.00,N,Not at Intersection, ,Non-Junction,None,,,         ,Kaleigh,Pearce,Clear,"Sideswipe, Same Direction",no,no,no,no,yes,False
103432947,METROPOLITAN NASHVILLE POLICE DEPT,20220491429,Davidson,Nashville,9/29/2022 12:00:00 AM,2,0,0,36.254040,-86.650330,HURST DR,,,,0.00,Feet,East,ROBINSON RD,,,,0.00,N,Not at Intersection, ,Non-Junction,None,,,         ,Ashley,Kappenmacher,Clear,Front to Rear,no,no,no,no,no,False
103432956,METROPOLITAN NASHVILLE POLICE DEPT,20220491411,Davidson,Nashville,9/29/2022 4:14:00 PM,2,0,0,36.206150,-86.771910,W TRINITY LN,,,,239.00,Feet,West,LUCAS LN,,,,0.00,N,Not at Intersection,N,Non-Junction,None,,,         ,Zachary,Carter,Clear,Front to Rear,no,no,no,no,yes,False
103432964,METROPOLITAN NASHVILLE POLICE DEPT,20220491398,Davidson,Nashville,9/29/2022 12:00:00 AM,2,1,0,36.077600,-86.758820,TROUSDALE DR,,,,88.00,Feet,South,BRIARWOOD DR,,,,0.00,N,Not at Intersection,N,Non-Junction,None,,,         ,Clayton,Cox,Clear,"Sideswipe, Same Direction",no,no,no,no,yes,False
103432965,METROPOLITAN NASHVILLE POLICE DEPT,20220491326,Davidson,Madison,9/29/2022 7:18:00 PM,3,0,0,36.263440,-86.715580,OLD HICKORY BLVDW,,,,293.00,Feet,West,DOUGLAS ST,,,,0.00,N,Not at Intersection,N,Non-Junction,None,,,         ,Reuben,Hewit,Clear,Front to Rear,no,no,no,no,yes,False
103432995,METROPOLITAN NASHVILLE POLICE DEPT,20220491525,Davidson,Nashville,9/29/2022 12:00:00 AM,2,0,0,36.153840,-86.756080,HERMITAGE AV,,,,0.00,,,FAIRFIELD AV,,,,0.00,Y,Four-Way,Y,Intersection-Related,None,,,         ,Jacob,Snyder,Cloudy,"Sideswipe, Same Direction",no,no,no,no,yes,False
103433040,METROPOLITAN NASHVILLE POLICE DEPT,20220491275,Davidson,Not in City Limit,9/29/2022 8:48:00 PM,2,0,0,36.265440,-86.739730,OLD HICKORY BLVDW,,,,0.00,Feet,,I65 S ENT RAMP,,,,0.00,Y,T-Intersection,N,Entrance/Exit Ramp Related,None,,,         ,Michael,Enriquez,Clear,Angle,no,no,no,no,no,False
103433054,METROPOLITAN NASHVILLE POLICE DEPT,20220491274,Davidson,Nashville,9/29/2022 7:41:00 PM,2,0,0,36.105100,-86.717420,I 24,,,,0.00,,,,,,,54.10,N,Not at Intersection, ,Non-Junction,None,,,         ,Parker,Vegas,Clear,"Sideswipe, Same Direction",no,no,no,no,yes,False
103433068,METROPOLITAN NASHVILLE POLICE DEPT,20220491285,Davidson,Not in City Limit,9/29/2022 8:50:00 PM,4,0,0,36.290730,-86.809840,I 24,,,,0.00,,,,,,,39.40,N,Not at Intersection, ,Non-Junction,None,,,         ,Kendric,Catron,Clear,"Sideswipe, Same Direction",no,no,no,no,no,False
103433069,METROPOLITAN NASHVILLE POLICE DEPT,20220491415,Davidson,Nashville,9/29/2022 9:25:00 PM,2,1,0,36.168690,-86.809530,21ST AVN,,,,145.00,Feet,South,JEFFERSON ST,,,,0.00,N,Not at Intersection,N,Non-Junction,None,,,         ,Christopher,Cantrell,Clear,Angle,no,no,no,no,no,False
103433070,METROPOLITAN NASHVILLE POLICE DEPT,20220490995,Davidson,Nashville,9/29/2022 5:42:00 PM,3,0,0,36.154950,-86.831030,I 40,,,,0.00,,,,,,,205.40,N,Not at Intersection,Y,Non-Junction,None,,,         ,Robert,Higgins,Clear,Front to Rear,no,no,no,no,no,False
103433079,METROPOLITAN NASHVILLE POLICE DEPT,20220491128,Davidson,Nashville,9/29/2022 7:07:00 PM,2,0,0,36.223700,-86.806290,WHITES CREEK PKE,,,,0.00,Feet,,KNIGHT DR,,,,0.00,Y,T-Intersection,N,Intersection,None,,,         ,Gabriel,Centeno,Clear,Angle,no,no,no,no,no,False
103433092,METROPOLITAN NASHVILLE POLICE DEPT,20220491388,Davidson,Nashville,9/29/2022 12:00:00 AM,2,0,0,36.162410,-86.760950,I 24,,,,0.00,,,,,,,49.30,N,Not at Intersection, ,Non-Junction,None,,,         ,Shaquille,Graham,Clear,"Sideswipe, Same Direction",no,no,no,no,no,False
103433105,METROPOLITAN NASHVILLE POLICE DEPT,20220491795,Davidson,Nashville,9/30/2022 12:00:00 AM,2,1,0,36.045600,-86.658470,I24 W EXT RAMP,,,,0.00,,,I 24,,,,0.00,Y,T-Intersection,N,Intersection,None,,,         ,Jerre,Fly,Clear,Angle,no,no,no,no,yes,False
103433115,METROPOLITAN NASHVILLE POLICE DEPT,20220491839,Davidson,Nashville,9/30/2022 2:41:00 AM,2,0,0,36.151330,-86.768370,I40 E EXT RAMP,,,,0.00,,,I 40,,,,0.00,Y,Four-Way,N,Intersection,None,,,         ,Kevin,Steiner,Clear,Angle,no,no,no,no,yes,False
103433125,METROPOLITAN NASHVILLE POLICE DEPT,20220491845,Davidson,Nashville,9/30/2022 3:00:00 AM,2,0,0,36.160160,-86.816670,27TH AVN,,,,143.00,Feet,South,BOOKER ST,,,,0.00,N,Not at Intersection,N,Non-Junction,None,,,         ,Christopher,Cantrell,Clear,Angle,no,no,no,no,yes,False
103433132,METROPOLITAN NASHVILLE POLICE DEPT,20220491827,Davidson,Nashville,9/30/2022 12:00:00 AM,1,0,0,36.177720,-86.771960,I24 W ENT RAMP,,,,0.00,Feet,East,I 24,,,,0.00,N,Not at Intersection,N,Entrance/Exit Ramp Related,None,,,         ,Shaquille,Graham,Clear,Not Collision with Motor Vehicle in Transport,no,no,no,no,no,False
103433195,METROPOLITAN NASHVILLE POLICE DEPT,20220491943,Davidson,Nashville,9/30/2022 5:21:00 AM,2,0,0,36.189740,-86.776220,I 24,,,,0.00,,,,,,,46.10,N,Not at Intersection,N,Non-Junction,None,,,         ,Ian,Pearce,Clear,"Sideswipe, Same Direction",no,no,no,no,yes,False
103433220,METROPOLITAN NASHVILLE POLICE DEPT,20220491938,Davidson,Antioch,9/30/2022 5:15:00 AM,1,0,0,36.080017,-86.582844,SMITH SPRINGS,RD,US1,,0.00,,,WATERFORD,WAY,US2,,0.00,Y,T-Intersection,N,Intersection,None,,,         ,William,Williams,Clear,Not Collision with Motor Vehicle in Transport,no,no,no,no,no,False
103433233,METROPOLITAN NASHVILLE POLICE DEPT,20220491974,Davidson,Nashville,9/30/2022 6:00:00 AM,2,1,0,36.229860,-86.771460,I 65,,,,0.00,,,,,,,89.00,N,Not at Intersection,N,Non-Junction,None,,,         ,Patrick,McGinnis,Clear,Front to Rear,no,no,no,no,no,False
103433248,METROPOLITAN NASHVILLE POLICE DEPT,20220492002,Davidson,Nashville,9/30/2022 6:25:00 AM,2,0,0,36.153600,-86.764200,I40 W ENT RAMP,,,,0.00,,,I 40,,,,0.00,Y,Y-Intersection, ,Non-Junction,None,,,         ,Stacia,Getz,Clear,Angle,no,no,no,no,yes,False
103433249,METROPOLITAN NASHVILLE POLICE DEPT,20220491977,Davidson,Nashville,9/30/2022 6:20:00 AM,2,1,0,36.190890,-86.789260,I 65,,,,0.00,,,,,,,85.80,N,Not at Intersection,N,Non-Junction,None,,,         ,Martin,Brown,Clear,HeadOn,no,no,no,no,no,False
103433251,METROPOLITAN NASHVILLE POLICE DEPT,20220492072,Davidson,Nashville,9/30/2022 7:00:00 AM,2,0,0,36.077090,-86.725550,US HWY 31 ALT,,,,0.00,,,WALLACE RD,,,,0.00,Y,Four-Way,N,Intersection,None,,,         ,Brian,Mclarty,Clear,"Sideswipe, Same Direction",no,no,no,no,yes,False
103433262,METROPOLITAN NASHVILLE POLICE DEPT,20220492021,Davidson,Nashville,9/30/2022 6:50:00 AM,2,0,0,36.173270,-86.791400,ROSA L PARKS BLVD,,,,0.00,,,JEFFERSON ST,,,,0.00,Y,Four-Way,N,Intersection-Related,None,,,         ,Ryan,Caulfield,Clear,HeadOn,no,no,no,no,yes,False
103433263,METROPOLITAN NASHVILLE POLICE DEPT,20220492122,Davidson,Nashville,9/30/2022 7:45:00 AM,1,0,0,36.059400,-86.669370,UNA ANTIOCH PKE,,,,141.00,Feet,East,OTTENVILLE AV,,,,0.00,N,Not at Intersection,N,Non-Junction,None,,,         ,Darrin,Hardin,Clear,Not Collision with Motor Vehicle in Transport,no,no,no,no,yes,False
103433274,METROPOLITAN NASHVILLE POLICE DEPT,20220492051,Davidson,Nashville,9/30/2022 7:17:00 AM,2,1,0,36.196520,-86.740750,CAHAL AV,,,,426.00,Feet,East,GALLATIN AV,,,,0.00,N,Not at Intersection,N,Non-Junction,None,,,         ,Rico,Hunt,Clear,Front to Rear,no,no,no,no,no,False
103433278,METROPOLITAN NASHVILLE POLICE DEPT,20220492169,Davidson,Nashville,9/30/2022 8:06:00 AM,2,1,0,36.047300,-86.679840,BRENTRIDGE CIR,,,,144.00,Feet,North,BRITTANY PARK DR,,,,0.00,N,Not at Intersection,N,Non-Junction,None,,,         ,Alma,Villa,Clear,Front to Rear,no,no,no,no,no,False
103433289,METROPOLITAN NASHVILLE POLICE DEPT,20220492253,Davidson,Nashville,9/30/2022 8:53:00 AM,2,0,0,36.087870,-86.920730,OLD HICKORY BLVD,,,,0.00,,,WOODBURY FALLS DR,,,,0.00,Y,Four-Way,N,Intersection,None,,,         ,Jackson,Smythe,Clear,Angle,no,no,no,no,no,False
103433290,METROPOLITAN NASHVILLE POLICE DEPT,20220492236,Davidson,Nashville,9/30/2022 8:44:00 AM,2,0,0,36.039080,-86.743420,EDMONDSON PKE,,,,337.00,Feet,South,OLD HICKORY BLVD,,,,0.00,N,Not at Intersection, ,Non-Junction,None,,,         ,Michael,Do,Clear,"Sideswipe, Opposite Direction",no,no,no,no,no,False
103433291,METROPOLITAN NASHVILLE POLICE DEPT,20220492156,Davidson,Nashville,9/30/2022 7:55:00 AM,1,0,0,36.153980,-86.758400,I 40,,,,0.00,,,,,,,211.05,N,Not at Intersection,N,Non-Junction,None,,,         ,Patrick,Lancaster,Clear,Not Collision with Motor Vehicle in Transport,no,no,no,no,no,False
103433292,METROPOLITAN NASHVILLE POLICE DEPT,20220492218,Davidson,Nashville,9/30/2022 8:30:00 AM,2,0,0,36.153980,-86.758400,I 40,,,,0.00,,,,,,,211.05,N,Not at Intersection, ,Non-Junction,None,,,         ,Patrick,Lancaster,Clear,"Sideswipe, Same Direction",no,no,no,no,no,False
103433299,METROPOLITAN NASHVILLE POLICE DEPT,20220492221,Davidson,Nashville,9/30/2022 8:20:00 AM,2,0,0,36.188220,-86.629320,LEBANON PKE,,,,0.00,,,HICKORY HILL LN,,,,0.00,Y,T-Intersection,N,Intersection,None,,,         ,Michael,Brooks,Clear,Front to Rear,no,no,no,no,yes,False
103433322,METROPOLITAN NASHVILLE POLICE DEPT,20220492054,Davidson,Nashville,9/30/2022 7:19:00 AM,2,1,0,36.172990,-86.595020,TULIP GROVE RD,,,,186.00,Feet,North,CENTRAL PKE,,,,0.00,N,Not at Intersection,N,Non-Junction,None,,,         ,Katelyn,Argeroplos,Clear,Front to Rear,no,no,no,no,no,False
103433357,METROPOLITAN NASHVILLE POLICE DEPT,20220492287,Davidson,Not in City Limit,9/30/2022 9:17:00 AM,1,1,0,36.268970,-86.755580,DICKERSON PKE,,,,0.00,,,,,,,0.00,,,N,Non-Junction,None,,,         ,Patrick,McGinnis,Clear,Not Collision with Motor Vehicle in Transport,yes,no,no,yes,no,False
103433410,METROPOLITAN NASHVILLE POLICE DEPT,20220492275,Davidson,Nashville,9/30/2022 8:10:00 AM,2,0,0,36.237550,-86.732040,BRILEY PKWY W EXT RAMP,,,,0.00,,,BRILEY PKWYW,,,,0.00,Y,OTHER,Y,Entrance/Exit Ramp Related,None,,,         ,Jeanine,Sarno,Clear,"Sideswipe, Same Direction",no,no,no,no,yes,False
103433412,METROPOLITAN NASHVILLE POLICE DEPT,20220492149,Davidson,Not in City Limit,9/30/2022 7:05:00 AM,1,0,0,36.265070,-86.855840,CLARKSVILLE PKE,,,,788.00,Feet,South,DRY FORK RD,,,,0.00,N,Not at Intersection,N,Non-Junction,None,,,         ,Jeanine,Sarno,Clear,Not Collision with Motor Vehicle in Transport,no,no,no,no,no,False
103433430,METROPOLITAN NASHVILLE POLICE DEPT,20220492216,Davidson,Nashville,9/30/2022 7:49:00 AM,2,0,0,36.122770,-86.806880,HILLSBORO PKE,,,,50.00,Feet,South,I440 E EXT RAMP,,,,0.00,N,Not at Intersection, ,Non-Junction,None,,,         ,Bianca,Crawford,Clear,"Sideswipe, Same Direction",no,no,no,no,no,False
103433433,METROPOLITAN NASHVILLE POLICE DEPT,20220492161,Davidson,Nashville,9/30/2022 8:06:00 AM,2,0,0,36.105210,-86.776620,CALDWELL LN,,,,0.00,,,CRESTRIDGE DR,,,,0.00,Y,Four-Way,N,Intersection,None,,,         ,Richard,Gilbert,Clear,Angle,no,no,no,no,no,False
103433457,METROPOLITAN NASHVILLE POLICE DEPT,20220492470,Davidson,Nashville,9/30/2022 11:24:00 AM,2,1,0,36.240750,-86.757400,BRILEY PKWY E EXT RAMP,,,,0.00,,,DICKERSON PKE,,,,0.00,Y,T-Intersection,N,Intersection,None,,,         ,Patrick,McGinnis,Clear,Angle,no,no,no,no,yes,False
103433475,THP District 3 - Nashville,322080385,Davidson,Not in City Limit,9/29/2022 7:04:00 AM,3,1,0,36.331650,-86.901560,I 24,,,,0.00,,,,,,,33.00,N,Not at Intersection,N,Non-Junction,None,,,         ,Anthony,Sell,Clear,Front to Rear,no,no,no,no,no,False
103433487,METROPOLITAN NASHVILLE POLICE DEPT,20220492117,Davidson,Nashville,9/30/2022 7:41:00 AM,2,1,0,36.143940,-86.723340,ELM HILL PKE,,,,226.00,Feet,West,SPENCE LN,,,,0.00,N,Not at Intersection,N,Non-Junction,None,,,         ,Yaroslav,Holodkov,Clear,Front to Rear,no,no,no,no,no,False
103433523,METROPOLITAN NASHVILLE POLICE DEPT,20220492506,Davidson,Nashville,9/30/2022 11:40:00 AM,2,0,0,36.101900,-86.713100,I 24,,,,0.00,,,,,,,54.40,N,Not at Intersection,N,Non-Junction,None,,,         ,Dennis,Diesel,Clear,"Sideswipe, Same Direction",no,no,no,no,no,False
103433544,METROPOLITAN NASHVILLE POLICE DEPT,20220492554,Davidson,Nashville,9/30/2022 12:15:00 PM,2,0,0,36.196650,-86.762730,LISCHEY AV,,,,0.00,Feet,East,MARIE ST,,,,0.00,N,Not at Intersection, ,,None,,,         ,Jeffery,Leiser,,,no,no,no,no,no,False
103433592,THP District 3 - Nashville,322080815,Davidson,Nashville,9/30/2022 7:43:00 AM,2,0,0,36.209370,-86.839340,CLARKSVILLE PKE,,,,390.00,Feet,North,W HAMILTON RD,,,,0.00,N,Not at Intersection,N,Non-Junction,Construction Zone,Work On Shoulder Or Median,Activity Area,         ,Matthew,Priest,Clear,Front to Rear,no,no,no,no,no,False
103433602,METROPOLITAN NASHVILLE POLICE DEPT,20220492585,Davidson,Nashville,9/30/2022 12:51:00 PM,2,0,0,36.196780,-86.621140,LEBANON PKE,,,,600.00,Feet,South,OLD HICKORY BLVD,,,,0.00,N,Not at Intersection, ,Non-Junction,None,,,         ,Terry,Denton,Clear,Front to Rear,no,no,no,no,no,False
103433603,METROPOLITAN NASHVILLE POLICE DEPT,20220492507,Davidson,Nashville,9/30/2022 11:30:00 AM,2,0,0,36.180370,-86.605500,OLD HICKORY BLVD,,,,0.00,,,,,,,0.00,,,N,Non-Junction,None,,,         ,Katelyn,Argeroplos,Clear,Front to Rear,no,no,no,yes,yes,False
103433613,METROPOLITAN NASHVILLE POLICE DEPT,20220492593,Davidson,Nashville,9/30/2022 12:56:00 PM,1,1,0,36.112750,-86.796430,WOODMONT BLVD,,,,551.00,Feet,West,NOELTON AV,,,,0.00,N,Not at Intersection,N,Non-Junction,None,,,         ,Richard,Gilbert,Clear,Not Collision with Motor Vehicle in Transport,no,no,no,no,no,False
103433630,GOODLETTSVILLE POLICE DEPT,22-29988,Davidson,Goodlettsville,9/30/2022 1:09:00 PM,2,0,0,36.309560,-86.695720,CONFERENCE DR,,,,0.00,Feet,,STATE HWY 386,,,,0.00,Y,T-Intersection, ,Entrance/Exit Ramp Related,None,,,         ,Donald,Brinton,Clear,Front to Rear,no,no,no,no,no,False