master_record_number,agency,agency_tracking_number,county,city,collision_date,vehicles_involved,number_injured,number_dead,latitude,longitude,roadway_name,roadway_suffix,roadway_number,roadway_local_id,distance_from_reference,miles-feet_indicator,direction_from_reference,intersection_road_name,intersection_road_name_suffix,intersection_road_number,intersection_local_id,mile_marker,intersection_indicator,intersect_type,interchange_related_indicator,relation_to_junction,work_zone_type,construction_maintenance_zone,construction_maintenance_zone_location,fatal_case_number,officer_first_name,officer_last_name,weather_condition(s),manner_of_crash,pedestrian,bicycle,scooter,parking,hitrun,mou
103433631,METROPOLITAN NASHVILLE POLICE DEPT,20220492555,Davidson,Nashville,9/30/2022 12:30:00 PM,2,0,0,36.202940,-86.742960,DOZIER PL,,,,1111.00,Feet,West,GALLATIN PKE,,,,0.00,N,Not at Intersection, ,Non-Junction,None,,,         ,Zachary,Lang,Clear,HeadOn,no,no,no,no,no,False
103433645,METROPOLITAN NASHVILLE POLICE DEPT,20220492691,Davidson,Nashville,9/30/2022 12:00:00 AM,1,0,0,36.144840,-86.696750,BRILEY PKWYS,,,,109.00,Feet,East,I40 W EXT RAMP,,,,0.00,N,Not at Intersection,N,Non-Junction,None,,,         ,Dillon,Hanna,Clear,Not Collision with Motor Vehicle in Transport,no,no,no,no,yes,False
103433664,GOODLETTSVILLE POLICE DEPT,22-29989,Davidson,Goodlettsville,9/30/2022 1:18:00 PM,2,0,0,36.298150,-86.723010,DRY CREEK LN,,,,0.00,Feet,,US HWY 31W,,,,0.00,Y,Four-Way,N,Intersection,None,,,         ,Austin,Herendeen,Clear,Angle,no,no,no,no,no,False
103433691,METROPOLITAN NASHVILLE POLICE DEPT,20220492602,Davidson,Nashville,9/30/2022 12:52:00 PM,2,0,0,36.045870,-86.674280,BLUE HOLE RD,,,,51.00,Feet,North,BELL RD,,,,0.00,N,Not at Intersection, ,Non-Junction,None,,,         ,Benjamin,Tasto,Clear,Front to Rear,no,no,no,no,yes,False
103433762,METROPOLITAN NASHVILLE POLICE DEPT,20220492712,Davidson,Nashville,9/30/2022 2:15:00 PM,2,1,0,36.103620,-86.666480,FAIRCLOTH LN,,,,0.00,,,OLD MURFREESBORO PKE,,,,0.00,Y,Four-Way,N,Intersection,None,,,         ,Cameron,Fritschie,Clear,Angle,no,no,no,no,no,False
103433765,METROPOLITAN NASHVILLE POLICE DEPT,20220492667,Davidson,Nashville,9/30/2022 12:40:00 PM,2,0,0,36.137410,-86.728830,I24 E ENT RAMP,,,,0.00,Feet,East,I 24,,,,0.00,N,Not at Intersection,N,Non-Junction,None,,,         ,Dennis,Diesel,Clear,"Sideswipe, Same Direction",no,no,no,no,yes,False
103433790,METROPOLITAN NASHVILLE POLICE DEPT,20220492583,Davidson,Nashville,9/30/2022 12:51:00 PM,3,1,0,36.063760,-86.629580,HAMILTON CHURCH RD,,,,498.00,Feet,South,MURFREESBORO PKE,,,,0.00,N,Not at Intersection,N,Non-Junction,None,,,         ,Darrin,Hardin,Clear,Angle,no,no,no,no,no,False
103433803,METROPOLITAN NASHVILLE POLICE DEPT,20220492721,Davidson,Goodlettsville,9/30/2022 2:15:00 PM,2,2,0,36.296920,-86.699150,GALLATIN PKEN,,,,3.00,Feet,North,RIVERGATE PKWY,,,,0.00,N,Not at Intersection,N,Non-Junction,Construction Zone,Other,Unknown,         ,Justan,Vance,Clear,Angle,no,no,no,no,no,False
103433816,METROPOLITAN NASHVILLE POLICE DEPT,20220492492,Davidson,Nashville,9/30/2022 11:30:00 AM,2,0,0,36.148770,-86.746000,I 40,,,,0.00,,,,,,,211.85,N,Not at Intersection,N,Non-Junction,None,,,         ,Peabo,McAlmont,Clear,Angle,no,no,no,no,no,False
103433821,METROPOLITAN NASHVILLE POLICE DEPT,20220492717,Davidson,Nashville,9/30/2022 2:19:00 PM,2,0,0,36.141690,-86.733180,I 40,,,,0.00,,,,,,,212.75,N,Not at Intersection,N,Non-Junction,None,,,         ,Jacob,Masteller,Clear,"Sideswipe, Same Direction",no,no,no,no,no,False
103433825,METROPOLITAN NASHVILLE POLICE DEPT,20220492763,Davidson,Nashville,9/30/2022 3:08:00 PM,2,0,0,36.067410,-86.631250,MURFREESBORO PKE,,,,0.00,Feet,West,FOREST VIEW DR,,,,0.00,N,Not at Intersection, ,Non-Junction,None,,,         ,Alma,Villa,Clear,Angle,no,no,no,no,no,False
103433826,METROPOLITAN NASHVILLE POLICE DEPT,20220492764,Davidson,Nashville,9/30/2022 3:05:00 PM,2,2,0,36.168200,-86.657350,LEBANON PKE,,,,155.00,Feet,West,MUNN RD,,,,0.00,N,Not at Intersection,N,Non-Junction,None,,,         ,Katelyn,Argeroplos,Clear,Front to Rear,no,no,no,no,yes,False
103433831,METROPOLITAN NASHVILLE POLICE DEPT,20220492752,Davidson,Nashville,9/30/2022 2:46:00 PM,2,0,0,36.068960,-86.632960,MURFREESBORO PKE,,,,763.00,Feet,North,FOREST VIEW DR,,,,0.00,N,Not at Intersection, ,Non-Junction,None,,,         ,Zera,Ntahonirukiye,Clear,Front to Rear,no,no,no,no,no,False
103433900,METROPOLITAN NASHVILLE POLICE DEPT,20220492740,Davidson,Nashville,9/30/2022 2:40:00 PM,2,1,0,36.071360,-86.635620,MURFREESBORO PKE,,,,248.00,Feet,South,BELL RD,,,,0.00,N,Not at Intersection,N,Non-Junction,None,,,         ,Daniel,Rizzo,Clear,Angle,no,no,no,no,no,False
103433935,METROPOLITAN NASHVILLE POLICE DEPT,20220492808,Davidson,Nashville,9/30/2022 3:42:00 PM,2,0,0,36.163870,-86.786620,ROSA L PARKS BLVD,,,,0.00,,,CHARLOTTE AV,,,,0.00,Y,OTHER, ,Intersection-Related,None,,,         ,Russell,Freeman,Clear,Front to Rear,no,no,no,no,no,False
103433963,METROPOLITAN NASHVILLE POLICE DEPT,20220492912,Davidson,Nashville,9/30/2022 4:39:00 PM,2,1,0,36.155900,-86.789860,I40 E EXT RAMP,,,,0.00,Feet,East,I 40,,,,0.00,N,Not at Intersection,N,Non-Junction,None,,,         ,Dakota,Davis,Clear,Front to Rear,no,no,no,no,no,False
103433965,METROPOLITAN NASHVILLE POLICE DEPT,20220492863,Davidson,Goodlettsville,9/30/2022 4:10:00 PM,2,2,0,36.303870,-86.692610,CONFERENCE DR,,,,0.00,,,THE SHOPPES AT RIVERGATE PVTDR,,,,0.00,Y,T-Intersection,N,"Driveway, Alley Access, etc",None,,,         ,Michael,Enriquez,Clear,Angle,no,no,no,no,no,False
103433981,METROPOLITAN NASHVILLE POLICE DEPT,20220492811,Davidson,Nashville,9/30/2022 3:39:00 PM,2,0,0,36.107850,-86.922390,OLD HICKORY BLVD,,,,6.00,Feet,West,ROCKY LN,,,,0.00,N,Not at Intersection, ,Non-Junction,None,,,         ,Cameron,Van Der Merwe,Clear,HeadOn,no,no,no,no,no,False
103433986,METROPOLITAN NASHVILLE POLICE DEPT,20220492956,Davidson,Nashville,9/30/2022 5:00:00 PM,2,0,0,36.060730,-86.916150,HIGHWAY 100,,,,0.00,,,OLD HICKORY BLVD,,,,0.00,Y,T-Intersection, ,,None,,,         ,Heather,Fox,,,no,no,no,no,no,False
103433988,METROPOLITAN NASHVILLE POLICE DEPT,20220492972,Davidson,Nashville,9/30/2022 1:37:00 PM,2,0,0,36.142490,-86.680810,I 40,,,,0.00,,,,,,,215.80,N,Not at Intersection,N,Non-Junction,None,,,         ,Brandon,Chapman,Clear,Front to Rear,no,no,no,no,no,False
103433992,METROPOLITAN NASHVILLE POLICE DEPT,20220492838,Davidson,Nashville,9/30/2022 3:20:00 PM,2,0,0,36.153920,-86.763080,I24 W ENT RAMP,,,,0.00,,East,I 40,,,,0.00,N,Not at Intersection,Y,Non-Junction,None,,,         ,Jonas,Elias,Clear,"Sideswipe, Same Direction",no,no,no,no,yes,False
103433993,METROPOLITAN NASHVILLE POLICE DEPT,20220492847,Davidson,Nashville,9/30/2022 4:01:00 PM,1,1,0,36.188160,-86.745850,GRANADA AV,,,,165.00,Feet,East,GALLATIN AV,,,,0.00,N,Not at Intersection,N,Non-Junction,None,,,         ,Daniel,Carney,Clear,Not Collision with Motor Vehicle in Transport,yes,no,no,yes,no,False
103433994,METROPOLITAN NASHVILLE POLICE DEPT,20220492997,Davidson,Antioch,9/30/2022 5:46:00 PM,2,1,0,36.064830,-86.622330,HAMILTON CHURCH RD,,,,66.00,Feet,West,OWENDALE DR,,,,0.00,N,Not at Intersection,N,Non-Junction,None,,,         ,Brandon,Simpkins,Clear,Front to Rear,no,no,no,no,no,False
103434008,METROPOLITAN NASHVILLE POLICE DEPT,20220492999,Davidson,Nashville,9/30/2022 5:45:00 PM,2,1,0,36.140570,-86.723460,I 40,,,,0.00,,,,,,,213.55,N,Not at Intersection,N,Non-Junction,None,,,         ,Dylan,Colquhoun,Clear,Front to Rear,no,no,no,no,no,False
103434020,METROPOLITAN NASHVILLE POLICE DEPT,20220490770,Davidson,Nashville,9/30/2022 3:00:00 PM,2,0,0,36.169240,-86.779590,GAY ST,,,,0.00,,,2ND AVN,,,,0.00,Y,Four-Way, ,,None,,,         ,Russell,Freeman,,,no,no,no,no,no,False
103434045,METROPOLITAN NASHVILLE POLICE DEPT,20220493049,Davidson,Nashville,9/30/2022 6:23:00 PM,2,0,0,36.152720,-86.846030,49TH AVN,,,,240.00,Feet,North,CHARLOTTE AV,,,,0.00,N,Not at Intersection, ,Non-Junction,None,,,         ,Ryan,Thomas,Clear,Angle,no,no,no,yes,no,False
103434066,METROPOLITAN NASHVILLE POLICE DEPT,20220492850,Davidson,Nashville,9/30/2022 3:38:00 PM,2,0,0,36.249190,-86.734460,DUE WEST AVW,,,,0.00,,,S GRAYCROFT AV,,,,0.00,Y,Four-Way,N,Intersection,None,,,         ,Angel,Vidrios,Clear,HeadOn,no,no,no,no,no,False
103434067,METROPOLITAN NASHVILLE POLICE DEPT,20220493017,Davidson,Nashville,9/30/2022 6:00:00 PM,2,1,0,36.183500,-86.610760,OLD HICKORY BLVD,,,,0.00,,,DODSON CHAPEL RD,,,,0.00,Y,Four-Way,N,Intersection,None,,,         ,Zachary,Aldrich,Clear,HeadOn,no,no,no,no,no,False
103434072,METROPOLITAN NASHVILLE POLICE DEPT,20220493073,Davidson,Antioch,9/30/2022 6:43:00 PM,2,1,0,36.030000,-86.592340,MURFREESBORO PKE,,,,24.00,Feet,North,HURRICANE CREEK BLVD,,,,0.00,N,Not at Intersection,N,Non-Junction,None,,,         ,Brandon,Simpkins,Clear,Angle,no,no,no,no,no,False
103434075,METROPOLITAN NASHVILLE POLICE DEPT,20220492830,Davidson,Nashville,9/30/2022 3:50:00 PM,1,1,0,36.150200,-86.780860,DIVISION ST,,,,170.00,Feet,East,9TH AVS,,,,0.00,,Not at Intersection,N,OtherLocation,None,,,         ,Russell,Freeman,Clear,Not Collision with Motor Vehicle in Transport,no,yes,no,no,no,False
103434076,METROPOLITAN NASHVILLE POLICE DEPT,20220492965,Davidson,Nashville,9/30/2022 5:10:00 PM,2,0,0,36.196930,-86.776800,BRICK CHURCH PKE,,,,432.00,Feet,South,BESSIE AV,,,,0.00,N,Not at Intersection,N,Non-Junction,None,,,         ,Tyler,Edwards,Clear,Front to Rear,no,no,no,no,yes,False
103434092,METROPOLITAN NASHVILLE POLICE DEPT,20220492848,Davidson,Nashville,9/30/2022 4:01:00 PM,1,1,0,36.132400,-86.719120,MURFREESBORO PKE,,,,62.00,Feet,East,WILHAGAN RD,,,,0.00,N,Not at Intersection,N,Non-Junction,None,,,         ,Parker,Vegas,Clear,Not Collision with Motor Vehicle in Transport,no,no,no,no,yes,False
103434093,METROPOLITAN NASHVILLE POLICE DEPT,20220493003,Davidson,Nashville,9/30/2022 5:00:00 PM,2,0,0,36.104330,-86.766720,I 65,,,,0.00,,,,,,,79.40,N,Not at Intersection,N,Non-Junction,None,,,         ,Flynn,Ireland,Clear,Front to Rear,no,no,no,no,no,False
103434097,METROPOLITAN NASHVILLE POLICE DEPT,20220493020,Davidson,Nashville,9/30/2022 6:03:00 PM,2,2,0,36.215050,-86.593520,LEBANON PKE,,,,1225.00,Feet,East,ANDREW JACKSON PKWY,,,,0.00,N,Not at Intersection,N,Non-Junction,None,,,         ,Zacarias,Brito Jr.,Clear,HeadOn,no,no,no,no,no,False
103434103,METROPOLITAN NASHVILLE POLICE DEPT,20220493014,Davidson,Nashville,9/30/2022 5:45:00 PM,3,1,0,36.151530,-86.852320,CHARLOTTE AV,,,,68.00,Feet,West,MORROW RD,,,,0.00,N,Not at Intersection,N,Non-Junction,None,,,         ,Mark,Lemieux,Clear,"Sideswipe, Same Direction",no,no,no,no,no,False
103434106,METROPOLITAN NASHVILLE POLICE DEPT,20220493070,Davidson,Nashville,9/30/2022 6:39:00 PM,2,0,0,36.182400,-86.799330,I 65,,,,0.00,,,,,,,86.00,N,Not at Intersection, ,Non-Junction,None,,,         ,Michael,Esposito,Clear,Front to Rear,no,no,no,no,no,False
103434110,METROPOLITAN NASHVILLE POLICE DEPT,20220493116,Davidson,Nashville,9/30/2022 6:05:00 PM,2,2,0,36.144580,-86.813140,WEST END AV,,,,0.00,,,29TH AVN,,,,0.00,Y,Four-Way,N,Intersection,None,,,         ,Cory,Stratton,Clear,Angle,no,no,no,no,no,Campus
103434143,METROPOLITAN NASHVILLE POLICE DEPT,20220493231,Davidson,Nashville,9/30/2022 7:15:00 PM,2,0,0,36.087470,-86.692120,HARDING PL,,,,29.00,Feet,East,ANTIOCH PKE,,,,0.00,N,Not at Intersection, ,Non-Junction,None,,,         ,Jennifer,Liquori,Clear,Angle,no,no,no,no,yes,False
103434214,METROPOLITAN NASHVILLE POLICE DEPT,20220493209,Davidson,Nashville,9/30/2022 7:50:00 PM,2,0,0,36.044090,-86.607820,MURFREESBORO PKE,,,,568.00,Feet,South,MOUNTAIN SPRINGS RD,,,,0.00,N,Not at Intersection, ,Non-Junction,None,,,         ,Andre,Williams,Clear,Front to Rear,no,no,no,no,no,False
103434226,METROPOLITAN NASHVILLE POLICE DEPT,20220493034,Davidson,Nashville,9/30/2022 5:34:00 PM,2,0,0,36.112450,-86.922720,I40 W EXT RAMP,,,,6.00,Feet,East,I 40,,,,0.00,N,Not at Intersection, ,Non-Junction,None,,,         ,Cameron,Van Der Merwe,Clear,Front to Rear,no,no,no,no,no,False
103434229,METROPOLITAN NASHVILLE POLICE DEPT,20220493255,Davidson,Nashville,9/30/2022 4:10:00 PM,2,1,0,36.215140,-86.600730,LEBANON PKE,,,,427.00,Feet,North,ANDREW JACKSON PKWY,,,,0.00,N,Not at Intersection,N,Non-Junction,None,,,         ,Evan,Grace,Clear,Angle,no,no,no,no,yes,False
103434236,METROPOLITAN NASHVILLE POLICE DEPT,20220492824,Davidson,Nashville,9/30/2022 3:45:00 PM,2,1,0,36.044920,-86.659720,I24 E ENT RAMP,,,,0.00,,,I 24,,,,0.00,Y,Four-Way,N,Intersection,None,,,         ,Keith,Parlato,Clear,Angle,no,no,no,no,no,False
103434245,METROPOLITAN NASHVILLE POLICE DEPT,20220493068,Davidson,Nashville,9/30/2022 6:19:00 PM,2,1,0,36.155740,-86.789790,14TH AVN,,,,41.00,Feet,North,I40 E EXT RAMP,,,,0.00,N,Not at Intersection,N,Non-Junction,None,,,         ,Dakota,Davis,Clear,Angle,no,no,no,no,no,False
103434246,METROPOLITAN NASHVILLE POLICE DEPT,20220493304,Davidson,Nashville,9/30/2022 4:18:00 PM,2,0,0,36.147100,-86.774890,BASS ST,,,,0.00,,,,,,,0.00,,,N,Non-Junction,None,,,         ,Dakota,Davis,Clear,Angle,no,no,no,no,yes,False
103434247,METROPOLITAN NASHVILLE POLICE DEPT,20220493058,Davidson,Nashville,9/30/2022 5:30:00 PM,2,0,0,36.165440,-86.820190,28TH AVN,,,,62.00,Feet,South,ALAMEDA ST,,,,0.00,N,Not at Intersection,N,Non-Junction,None,,,         ,Robert,Laboy,Clear,Angle,no,no,no,no,yes,False
103434277,METROPOLITAN NASHVILLE POLICE DEPT,20220492782,Davidson,Nashville,9/30/2022 2:57:00 PM,2,0,0,36.114750,-86.786680,BATTLEFIELD DR,,,,0.00,,,LEALAND LN,,,,0.00,Y,OTHER, ,Non-Junction,None,,,         ,Brady,Reynolds,Clear,Front to Rear,no,no,no,no,no,False
103434278,METROPOLITAN NASHVILLE POLICE DEPT,20220492825,Davidson,Nashville,9/30/2022 2:33:00 PM,3,0,0,36.121620,-86.754430,I440 E EXT RAMP,,,,0.00,,,I 440,,,,0.00,Y,OTHER,N,Non-Junction,None,,,         ,Brady,Reynolds,Clear,Front to Rear,no,no,no,no,no,False
103434289,METROPOLITAN NASHVILLE POLICE DEPT,20220493295,Davidson,Nashville,9/30/2022 7:50:00 PM,2,0,0,36.046700,-86.654290,HICKORY HOLLOW LN,,,,154.00,Feet,East,HICKORY HOLLOW PKWY,,,,0.00,N,Not at Intersection, ,Non-Junction,None,,,         ,Corey,Schulz,Clear,"Sideswipe, Same Direction",no,no,no,no,no,False
103434320,METROPOLITAN NASHVILLE POLICE DEPT,20220493461,Davidson,Nashville,9/30/2022 10:32:00 PM,1,1,0,36.231130,-86.700150,BRILEY PKWYS,,,,231.00,Feet,South,BRILEY PKWYN,,,,0.00,N,Not at Intersection,N,Non-Junction,None,,,         ,Evan,Grace,Clear,Not Collision with Motor Vehicle in Transport,no,no,no,no,no,False
103434334,METROPOLITAN NASHVILLE POLICE DEPT,20220493323,Davidson,Nashville,9/30/2022 9:23:00 PM,1,1,0,36.173150,-86.764520,MAIN ST,,,,190.00,Feet,West,YEAMAN PL,,,,0.00,N,Not at Intersection,N,Non-Junction,None,,,         ,Ronald,Conner,Clear,Not Collision with Motor Vehicle in Transport,yes,no,no,no,no,False
103434335,METROPOLITAN NASHVILLE POLICE DEPT,20220493139,Davidson,Nashville,9/30/2022 7:20:00 PM,2,1,0,36.141980,-86.815040,31ST AVS,,,,259.00,Feet,South,WEST END AV,,,,0.00,N,Not at Intersection,N,Non-Junction,None,,,         ,Flynn,Ireland,Clear,Front to Rear,no,no,no,no,no,Campus
103434339,METROPOLITAN NASHVILLE POLICE DEPT,20220493380,Davidson,Nashville,9/30/2022 7:58:00 PM,2,0,0,36.215040,-86.590240,LEBANON PKE,,,,526.00,Feet,West,ANDREW JACKSON PKWY,,,,0.00,N,Not at Intersection,N,Non-Junction,None,,,         ,Zacarias,Brito Jr.,Clear,Angle,no,no,no,no,yes,False
103434342,METROPOLITAN NASHVILLE POLICE DEPT,20220493303,Davidson,Nashville,9/30/2022 12:00:00 AM,1,2,0,36.165030,-86.697820,LEBANON PKE,,,,9.00,Feet,South,MILL CREEK MEADOW DR,,,,0.00,N,Not at Intersection,N,Non-Junction,None,,,         ,Jacob,Snyder,Cloudy,Not Collision with Motor Vehicle in Transport,no,no,no,no,no,False
103434389,METROPOLITAN NASHVILLE POLICE DEPT,20220493170,Davidson,Nashville,9/30/2022 7:32:00 PM,2,0,0,36.096310,-86.924560,OLD HICKORY BLVD,,,,416.00,Feet,South,RIDGELAKE PKWY,,,,0.00,N,Not at Intersection,N,Non-Junction,None,,,         ,Robert,Higgins,Clear,Not Collision with Motor Vehicle in Transport,no,no,no,no,no,False
103434407,METROPOLITAN NASHVILLE POLICE DEPT,20220493605,Davidson,Nashville,9/30/2022 12:00:00 AM,2,0,0,36.057370,-86.658780,WINTON DR,,,,233.00,Feet,North,HIGHLANDER DR,,,,0.00,N,Not at Intersection, ,,None,,,         ,John,Braxton,,,no,no,no,no,no,False
103434408,METROPOLITAN NASHVILLE POLICE DEPT,20220493467,Davidson,Nashville,9/30/2022 12:00:00 AM,2,0,0,36.237420,-86.730930,BRILEY PKWYW,,,,277.00,Feet,East,SAUNDERS AV,,,,0.00,N,Not at Intersection, ,Entrance/Exit Ramp Related,None,,,         ,Thomas,Denenea,Clear,"Sideswipe, Same Direction",no,no,no,no,no,False
103434412,METROPOLITAN NASHVILLE POLICE DEPT,20220493563,Davidson,Nashville,9/30/2022 10:30:00 PM,2,0,0,36.112140,-86.921510,I 40,,,,0.00,,,,,,,199.40,N,Not at Intersection, ,Non-Junction,None,,,         ,Nicholaus,George,Clear,Front to Rear,no,no,no,no,yes,False
103434415,METROPOLITAN NASHVILLE POLICE DEPT,20220493354,Davidson,Nashville,9/30/2022 8:40:00 PM,2,0,0,36.106780,-86.922280,OLD HICKORY BLVD,,,,135.00,Feet,North,TOLBERT RD,,,,0.00,N,Not at Intersection,N,Non-Junction,None,,,         ,Fady,Aziz,Clear,Front to Rear,no,no,no,no,yes,False
103434421,METROPOLITAN NASHVILLE POLICE DEPT,20220493644,Davidson,Nashville,9/30/2022 11:55:00 PM,2,2,0,36.071070,-86.723280,NOLENSVILLE PKE,,,,151.00,Feet,South,BASS AV,,,,0.00,N,Not at Intersection,N,Non-Junction,None,,,         ,Adam,Kauffman,Clear,Front to Rear,no,no,no,no,yes,False
103434433,METROPOLITAN NASHVILLE POLICE DEPT,20220493621,Davidson,Nashville,9/30/2022 12:00:00 AM,2,1,0,36.113050,-86.800030,WOODMONT BLVD,,,,0.00,,,BELMONT BLVD,,,,0.00,Y,Four-Way,Y,Intersection,None,,,         ,Clayton,Cox,Clear,Angle,no,no,no,no,no,False
103434475,METROPOLITAN NASHVILLE POLICE DEPT,20220493667,Davidson,Nashville,9/30/2022 11:53:00 PM,1,0,0,36.215140,-86.601570,LEBANON PKE,,,,534.00,Feet,North,SHUTE LN,,,,0.00,N,Not at Intersection,N,Non-Junction,None,,,         ,Torry,Hill,Clear,Not Collision with Motor Vehicle in Transport,no,no,no,no,yes,False
103434492,METROPOLITAN NASHVILLE POLICE DEPT,20220493340,Davidson,Nashville,9/30/2022 6:54:00 PM,2,0,0,36.153260,-86.625270,STEWARTS FERRY PKE,,,,259.00,Feet,South,PERCY PRIEST DR,,,,0.00,N,Not at Intersection,N,Non-Junction,None,,,         ,Jacob,Yore,Clear,"Sideswipe, Opposite Direction",no,no,no,no,no,False
103434518,METROPOLITAN NASHVILLE POLICE DEPT,20220493585,Davidson,Nashville,9/30/2022 11:20:00 PM,3,0,0,36.133420,-86.727120,I 24,,,,0.00,,,,,,,51.05,N,Not at Intersection, ,Non-Junction,None,,,         ,Jason,Lyons,Clear,"Sideswipe, Same Direction",no,no,no,no,no,False
103434575,METROPOLITAN NASHVILLE POLICE DEPT,20220493718,Davidson,Nashville,9/30/2022 11:00:00 PM,2,0,0,36.188050,-86.764230,LISCHEY AV,,,,41.00,Feet,North,VAUGHN ST,,,,0.00,N,Not at Intersection,N,Non-Junction,None,,,         ,Bobby,Ehman,Clear,Front to Rear,no,no,no,no,yes,False
103434624,Metro Park Police,20220492495,Davidson,Nashville,9/30/2022 10:30:00 AM,2,0,0,36.147570,-86.820700,PARK PLZ,,,,17.00,Feet,East,OMAN ST,,,,0.00,N,Not at Intersection, ,Non-Junction,None,,,         ,Elgrine,"Kirby, Jr.",Clear,"Sideswipe, Same Direction",no,no,no,yes,yes,False
103434660,GOODLETTSVILLE POLICE DEPT,22-30003,Davidson,Goodlettsville,9/30/2022 4:50:00 PM,2,0,0,36.324760,-86.702390,NORTHGATE DR,,,,12.00,Feet,South,LONG HOLLOW PKE,,,,0.00,N,Not at Intersection, ,Non-Junction,None,,,         ,Donald,Brinton,Clear,Angle,no,no,no,no,no,False
103434741,METROPOLITAN NASHVILLE POLICE DEPT,20220494096,Davidson,Nashville,9/29/2022 12:00:00 AM,2,0,0,36.207560,-86.781120,W TRINITY LN,,,,287.00,Feet,North,SCRUGGS LN,,,,0.00,N,Not at Intersection,N,Non-Junction,None,,,         ,Ryan,Caulfield,Unknown,"Sideswipe, Same Direction",no,no,no,yes,yes,False
103435111,VANDERBILT UNIVERSITY POLICE,20220492827,Davidson,Nashville,9/30/2022 3:29:00 PM,2,0,0,36.141270,-86.812000,VANDERBILT PL,,,,0.00,,,,,,,0.00,,, ,Non-Junction,None,,,         ,Wintrust,Paul,,"Sideswipe, Same Direction",no,no,no,yes,no,Campus
103435544,THP District 3 - Nashville,322080892,Davidson,Nashville,9/30/2022 10:38:00 AM,2,0,0,36.169550,-86.600980,OLD HICKORY BLVD,,,,0.00,,,I40 E ENT RAMP,,,,0.00,Y,Four-Way, ,Intersection-Related,None,,,         ,Brandon,Hart,Clear,Angle,no,no,no,no,no,False
103436067,THP District 3 - Nashville,322080885,Davidson,Nashville,9/30/2022 10:11:00 AM,4,2,0,36.148730,-86.745940,I 40,,,,0.00,,,,,,,211.85,N,Not at Intersection,N,Non-Junction,None,,,         ,Lennart,Schaaf,Clear,Front to Rear,no,no,no,no,no,False
103436068,THP District 3 - Nashville,322080921,Davidson,Nashville,9/30/2022 12:15:00 PM,2,1,0,36.150590,-86.749370,I 40,,,,0.00,,,,,,,211.65,N,Not at Intersection,N,Non-Junction,None,,,         ,Lennart,Schaaf,Clear,Front to Rear,no,no,no,no,no,False
103436282,WILLIAMSON CO SHERIFFS OFFICE,2221391,Davidson,Not in City Limit,9/25/2022 12:50:00 AM,2,0,0,36.030160,-86.951800,TEMPLE RD,,,,4.00,Feet,North,SNEED RDW,,,,0.00,N,Not at Intersection,N,Unknown,None,,,         ,James,Davison,Clear,Other,no,no,no,no,no,False
103436475,THP District 3 - Nashville,322080306,Davidson,Nashville,9/28/2022 12:00:00 AM,2,0,0,36.055740,-86.675480,I 24,,,,0.00,,,,,,,58.25,N,Not at Intersection, ,,Construction Zone,,,         ,Eric,Bihembo,,,no,no,no,no,no,False
103436587,THP District 3 - Nashville,322078846,Davidson,Nashville,9/23/2022 10:40:00 PM,1,0,0,36.038990,-86.782580,OLD HICKORY BLVD,,,,0.00,,,I65 N EXT RAMP,,,,0.00,Y,OTHER,N,Non-Junction,None,,,         ,Reggie,Edge Jr,Clear,Not Collision with Motor Vehicle in Transport,no,no,no,no,no,False
103436678,GOODLETTSVILLE POLICE DEPT,22-29902,Davidson,Goodlettsville,9/29/2022 3:20:00 PM,2,0,0,36.314740,-86.696930,WINDSOR GREEN BLVD,,,,61.00,Feet,East,STATE AUTO BLVD,,,,0.00,N,Not at Intersection,N,Non-Junction,None,,,         ,George,Forbes,Clear,HeadOn,no,no,no,no,no,False
103438579,THP District 3 - Nashville,322081127,Davidson,Nashville,9/30/2022 8:17:00 PM,2,0,0,36.140260,-86.887200,I 40,,,,0.00,,,,,,,202.00,N,Not at Intersection, ,Non-Junction,None,,,         ,Jennifer,Hicks,Clear,"Sideswipe, Same Direction",no,no,no,no,yes,False
103438789,METROPOLITAN NASHVILLE POLICE DEPT,20220502062,Davidson,Nashville,9/25/2022 4:45:00 PM,2,0,0,36.188740,-86.729160,PORTER RD,,,,2.00,Feet,South,GREENWOOD AV,,,,0.00,N,Not at Intersection, ,Non-Junction,None,,,         ,Jerre,Fly,Unknown,Other,no,no,no,yes,yes,False
103446126,TENNESSEE STATE UNIVERSITY ,22-TSU-30244,Davidson,Nashville,9/25/2022 11:13:00 PM,2,0,0,36.162680,-86.830290,CLARE AV,,,,0.00,,,ALBION ST,,,,0.00,Y,OTHER, ,Non-Junction,None,,,         ,Christopher,Brooks,Clear,Rear to Side,no,no,no,yes,no,False
103453612,METROPOLITAN NASHVILLE POLICE DEPT,20220493573,Davidson,Nashville,9/30/2022 11:16:00 PM,2,1,0,36.048040,-86.713580,NOLENSVILLE PKE,,,,275.00,Feet,South,HICKORYVIEW DR,,,,0.00,N,Not at Intersection,N,Non-Junction,None,,,         ,Dillon,Deleacaes,Clear,Angle,no,no,no,no,no,False